sequence,tx_ns,rx_ns,latency_ns
1,200000000,200020458,20458
2,200050000,200070458,20458
3,200100000,200120458,20458
4,200150000,200170458,20458
5,200200000,200220458,20458
6,200250000,200270458,20458
7,200300000,200320458,20458
8,200350000,200370458,20458
9,200400000,200420458,20458
10,200450000,200470458,20458
11,200500000,200520458,20458
12,200550000,200570458,20458
13,200600000,200620458,20458
14,200650000,200670458,20458
15,200700000,200720458,20458
16,200750000,200770458,20458
17,200800000,200820458,20458
18,200850000,200870458,20458
19,200900000,200920458,20458
20,200950000,200970458,20458
21,201000000,201020458,20458
22,201050000,201070458,20458
23,201100000,201120458,20458
24,201150000,201170458,20458
25,201200000,201220458,20458
26,201250000,201270458,20458
27,201300000,201320458,20458
28,201350000,201370458,20458
29,201400000,201420458,20458
30,201450000,201470458,20458
31,201500000,201520458,20458
32,201550000,201570458,20458
33,201600000,201620458,20458
34,201650000,201670458,20458
35,201700000,201720458,20458
36,201750000,201770458,20458
37,201800000,201820458,20458
38,201850000,201870458,20458
39,201900000,201920458,20458
40,201950000,201970458,20458
41,202000000,202020458,20458
42,202050000,202070458,20458
43,202100000,202120458,20458
44,202150000,202170458,20458
45,202200000,202220458,20458
46,202250000,202270458,20458
47,202300000,202320458,20458
48,202350000,202370458,20458
49,202400000,202420458,20458
50,202450000,202470458,20458
51,202500000,202520458,20458
52,202550000,202570458,20458
53,202600000,202620458,20458
54,202650000,202670458,20458
55,202700000,202720458,20458
56,202750000,202770458,20458
57,202800000,202820458,20458
58,202850000,202870458,20458
59,202900000,202920458,20458
60,202950000,202970458,20458
61,203000000,203020458,20458
62,203050000,203070458,20458
63,203100000,203120458,20458
64,203150000,203170458,20458
65,203200000,203220458,20458
66,203250000,203270458,20458
67,203300000,203320458,20458
68,203350000,203370458,20458
69,203400000,203420458,20458
70,203450000,203470458,20458
71,203500000,203520458,20458
72,203550000,203570458,20458
73,203600000,203620458,20458
74,203650000,203670458,20458
75,203700000,203720458,20458
76,203750000,203770458,20458
77,203800000,203820458,20458
78,203850000,203870458,20458
79,203900000,203920458,20458
80,203950000,203970458,20458
81,204000000,204020458,20458
82,204050000,204070458,20458
83,204100000,204120458,20458
84,204150000,204170458,20458
85,204200000,204220458,20458
86,204250000,204270458,20458
87,204300000,204320458,20458
88,204350000,204370458,20458
89,204400000,204420458,20458
90,204450000,204470458,20458
91,204500000,204520458,20458
92,204550000,204570458,20458
93,204600000,204620458,20458
94,204650000,204670458,20458
95,204700000,204720458,20458
96,204750000,204770458,20458
97,204800000,204820458,20458
98,204850000,204870458,20458
99,204900000,204920458,20458
100,204950000,204970458,20458
101,205000000,205020458,20458
102,205050000,205070458,20458
103,205100000,205120458,20458
104,205150000,205170458,20458
105,205200000,205220458,20458
106,205250000,205270458,20458
107,205300000,205320458,20458
108,205350000,205370458,20458
109,205400000,205420458,20458
110,205450000,205470458,20458
111,205500000,205520458,20458
112,205550000,205570458,20458
113,205600000,205620458,20458
114,205650000,205670458,20458
115,205700000,205720458,20458
116,205750000,205770458,20458
117,205800000,205820458,20458
118,205850000,205870458,20458
119,205900000,205920458,20458
120,205950000,205970458,20458
121,206000000,206020458,20458
122,206050000,206070458,20458
123,206100000,206120458,20458
124,206150000,206170458,20458
125,206200000,206220458,20458
126,206250000,206270458,20458
127,206300000,206320458,20458
128,206350000,206370458,20458
129,206400000,206420458,20458
130,206450000,206470458,20458
131,206500000,206520458,20458
132,206550000,206570458,20458
133,206600000,206620458,20458
134,206650000,206670458,20458
135,206700000,206720458,20458
136,206750000,206770458,20458
137,206800000,206820458,20458
138,206850000,206870458,20458
139,206900000,206920458,20458
140,206950000,206970458,20458
141,207000000,207020458,20458
142,207050000,207070458,20458
143,207100000,207120458,20458
144,207150000,207170458,20458
145,207200000,207220458,20458
146,207250000,207270458,20458
147,207300000,207320458,20458
148,207350000,207370458,20458
149,207400000,207420458,20458
150,207450000,207470458,20458
151,207500000,207520458,20458
152,207550000,207570458,20458
153,207600000,207620458,20458
154,207650000,207670458,20458
155,207700000,207720458,20458
156,207750000,207770458,20458
157,207800000,207820458,20458
158,207850000,207870458,20458
159,207900000,207920458,20458
160,207950000,207970458,20458
161,208000000,208020458,20458
162,208050000,208070458,20458
163,208100000,208120458,20458
164,208150000,208170458,20458
165,208200000,208220458,20458
166,208250000,208270458,20458
167,208300000,208320458,20458
168,208350000,208370458,20458
169,208400000,208420458,20458
170,208450000,208470458,20458
171,208500000,208520458,20458
172,208550000,208570458,20458
173,208600000,208620458,20458
174,208650000,208670458,20458
175,208700000,208720458,20458
176,208750000,208770458,20458
177,208800000,208820458,20458
178,208850000,208870458,20458
179,208900000,208920458,20458
180,208950000,208970458,20458
181,209000000,209020458,20458
182,209050000,209070458,20458
183,209100000,209120458,20458
184,209150000,209170458,20458
185,209200000,209220458,20458
186,209250000,209270458,20458
187,209300000,209320458,20458
188,209350000,209370458,20458
189,209400000,209420458,20458
190,209450000,209470458,20458
191,209500000,209520458,20458
192,209550000,209570458,20458
193,209600000,209620458,20458
194,209650000,209670458,20458
195,209700000,209720458,20458
196,209750000,209770458,20458
197,209800000,209820458,20458
198,209850000,209870458,20458
199,209900000,209920458,20458
200,209950000,209970458,20458
201,210000000,210020458,20458
202,210050000,210070458,20458
203,210100000,210120458,20458
204,210150000,210170458,20458
205,210200000,210220458,20458
206,210250000,210270458,20458
207,210300000,210320458,20458
208,210350000,210370458,20458
209,210400000,210420458,20458
210,210450000,210470458,20458
211,210500000,210520458,20458
212,210550000,210570458,20458
213,210600000,210620458,20458
214,210650000,210670458,20458
215,210700000,210720458,20458
216,210750000,210770458,20458
217,210800000,210820458,20458
218,210850000,210870458,20458
219,210900000,210920458,20458
220,210950000,210970458,20458
221,211000000,211020458,20458
222,211050000,211070458,20458
223,211100000,211120458,20458
224,211150000,211170458,20458
225,211200000,211220458,20458
226,211250000,211270458,20458
227,211300000,211320458,20458
228,211350000,211370458,20458
229,211400000,211420458,20458
230,211450000,211470458,20458
231,211500000,211520458,20458
232,211550000,211570458,20458
233,211600000,211620458,20458
234,211650000,211670458,20458
235,211700000,211720458,20458
236,211750000,211770458,20458
237,211800000,211820458,20458
238,211850000,211870458,20458
239,211900000,211920458,20458
240,211950000,211970458,20458
241,212000000,212020458,20458
242,212050000,212070458,20458
243,212100000,212120458,20458
244,212150000,212170458,20458
245,212200000,212220458,20458
246,212250000,212270458,20458
247,212300000,212320458,20458
248,212350000,212370458,20458
249,212400000,212420458,20458
250,212450000,212470458,20458
251,212500000,212520458,20458
252,212550000,212570458,20458
253,212600000,212620458,20458
254,212650000,212670458,20458
255,212700000,212720458,20458
256,212750000,212770458,20458
257,212800000,212820458,20458
258,212850000,212870458,20458
259,212900000,212920458,20458
260,212950000,212970458,20458
261,213000000,213020458,20458
262,213050000,213070458,20458
263,213100000,213120458,20458
264,213150000,213170458,20458
265,213200000,213220458,20458
266,213250000,213270458,20458
267,213300000,213320458,20458
268,213350000,213370458,20458
269,213400000,213420458,20458
270,213450000,213470458,20458
271,213500000,213520458,20458
272,213550000,213570458,20458
273,213600000,213620458,20458
274,213650000,213670458,20458
275,213700000,213720458,20458
276,213750000,213770458,20458
277,213800000,213820458,20458
278,213850000,213870458,20458
279,213900000,213920458,20458
280,213950000,213970458,20458
281,214000000,214020458,20458
282,214050000,214070458,20458
283,214100000,214120458,20458
284,214150000,214170458,20458
285,214200000,214220458,20458
286,214250000,214270458,20458
287,214300000,214320458,20458
288,214350000,214370458,20458
289,214400000,214420458,20458
290,214450000,214470458,20458
291,214500000,214520458,20458
292,214550000,214570458,20458
293,214600000,214620458,20458
294,214650000,214670458,20458
295,214700000,214720458,20458
296,214750000,214770458,20458
297,214800000,214820458,20458
298,214850000,214870458,20458
299,214900000,214920458,20458
300,214950000,214970458,20458
301,215000000,215020458,20458
302,215050000,215070458,20458
303,215100000,215120458,20458
304,215150000,215170458,20458
305,215200000,215220458,20458
306,215250000,215270458,20458
307,215300000,215320458,20458
308,215350000,215370458,20458
309,215400000,215420458,20458
310,215450000,215470458,20458
311,215500000,215520458,20458
312,215550000,215570458,20458
313,215600000,215620458,20458
314,215650000,215670458,20458
315,215700000,215720458,20458
316,215750000,215770458,20458
317,215800000,215820458,20458
318,215850000,215870458,20458
319,215900000,215920458,20458
320,215950000,215970458,20458
321,216000000,216020458,20458
322,216050000,216070458,20458
323,216100000,216120458,20458
324,216150000,216170458,20458
325,216200000,216220458,20458
326,216250000,216270458,20458
327,216300000,216320458,20458
328,216350000,216370458,20458
329,216400000,216420458,20458
330,216450000,216470458,20458
331,216500000,216520458,20458
332,216550000,216570458,20458
333,216600000,216620458,20458
334,216650000,216670458,20458
335,216700000,216720458,20458
336,216750000,216770458,20458
337,216800000,216820458,20458
338,216850000,216870458,20458
339,216900000,216920458,20458
340,216950000,216970458,20458
341,217000000,217020458,20458
342,217050000,217070458,20458
343,217100000,217120458,20458
344,217150000,217170458,20458
345,217200000,217220458,20458
346,217250000,217270458,20458
347,217300000,217320458,20458
348,217350000,217370458,20458
349,217400000,217420458,20458
350,217450000,217470458,20458
351,217500000,217520458,20458
352,217550000,217570458,20458
353,217600000,217620458,20458
354,217650000,217670458,20458
355,217700000,217720458,20458
356,217750000,217770458,20458
357,217800000,217820458,20458
358,217850000,217870458,20458
359,217900000,217920458,20458
360,217950000,217970458,20458
361,218000000,218020458,20458
362,218050000,218070458,20458
363,218100000,218120458,20458
364,218150000,218170458,20458
365,218200000,218220458,20458
366,218250000,218270458,20458
367,218300000,218320458,20458
368,218350000,218370458,20458
369,218400000,218420458,20458
370,218450000,218470458,20458
371,218500000,218520458,20458
372,218550000,218570458,20458
373,218600000,218620458,20458
374,218650000,218670458,20458
375,218700000,218720458,20458
376,218750000,218770458,20458
377,218800000,218820458,20458
378,218850000,218870458,20458
379,218900000,218920458,20458
380,218950000,218970458,20458
381,219000000,219020458,20458
382,219050000,219070458,20458
383,219100000,219120458,20458
384,219150000,219170458,20458
385,219200000,219220458,20458
386,219250000,219270458,20458
387,219300000,219320458,20458
388,219350000,219370458,20458
389,219400000,219420458,20458
390,219450000,219470458,20458
391,219500000,219520458,20458
392,219550000,219570458,20458
393,219600000,219620458,20458
394,219650000,219670458,20458
395,219700000,219720458,20458
396,219750000,219770458,20458
397,219800000,219820458,20458
398,219850000,219870458,20458
399,219900000,219920458,20458
400,219950000,219970458,20458
401,220000000,220020458,20458
402,220050000,220070458,20458
403,220100000,220120458,20458
404,220150000,220170458,20458
405,220200000,220220458,20458
406,220250000,220270458,20458
407,220300000,220320458,20458
408,220350000,220370458,20458
409,220400000,220420458,20458
410,220450000,220470458,20458
411,220500000,220520458,20458
412,220550000,220570458,20458
413,220600000,220620458,20458
414,220650000,220670458,20458
415,220700000,220720458,20458
416,220750000,220770458,20458
417,220800000,220820458,20458
418,220850000,220870458,20458
419,220900000,220920458,20458
420,220950000,220970458,20458
421,221000000,221020458,20458
422,221050000,221070458,20458
423,221100000,221120458,20458
424,221150000,221170458,20458
425,221200000,221220458,20458
426,221250000,221270458,20458
427,221300000,221320458,20458
428,221350000,221370458,20458
429,221400000,221420458,20458
430,221450000,221470458,20458
431,221500000,221520458,20458
432,221550000,221570458,20458
433,221600000,221620458,20458
434,221650000,221670458,20458
435,221700000,221720458,20458
436,221750000,221770458,20458
437,221800000,221820458,20458
438,221850000,221870458,20458
439,221900000,221920458,20458
440,221950000,221970458,20458
441,222000000,222020458,20458
442,222050000,222070458,20458
443,222100000,222120458,20458
444,222150000,222170458,20458
445,222200000,222220458,20458
446,222250000,222270458,20458
447,222300000,222320458,20458
448,222350000,222370458,20458
449,222400000,222420458,20458
450,222450000,222470458,20458
451,222500000,222520458,20458
452,222550000,222570458,20458
453,222600000,222620458,20458
454,222650000,222670458,20458
455,222700000,222720458,20458
456,222750000,222770458,20458
457,222800000,222820458,20458
458,222850000,222870458,20458
459,222900000,222920458,20458
460,222950000,222970458,20458
461,223000000,223020458,20458
462,223050000,223070458,20458
463,223100000,223120458,20458
464,223150000,223170458,20458
465,223200000,223220458,20458
466,223250000,223270458,20458
467,223300000,223320458,20458
468,223350000,223370458,20458
469,223400000,223420458,20458
470,223450000,223470458,20458
471,223500000,223520458,20458
472,223550000,223570458,20458
473,223600000,223620458,20458
474,223650000,223670458,20458
475,223700000,223720458,20458
476,223750000,223770458,20458
477,223800000,223820458,20458
478,223850000,223870458,20458
479,223900000,223920458,20458
480,223950000,223970458,20458
481,224000000,224020458,20458
482,224050000,224070458,20458
483,224100000,224120458,20458
484,224150000,224170458,20458
485,224200000,224220458,20458
486,224250000,224270458,20458
487,224300000,224320458,20458
488,224350000,224370458,20458
489,224400000,224420458,20458
490,224450000,224470458,20458
491,224500000,224520458,20458
492,224550000,224570458,20458
493,224600000,224620458,20458
494,224650000,224670458,20458
495,224700000,224720458,20458
496,224750000,224770458,20458
497,224800000,224820458,20458
498,224850000,224870458,20458
499,224900000,224920458,20458
500,224950000,224970458,20458
501,225000000,225020458,20458
502,225050000,225070458,20458
503,225100000,225120458,20458
504,225150000,225170458,20458
505,225200000,225220458,20458
506,225250000,225270458,20458
507,225300000,225320458,20458
508,225350000,225370458,20458
509,225400000,225420458,20458
510,225450000,225470458,20458
511,225500000,225520458,20458
512,225550000,225570458,20458
513,225600000,225620458,20458
514,225650000,225670458,20458
515,225700000,225720458,20458
516,225750000,225770458,20458
517,225800000,225820458,20458
518,225850000,225870458,20458
519,225900000,225920458,20458
520,225950000,225970458,20458
521,226000000,226020458,20458
522,226050000,226070458,20458
523,226100000,226120458,20458
524,226150000,226170458,20458
525,226200000,226220458,20458
526,226250000,226270458,20458
527,226300000,226320458,20458
528,226350000,226370458,20458
529,226400000,226420458,20458
530,226450000,226470458,20458
531,226500000,226520458,20458
532,226550000,226570458,20458
533,226600000,226620458,20458
534,226650000,226670458,20458
535,226700000,226720458,20458
536,226750000,226770458,20458
537,226800000,226820458,20458
538,226850000,226870458,20458
539,226900000,226920458,20458
540,226950000,226970458,20458
541,227000000,227020458,20458
542,227050000,227070458,20458
543,227100000,227120458,20458
544,227150000,227170458,20458
545,227200000,227220458,20458
546,227250000,227270458,20458
547,227300000,227320458,20458
548,227350000,227370458,20458
549,227400000,227420458,20458
550,227450000,227470458,20458
551,227500000,227520458,20458
552,227550000,227570458,20458
553,227600000,227620458,20458
554,227650000,227670458,20458
555,227700000,227720458,20458
556,227750000,227770458,20458
557,227800000,227820458,20458
558,227850000,227870458,20458
559,227900000,227920458,20458
560,227950000,227970458,20458
561,228000000,228020458,20458
562,228050000,228070458,20458
563,228100000,228120458,20458
564,228150000,228170458,20458
565,228200000,228220458,20458
566,228250000,228270458,20458
567,228300000,228320458,20458
568,228350000,228370458,20458
569,228400000,228420458,20458
570,228450000,228470458,20458
571,228500000,228520458,20458
572,228550000,228570458,20458
573,228600000,228620458,20458
574,228650000,228670458,20458
575,228700000,228720458,20458
576,228750000,228770458,20458
577,228800000,228820458,20458
578,228850000,228870458,20458
579,228900000,228920458,20458
580,228950000,228970458,20458
581,229000000,229020458,20458
582,229050000,229070458,20458
583,229100000,229120458,20458
584,229150000,229170458,20458
585,229200000,229220458,20458
586,229250000,229270458,20458
587,229300000,229320458,20458
588,229350000,229370458,20458
589,229400000,229420458,20458
590,229450000,229470458,20458
591,229500000,229520458,20458
592,229550000,229570458,20458
593,229600000,229620458,20458
594,229650000,229670458,20458
595,229700000,229720458,20458
596,229750000,229770458,20458
597,229800000,229820458,20458
598,229850000,229870458,20458
599,229900000,229920458,20458
600,229950000,229970458,20458
601,230000000,230020458,20458
602,230050000,230070458,20458
603,230100000,230120458,20458
604,230150000,230170458,20458
605,230200000,230220458,20458
606,230250000,230270458,20458
607,230300000,230320458,20458
608,230350000,230370458,20458
609,230400000,230420458,20458
610,230450000,230470458,20458
611,230500000,230520458,20458
612,230550000,230570458,20458
613,230600000,230620458,20458
614,230650000,230670458,20458
615,230700000,230720458,20458
616,230750000,230770458,20458
617,230800000,230820458,20458
618,230850000,230870458,20458
619,230900000,230920458,20458
620,230950000,230970458,20458
621,231000000,231020458,20458
622,231050000,231070458,20458
623,231100000,231120458,20458
624,231150000,231170458,20458
625,231200000,231220458,20458
626,231250000,231270458,20458
627,231300000,231320458,20458
628,231350000,231370458,20458
629,231400000,231420458,20458
630,231450000,231470458,20458
631,231500000,231520458,20458
632,231550000,231570458,20458
633,231600000,231620458,20458
634,231650000,231670458,20458
635,231700000,231720458,20458
636,231750000,231770458,20458
637,231800000,231820458,20458
638,231850000,231870458,20458
639,231900000,231920458,20458
640,231950000,231970458,20458
641,232000000,232020458,20458
642,232050000,232070458,20458
643,232100000,232120458,20458
644,232150000,232170458,20458
645,232200000,232220458,20458
646,232250000,232270458,20458
647,232300000,232320458,20458
648,232350000,232370458,20458
649,232400000,232420458,20458
650,232450000,232470458,20458
651,232500000,232520458,20458
652,232550000,232570458,20458
653,232600000,232620458,20458
654,232650000,232670458,20458
655,232700000,232720458,20458
656,232750000,232770458,20458
657,232800000,232820458,20458
658,232850000,232870458,20458
659,232900000,232920458,20458
660,232950000,232970458,20458
661,233000000,233020458,20458
662,233050000,233070458,20458
663,233100000,233120458,20458
664,233150000,233170458,20458
665,233200000,233220458,20458
666,233250000,233270458,20458
667,233300000,233320458,20458
668,233350000,233370458,20458
669,233400000,233420458,20458
670,233450000,233470458,20458
671,233500000,233520458,20458
672,233550000,233570458,20458
673,233600000,233620458,20458
674,233650000,233670458,20458
675,233700000,233720458,20458
676,233750000,233770458,20458
677,233800000,233820458,20458
678,233850000,233870458,20458
679,233900000,233920458,20458
680,233950000,233970458,20458
681,234000000,234020458,20458
682,234050000,234070458,20458
683,234100000,234120458,20458
684,234150000,234170458,20458
685,234200000,234220458,20458
686,234250000,234270458,20458
687,234300000,234320458,20458
688,234350000,234370458,20458
689,234400000,234420458,20458
690,234450000,234470458,20458
691,234500000,234520458,20458
692,234550000,234570458,20458
693,234600000,234620458,20458
694,234650000,234670458,20458
695,234700000,234720458,20458
696,234750000,234770458,20458
697,234800000,234820458,20458
698,234850000,234870458,20458
699,234900000,234920458,20458
700,234950000,234970458,20458
701,235000000,235020458,20458
702,235050000,235070458,20458
703,235100000,235120458,20458
704,235150000,235170458,20458
705,235200000,235220458,20458
706,235250000,235270458,20458
707,235300000,235320458,20458
708,235350000,235370458,20458
709,235400000,235420458,20458
710,235450000,235470458,20458
711,235500000,235520458,20458
712,235550000,235570458,20458
713,235600000,235620458,20458
714,235650000,235670458,20458
715,235700000,235720458,20458
716,235750000,235770458,20458
717,235800000,235820458,20458
718,235850000,235870458,20458
719,235900000,235920458,20458
720,235950000,235970458,20458
721,236000000,236020458,20458
722,236050000,236070458,20458
723,236100000,236120458,20458
724,236150000,236170458,20458
725,236200000,236220458,20458
726,236250000,236270458,20458
727,236300000,236320458,20458
728,236350000,236370458,20458
729,236400000,236420458,20458
730,236450000,236470458,20458
731,236500000,236520458,20458
732,236550000,236570458,20458
733,236600000,236620458,20458
734,236650000,236670458,20458
735,236700000,236720458,20458
736,236750000,236770458,20458
737,236800000,236820458,20458
738,236850000,236870458,20458
739,236900000,236920458,20458
740,236950000,236970458,20458
741,237000000,237020458,20458
742,237050000,237070458,20458
743,237100000,237120458,20458
744,237150000,237170458,20458
745,237200000,237220458,20458
746,237250000,237270458,20458
747,237300000,237320458,20458
748,237350000,237370458,20458
749,237400000,237420458,20458
750,237450000,237470458,20458
751,237500000,237520458,20458
752,237550000,237570458,20458
753,237600000,237620458,20458
754,237650000,237670458,20458
755,237700000,237720458,20458
756,237750000,237770458,20458
757,237800000,237820458,20458
758,237850000,237870458,20458
759,237900000,237920458,20458
760,237950000,237970458,20458
761,238000000,238020458,20458
762,238050000,238070458,20458
763,238100000,238120458,20458
764,238150000,238170458,20458
765,238200000,238220458,20458
766,238250000,238270458,20458
767,238300000,238320458,20458
768,238350000,238370458,20458
769,238400000,238420458,20458
770,238450000,238470458,20458
771,238500000,238520458,20458
772,238550000,238570458,20458
773,238600000,238620458,20458
774,238650000,238670458,20458
775,238700000,238720458,20458
776,238750000,238770458,20458
777,238800000,238820458,20458
778,238850000,238870458,20458
779,238900000,238920458,20458
780,238950000,238970458,20458
781,239000000,239020458,20458
782,239050000,239070458,20458
783,239100000,239120458,20458
784,239150000,239170458,20458
785,239200000,239220458,20458
786,239250000,239270458,20458
787,239300000,239320458,20458
788,239350000,239370458,20458
789,239400000,239420458,20458
790,239450000,239470458,20458
791,239500000,239520458,20458
792,239550000,239570458,20458
793,239600000,239620458,20458
794,239650000,239670458,20458
795,239700000,239720458,20458
796,239750000,239770458,20458
797,239800000,239820458,20458
798,239850000,239870458,20458
799,239900000,239920458,20458
800,239950000,239970458,20458
801,240000000,240020458,20458
802,240050000,240070458,20458
803,240100000,240120458,20458
804,240150000,240170458,20458
805,240200000,240220458,20458
806,240250000,240270458,20458
807,240300000,240320458,20458
808,240350000,240370458,20458
809,240400000,240420458,20458
810,240450000,240470458,20458
811,240500000,240520458,20458
812,240550000,240570458,20458
813,240600000,240620458,20458
814,240650000,240670458,20458
815,240700000,240720458,20458
816,240750000,240770458,20458
817,240800000,240820458,20458
818,240850000,240870458,20458
819,240900000,240920458,20458
820,240950000,240970458,20458
821,241000000,241020458,20458
822,241050000,241070458,20458
823,241100000,241120458,20458
824,241150000,241170458,20458
825,241200000,241220458,20458
826,241250000,241270458,20458
827,241300000,241320458,20458
828,241350000,241370458,20458
829,241400000,241420458,20458
830,241450000,241470458,20458
831,241500000,241520458,20458
832,241550000,241570458,20458
833,241600000,241620458,20458
834,241650000,241670458,20458
835,241700000,241720458,20458
836,241750000,241770458,20458
837,241800000,241820458,20458
838,241850000,241870458,20458
839,241900000,241920458,20458
840,241950000,241970458,20458
841,242000000,242020458,20458
842,242050000,242070458,20458
843,242100000,242120458,20458
844,242150000,242170458,20458
845,242200000,242220458,20458
846,242250000,242270458,20458
847,242300000,242320458,20458
848,242350000,242370458,20458
849,242400000,242420458,20458
850,242450000,242470458,20458
851,242500000,242520458,20458
852,242550000,242570458,20458
853,242600000,242620458,20458
854,242650000,242670458,20458
855,242700000,242720458,20458
856,242750000,242770458,20458
857,242800000,242820458,20458
858,242850000,242870458,20458
859,242900000,242920458,20458
860,242950000,242970458,20458
861,243000000,243020458,20458
862,243050000,243070458,20458
863,243100000,243120458,20458
864,243150000,243170458,20458
865,243200000,243220458,20458
866,243250000,243270458,20458
867,243300000,243320458,20458
868,243350000,243370458,20458
869,243400000,243420458,20458
870,243450000,243470458,20458
871,243500000,243520458,20458
872,243550000,243570458,20458
873,243600000,243620458,20458
874,243650000,243670458,20458
875,243700000,243720458,20458
876,243750000,243770458,20458
877,243800000,243820458,20458
878,243850000,243870458,20458
879,243900000,243920458,20458
880,243950000,243970458,20458
881,244000000,244020458,20458
882,244050000,244070458,20458
883,244100000,244120458,20458
884,244150000,244170458,20458
885,244200000,244220458,20458
886,244250000,244270458,20458
887,244300000,244320458,20458
888,244350000,244370458,20458
889,244400000,244420458,20458
890,244450000,244470458,20458
891,244500000,244520458,20458
892,244550000,244570458,20458
893,244600000,244620458,20458
894,244650000,244670458,20458
895,244700000,244720458,20458
896,244750000,244770458,20458
897,244800000,244820458,20458
898,244850000,244870458,20458
899,244900000,244920458,20458
900,244950000,244970458,20458
901,245000000,245020458,20458
902,245050000,245070458,20458
903,245100000,245120458,20458
904,245150000,245170458,20458
905,245200000,245220458,20458
906,245250000,245270458,20458
907,245300000,245320458,20458
908,245350000,245370458,20458
909,245400000,245420458,20458
910,245450000,245470458,20458
911,245500000,245520458,20458
912,245550000,245570458,20458
913,245600000,245620458,20458
914,245650000,245670458,20458
915,245700000,245720458,20458
916,245750000,245770458,20458
917,245800000,245820458,20458
918,245850000,245870458,20458
919,245900000,245920458,20458
920,245950000,245970458,20458
921,246000000,246020458,20458
922,246050000,246070458,20458
923,246100000,246120458,20458
924,246150000,246170458,20458
925,246200000,246220458,20458
926,246250000,246270458,20458
927,246300000,246320458,20458
928,246350000,246370458,20458
929,246400000,246420458,20458
930,246450000,246470458,20458
931,246500000,246520458,20458
932,246550000,246570458,20458
933,246600000,246620458,20458
934,246650000,246670458,20458
935,246700000,246720458,20458
936,246750000,246770458,20458
937,246800000,246820458,20458
938,246850000,246870458,20458
939,246900000,246920458,20458
940,246950000,246970458,20458
941,247000000,247020458,20458
942,247050000,247070458,20458
943,247100000,247120458,20458
944,247150000,247170458,20458
945,247200000,247220458,20458
946,247250000,247270458,20458
947,247300000,247320458,20458
948,247350000,247370458,20458
949,247400000,247420458,20458
950,247450000,247470458,20458
951,247500000,247520458,20458
952,247550000,247570458,20458
953,247600000,247620458,20458
954,247650000,247670458,20458
955,247700000,247720458,20458
956,247750000,247770458,20458
957,247800000,247820458,20458
958,247850000,247870458,20458
959,247900000,247920458,20458
960,247950000,247970458,20458
961,248000000,248020458,20458
962,248050000,248070458,20458
963,248100000,248120458,20458
964,248150000,248170458,20458
965,248200000,248220458,20458
966,248250000,248270458,20458
967,248300000,248320458,20458
968,248350000,248370458,20458
969,248400000,248420458,20458
970,248450000,248470458,20458
971,248500000,248520458,20458
972,248550000,248570458,20458
973,248600000,248620458,20458
974,248650000,248670458,20458
975,248700000,248720458,20458
976,248750000,248770458,20458
977,248800000,248820458,20458
978,248850000,248870458,20458
979,248900000,248920458,20458
980,248950000,248970458,20458
981,249000000,249020458,20458
982,249050000,249070458,20458
983,249100000,249120458,20458
984,249150000,249170458,20458
985,249200000,249220458,20458
986,249250000,249270458,20458
987,249300000,249320458,20458
988,249350000,249370458,20458
989,249400000,249420458,20458
990,249450000,249470458,20458
991,249500000,249520458,20458
992,249550000,249570458,20458
993,249600000,249620458,20458
994,249650000,249670458,20458
995,249700000,249720458,20458
996,249750000,249770458,20458
997,249800000,249820458,20458
998,249850000,249870458,20458
999,249900000,249920458,20458
1000,249950000,249970458,20458
1001,250000000,250020458,20458
1002,250050000,250070458,20458
1003,250100000,250120458,20458
1004,250150000,250170458,20458
1005,250200000,250220458,20458
1006,250250000,250270458,20458
1007,250300000,250320458,20458
1008,250350000,250370458,20458
1009,250400000,250420458,20458
1010,250450000,250470458,20458
1011,250500000,250520458,20458
1012,250550000,250570458,20458
1013,250600000,250620458,20458
1014,250650000,250670458,20458
1015,250700000,250720458,20458
1016,250750000,250770458,20458
1017,250800000,250820458,20458
1018,250850000,250870458,20458
1019,250900000,250920458,20458
1020,250950000,250970458,20458
1021,251000000,251020458,20458
1022,251050000,251070458,20458
1023,251100000,251120458,20458
1024,251150000,251170458,20458
1025,251200000,251220458,20458
1026,251250000,251270458,20458
1027,251300000,251320458,20458
1028,251350000,251370458,20458
1029,251400000,251420458,20458
1030,251450000,251470458,20458
1031,251500000,251520458,20458
1032,251550000,251570458,20458
1033,251600000,251620458,20458
1034,251650000,251670458,20458
1035,251700000,251720458,20458
1036,251750000,251770458,20458
1037,251800000,251820458,20458
1038,251850000,251870458,20458
1039,251900000,251920458,20458
1040,251950000,251970458,20458
1041,252000000,252020458,20458
1042,252050000,252070458,20458
1043,252100000,252120458,20458
1044,252150000,252170458,20458
1045,252200000,252220458,20458
1046,252250000,252270458,20458
1047,252300000,252320458,20458
1048,252350000,252370458,20458
1049,252400000,252420458,20458
1050,252450000,252470458,20458
1051,252500000,252520458,20458
1052,252550000,252570458,20458
1053,252600000,252620458,20458
1054,252650000,252670458,20458
1055,252700000,252720458,20458
1056,252750000,252770458,20458
1057,252800000,252820458,20458
1058,252850000,252870458,20458
1059,252900000,252920458,20458
1060,252950000,252970458,20458
1061,253000000,253020458,20458
1062,253050000,253070458,20458
1063,253100000,253120458,20458
1064,253150000,253170458,20458
1065,253200000,253220458,20458
1066,253250000,253270458,20458
1067,253300000,253320458,20458
1068,253350000,253370458,20458
1069,253400000,253420458,20458
1070,253450000,253470458,20458
1071,253500000,253520458,20458
1072,253550000,253570458,20458
1073,253600000,253620458,20458
1074,253650000,253670458,20458
1075,253700000,253720458,20458
1076,253750000,253770458,20458
1077,253800000,253820458,20458
1078,253850000,253870458,20458
1079,253900000,253920458,20458
1080,253950000,253970458,20458
1081,254000000,254020458,20458
1082,254050000,254070458,20458
1083,254100000,254120458,20458
1084,254150000,254170458,20458
1085,254200000,254220458,20458
1086,254250000,254270458,20458
1087,254300000,254320458,20458
1088,254350000,254370458,20458
1089,254400000,254420458,20458
1090,254450000,254470458,20458
1091,254500000,254520458,20458
1092,254550000,254570458,20458
1093,254600000,254620458,20458
1094,254650000,254670458,20458
1095,254700000,254720458,20458
1096,254750000,254770458,20458
1097,254800000,254820458,20458
1098,254850000,254870458,20458
1099,254900000,254920458,20458
1100,254950000,254970458,20458
1101,255000000,255020458,20458
1102,255050000,255070458,20458
1103,255100000,255120458,20458
1104,255150000,255170458,20458
1105,255200000,255220458,20458
1106,255250000,255270458,20458
1107,255300000,255320458,20458
1108,255350000,255370458,20458
1109,255400000,255420458,20458
1110,255450000,255470458,20458
1111,255500000,255520458,20458
1112,255550000,255570458,20458
1113,255600000,255620458,20458
1114,255650000,255670458,20458
1115,255700000,255720458,20458
1116,255750000,255770458,20458
1117,255800000,255820458,20458
1118,255850000,255870458,20458
1119,255900000,255920458,20458
1120,255950000,255970458,20458
1121,256000000,256020458,20458
1122,256050000,256070458,20458
1123,256100000,256120458,20458
1124,256150000,256170458,20458
1125,256200000,256220458,20458
1126,256250000,256270458,20458
1127,256300000,256320458,20458
1128,256350000,256370458,20458
1129,256400000,256420458,20458
1130,256450000,256470458,20458
1131,256500000,256520458,20458
1132,256550000,256570458,20458
1133,256600000,256620458,20458
1134,256650000,256670458,20458
1135,256700000,256720458,20458
1136,256750000,256770458,20458
1137,256800000,256820458,20458
1138,256850000,256870458,20458
1139,256900000,256920458,20458
1140,256950000,256970458,20458
1141,257000000,257020458,20458
1142,257050000,257070458,20458
1143,257100000,257120458,20458
1144,257150000,257170458,20458
1145,257200000,257220458,20458
1146,257250000,257270458,20458
1147,257300000,257320458,20458
1148,257350000,257370458,20458
1149,257400000,257420458,20458
1150,257450000,257470458,20458
1151,257500000,257520458,20458
1152,257550000,257570458,20458
1153,257600000,257620458,20458
1154,257650000,257670458,20458
1155,257700000,257720458,20458
1156,257750000,257770458,20458
1157,257800000,257820458,20458
1158,257850000,257870458,20458
1159,257900000,257920458,20458
1160,257950000,257970458,20458
1161,258000000,258020458,20458
1162,258050000,258070458,20458
1163,258100000,258120458,20458
1164,258150000,258170458,20458
1165,258200000,258220458,20458
1166,258250000,258270458,20458
1167,258300000,258320458,20458
1168,258350000,258370458,20458
1169,258400000,258420458,20458
1170,258450000,258470458,20458
1171,258500000,258520458,20458
1172,258550000,258570458,20458
1173,258600000,258620458,20458
1174,258650000,258670458,20458
1175,258700000,258720458,20458
1176,258750000,258770458,20458
1177,258800000,258820458,20458
1178,258850000,258870458,20458
1179,258900000,258920458,20458
1180,258950000,258970458,20458
1181,259000000,259020458,20458
1182,259050000,259070458,20458
1183,259100000,259120458,20458
1184,259150000,259170458,20458
1185,259200000,259220458,20458
1186,259250000,259270458,20458
1187,259300000,259320458,20458
1188,259350000,259370458,20458
1189,259400000,259420458,20458
1190,259450000,259470458,20458
1191,259500000,259520458,20458
1192,259550000,259570458,20458
1193,259600000,259620458,20458
1194,259650000,259670458,20458
1195,259700000,259720458,20458
1196,259750000,259770458,20458
1197,259800000,259820458,20458
1198,259850000,259870458,20458
1199,259900000,259920458,20458
1200,259950000,259970458,20458
1201,260000000,260020458,20458
1202,260050000,260070458,20458
1203,260100000,260120458,20458
1204,260150000,260170458,20458
1205,260200000,260220458,20458
1206,260250000,260270458,20458
1207,260300000,260320458,20458
1208,260350000,260370458,20458
1209,260400000,260420458,20458
1210,260450000,260470458,20458
1211,260500000,260520458,20458
1212,260550000,260570458,20458
1213,260600000,260620458,20458
1214,260650000,260670458,20458
1215,260700000,260720458,20458
1216,260750000,260770458,20458
1217,260800000,260820458,20458
1218,260850000,260870458,20458
1219,260900000,260920458,20458
1220,260950000,260970458,20458
1221,261000000,261020458,20458
1222,261050000,261070458,20458
1223,261100000,261120458,20458
1224,261150000,261170458,20458
1225,261200000,261220458,20458
1226,261250000,261270458,20458
1227,261300000,261320458,20458
1228,261350000,261370458,20458
1229,261400000,261420458,20458
1230,261450000,261470458,20458
1231,261500000,261520458,20458
1232,261550000,261570458,20458
1233,261600000,261620458,20458
1234,261650000,261670458,20458
1235,261700000,261720458,20458
1236,261750000,261770458,20458
1237,261800000,261820458,20458
1238,261850000,261870458,20458
1239,261900000,261920458,20458
1240,261950000,261970458,20458
1241,262000000,262020458,20458
1242,262050000,262070458,20458
1243,262100000,262120458,20458
1244,262150000,262170458,20458
1245,262200000,262220458,20458
1246,262250000,262270458,20458
1247,262300000,262320458,20458
1248,262350000,262370458,20458
1249,262400000,262420458,20458
1250,262450000,262470458,20458
1251,262500000,262520458,20458
1252,262550000,262570458,20458
1253,262600000,262620458,20458
1254,262650000,262670458,20458
1255,262700000,262720458,20458
1256,262750000,262770458,20458
1257,262800000,262820458,20458
1258,262850000,262870458,20458
1259,262900000,262920458,20458
1260,262950000,262970458,20458
1261,263000000,263020458,20458
1262,263050000,263070458,20458
1263,263100000,263120458,20458
1264,263150000,263170458,20458
1265,263200000,263220458,20458
1266,263250000,263270458,20458
1267,263300000,263320458,20458
1268,263350000,263370458,20458
1269,263400000,263420458,20458
1270,263450000,263470458,20458
1271,263500000,263520458,20458
1272,263550000,263570458,20458
1273,263600000,263620458,20458
1274,263650000,263670458,20458
1275,263700000,263720458,20458
1276,263750000,263770458,20458
1277,263800000,263820458,20458
1278,263850000,263870458,20458
1279,263900000,263920458,20458
1280,263950000,263970458,20458
1281,264000000,264020458,20458
1282,264050000,264070458,20458
1283,264100000,264120458,20458
1284,264150000,264170458,20458
1285,264200000,264220458,20458
1286,264250000,264270458,20458
1287,264300000,264320458,20458
1288,264350000,264370458,20458
1289,264400000,264420458,20458
1290,264450000,264470458,20458
1291,264500000,264520458,20458
1292,264550000,264570458,20458
1293,264600000,264620458,20458
1294,264650000,264670458,20458
1295,264700000,264720458,20458
1296,264750000,264770458,20458
1297,264800000,264820458,20458
1298,264850000,264870458,20458
1299,264900000,264920458,20458
1300,264950000,264970458,20458
1301,265000000,265020458,20458
1302,265050000,265070458,20458
1303,265100000,265120458,20458
1304,265150000,265170458,20458
1305,265200000,265220458,20458
1306,265250000,265270458,20458
1307,265300000,265320458,20458
1308,265350000,265370458,20458
1309,265400000,265420458,20458
1310,265450000,265470458,20458
1311,265500000,265520458,20458
1312,265550000,265570458,20458
1313,265600000,265620458,20458
1314,265650000,265670458,20458
1315,265700000,265720458,20458
1316,265750000,265770458,20458
1317,265800000,265820458,20458
1318,265850000,265870458,20458
1319,265900000,265920458,20458
1320,265950000,265970458,20458
1321,266000000,266020458,20458
1322,266050000,266070458,20458
1323,266100000,266120458,20458
1324,266150000,266170458,20458
1325,266200000,266220458,20458
1326,266250000,266270458,20458
1327,266300000,266320458,20458
1328,266350000,266370458,20458
1329,266400000,266420458,20458
1330,266450000,266470458,20458
1331,266500000,266520458,20458
1332,266550000,266570458,20458
1333,266600000,266620458,20458
1334,266650000,266670458,20458
1335,266700000,266720458,20458
1336,266750000,266770458,20458
1337,266800000,266820458,20458
1338,266850000,266870458,20458
1339,266900000,266920458,20458
1340,266950000,266970458,20458
1341,267000000,267020458,20458
1342,267050000,267070458,20458
1343,267100000,267120458,20458
1344,267150000,267170458,20458
1345,267200000,267220458,20458
1346,267250000,267270458,20458
1347,267300000,267320458,20458
1348,267350000,267370458,20458
1349,267400000,267420458,20458
1350,267450000,267470458,20458
1351,267500000,267520458,20458
1352,267550000,267570458,20458
1353,267600000,267620458,20458
1354,267650000,267670458,20458
1355,267700000,267720458,20458
1356,267750000,267770458,20458
1357,267800000,267820458,20458
1358,267850000,267870458,20458
1359,267900000,267920458,20458
1360,267950000,267970458,20458
1361,268000000,268020458,20458
1362,268050000,268070458,20458
1363,268100000,268120458,20458
1364,268150000,268170458,20458
1365,268200000,268220458,20458
1366,268250000,268270458,20458
1367,268300000,268320458,20458
1368,268350000,268370458,20458
1369,268400000,268420458,20458
1370,268450000,268470458,20458
1371,268500000,268520458,20458
1372,268550000,268570458,20458
1373,268600000,268620458,20458
1374,268650000,268670458,20458
1375,268700000,268720458,20458
1376,268750000,268770458,20458
1377,268800000,268820458,20458
1378,268850000,268870458,20458
1379,268900000,268920458,20458
1380,268950000,268970458,20458
1381,269000000,269020458,20458
1382,269050000,269070458,20458
1383,269100000,269120458,20458
1384,269150000,269170458,20458
1385,269200000,269220458,20458
1386,269250000,269270458,20458
1387,269300000,269320458,20458
1388,269350000,269370458,20458
1389,269400000,269420458,20458
1390,269450000,269470458,20458
1391,269500000,269520458,20458
1392,269550000,269570458,20458
1393,269600000,269620458,20458
1394,269650000,269670458,20458
1395,269700000,269720458,20458
1396,269750000,269770458,20458
1397,269800000,269820458,20458
1398,269850000,269870458,20458
1399,269900000,269920458,20458
1400,269950000,269970458,20458
1401,270000000,270020458,20458
1402,270050000,270070458,20458
1403,270100000,270120458,20458
1404,270150000,270170458,20458
1405,270200000,270220458,20458
1406,270250000,270270458,20458
1407,270300000,270320458,20458
1408,270350000,270370458,20458
1409,270400000,270420458,20458
1410,270450000,270470458,20458
1411,270500000,270520458,20458
1412,270550000,270570458,20458
1413,270600000,270620458,20458
1414,270650000,270670458,20458
1415,270700000,270720458,20458
1416,270750000,270770458,20458
1417,270800000,270820458,20458
1418,270850000,270870458,20458
1419,270900000,270920458,20458
1420,270950000,270970458,20458
1421,271000000,271020458,20458
1422,271050000,271070458,20458
1423,271100000,271120458,20458
1424,271150000,271170458,20458
1425,271200000,271220458,20458
1426,271250000,271270458,20458
1427,271300000,271320458,20458
1428,271350000,271370458,20458
1429,271400000,271420458,20458
1430,271450000,271470458,20458
1431,271500000,271520458,20458
1432,271550000,271570458,20458
1433,271600000,271620458,20458
1434,271650000,271670458,20458
1435,271700000,271720458,20458
1436,271750000,271770458,20458
1437,271800000,271820458,20458
1438,271850000,271870458,20458
1439,271900000,271920458,20458
1440,271950000,271970458,20458
1441,272000000,272020458,20458
1442,272050000,272070458,20458
1443,272100000,272120458,20458
1444,272150000,272170458,20458
1445,272200000,272220458,20458
1446,272250000,272270458,20458
1447,272300000,272320458,20458
1448,272350000,272370458,20458
1449,272400000,272420458,20458
1450,272450000,272470458,20458
1451,272500000,272520458,20458
1452,272550000,272570458,20458
1453,272600000,272620458,20458
1454,272650000,272670458,20458
1455,272700000,272720458,20458
1456,272750000,272770458,20458
1457,272800000,272820458,20458
1458,272850000,272870458,20458
1459,272900000,272920458,20458
1460,272950000,272970458,20458
1461,273000000,273020458,20458
1462,273050000,273070458,20458
1463,273100000,273120458,20458
1464,273150000,273170458,20458
1465,273200000,273220458,20458
1466,273250000,273270458,20458
1467,273300000,273320458,20458
1468,273350000,273370458,20458
1469,273400000,273420458,20458
1470,273450000,273470458,20458
1471,273500000,273520458,20458
1472,273550000,273570458,20458
1473,273600000,273620458,20458
1474,273650000,273670458,20458
1475,273700000,273720458,20458
1476,273750000,273770458,20458
1477,273800000,273820458,20458
1478,273850000,273870458,20458
1479,273900000,273920458,20458
1480,273950000,273970458,20458
1481,274000000,274020458,20458
1482,274050000,274070458,20458
1483,274100000,274120458,20458
1484,274150000,274170458,20458
1485,274200000,274220458,20458
1486,274250000,274270458,20458
1487,274300000,274320458,20458
1488,274350000,274370458,20458
1489,274400000,274420458,20458
1490,274450000,274470458,20458
1491,274500000,274520458,20458
1492,274550000,274570458,20458
1493,274600000,274620458,20458
1494,274650000,274670458,20458
1495,274700000,274720458,20458
1496,274750000,274770458,20458
1497,274800000,274820458,20458
1498,274850000,274870458,20458
1499,274900000,274920458,20458
1500,274950000,274970458,20458
1501,275000000,275020458,20458
1502,275050000,275070458,20458
1503,275100000,275120458,20458
1504,275150000,275170458,20458
1505,275200000,275220458,20458
1506,275250000,275270458,20458
1507,275300000,275320458,20458
1508,275350000,275370458,20458
1509,275400000,275420458,20458
1510,275450000,275470458,20458
1511,275500000,275520458,20458
1512,275550000,275570458,20458
1513,275600000,275620458,20458
1514,275650000,275670458,20458
1515,275700000,275720458,20458
1516,275750000,275770458,20458
1517,275800000,275820458,20458
1518,275850000,275870458,20458
1519,275900000,275920458,20458
1520,275950000,275970458,20458
1521,276000000,276020458,20458
1522,276050000,276070458,20458
1523,276100000,276120458,20458
1524,276150000,276170458,20458
1525,276200000,276220458,20458
1526,276250000,276270458,20458
1527,276300000,276320458,20458
1528,276350000,276370458,20458
1529,276400000,276420458,20458
1530,276450000,276470458,20458
1531,276500000,276520458,20458
1532,276550000,276570458,20458
1533,276600000,276620458,20458
1534,276650000,276670458,20458
1535,276700000,276720458,20458
1536,276750000,276770458,20458
1537,276800000,276820458,20458
1538,276850000,276870458,20458
1539,276900000,276920458,20458
1540,276950000,276970458,20458
1541,277000000,277020458,20458
1542,277050000,277070458,20458
1543,277100000,277120458,20458
1544,277150000,277170458,20458
1545,277200000,277220458,20458
1546,277250000,277270458,20458
1547,277300000,277320458,20458
1548,277350000,277370458,20458
1549,277400000,277420458,20458
1550,277450000,277470458,20458
1551,277500000,277520458,20458
1552,277550000,277570458,20458
1553,277600000,277620458,20458
1554,277650000,277670458,20458
1555,277700000,277720458,20458
1556,277750000,277770458,20458
1557,277800000,277820458,20458
1558,277850000,277870458,20458
1559,277900000,277920458,20458
1560,277950000,277970458,20458
1561,278000000,278020458,20458
1562,278050000,278070458,20458
1563,278100000,278120458,20458
1564,278150000,278170458,20458
1565,278200000,278220458,20458
1566,278250000,278270458,20458
1567,278300000,278320458,20458
1568,278350000,278370458,20458
1569,278400000,278420458,20458
1570,278450000,278470458,20458
1571,278500000,278520458,20458
1572,278550000,278570458,20458
1573,278600000,278620458,20458
1574,278650000,278670458,20458
1575,278700000,278720458,20458
1576,278750000,278770458,20458
1577,278800000,278820458,20458
1578,278850000,278870458,20458
1579,278900000,278920458,20458
1580,278950000,278970458,20458
1581,279000000,279020458,20458
1582,279050000,279070458,20458
1583,279100000,279120458,20458
1584,279150000,279170458,20458
1585,279200000,279220458,20458
1586,279250000,279270458,20458
1587,279300000,279320458,20458
1588,279350000,279370458,20458
1589,279400000,279420458,20458
1590,279450000,279470458,20458
1591,279500000,279520458,20458
1592,279550000,279570458,20458
1593,279600000,279620458,20458
1594,279650000,279670458,20458
1595,279700000,279720458,20458
1596,279750000,279770458,20458
1597,279800000,279820458,20458
1598,279850000,279870458,20458
1599,279900000,279920458,20458
1600,279950000,279970458,20458
1601,280000000,280020458,20458
1602,280050000,280070458,20458
1603,280100000,280120458,20458
1604,280150000,280170458,20458
1605,280200000,280220458,20458
1606,280250000,280270458,20458
1607,280300000,280320458,20458
1608,280350000,280370458,20458
1609,280400000,280420458,20458
1610,280450000,280470458,20458
1611,280500000,280520458,20458
1612,280550000,280570458,20458
1613,280600000,280620458,20458
1614,280650000,280670458,20458
1615,280700000,280720458,20458
1616,280750000,280770458,20458
1617,280800000,280820458,20458
1618,280850000,280870458,20458
1619,280900000,280920458,20458
1620,280950000,280970458,20458
1621,281000000,281020458,20458
1622,281050000,281070458,20458
1623,281100000,281120458,20458
1624,281150000,281170458,20458
1625,281200000,281220458,20458
1626,281250000,281270458,20458
1627,281300000,281320458,20458
1628,281350000,281370458,20458
1629,281400000,281420458,20458
1630,281450000,281470458,20458
1631,281500000,281520458,20458
1632,281550000,281570458,20458
1633,281600000,281620458,20458
1634,281650000,281670458,20458
1635,281700000,281720458,20458
1636,281750000,281770458,20458
1637,281800000,281820458,20458
1638,281850000,281870458,20458
1639,281900000,281920458,20458
1640,281950000,281970458,20458
1641,282000000,282020458,20458
1642,282050000,282070458,20458
1643,282100000,282120458,20458
1644,282150000,282170458,20458
1645,282200000,282220458,20458
1646,282250000,282270458,20458
1647,282300000,282320458,20458
1648,282350000,282370458,20458
1649,282400000,282420458,20458
1650,282450000,282470458,20458
1651,282500000,282520458,20458
1652,282550000,282570458,20458
1653,282600000,282620458,20458
1654,282650000,282670458,20458
1655,282700000,282720458,20458
1656,282750000,282770458,20458
1657,282800000,282820458,20458
1658,282850000,282870458,20458
1659,282900000,282920458,20458
1660,282950000,282970458,20458
1661,283000000,283020458,20458
1662,283050000,283070458,20458
1663,283100000,283120458,20458
1664,283150000,283170458,20458
1665,283200000,283220458,20458
1666,283250000,283270458,20458
1667,283300000,283320458,20458
1668,283350000,283370458,20458
1669,283400000,283420458,20458
1670,283450000,283470458,20458
1671,283500000,283520458,20458
1672,283550000,283570458,20458
1673,283600000,283620458,20458
1674,283650000,283670458,20458
1675,283700000,283720458,20458
1676,283750000,283770458,20458
1677,283800000,283820458,20458
1678,283850000,283870458,20458
1679,283900000,283920458,20458
1680,283950000,283970458,20458
1681,284000000,284020458,20458
1682,284050000,284070458,20458
1683,284100000,284120458,20458
1684,284150000,284170458,20458
1685,284200000,284220458,20458
1686,284250000,284270458,20458
1687,284300000,284320458,20458
1688,284350000,284370458,20458
1689,284400000,284420458,20458
1690,284450000,284470458,20458
1691,284500000,284520458,20458
1692,284550000,284570458,20458
1693,284600000,284620458,20458
1694,284650000,284670458,20458
1695,284700000,284720458,20458
1696,284750000,284770458,20458
1697,284800000,284820458,20458
1698,284850000,284870458,20458
1699,284900000,284920458,20458
1700,284950000,284970458,20458
1701,285000000,285020458,20458
1702,285050000,285070458,20458
1703,285100000,285120458,20458
1704,285150000,285170458,20458
1705,285200000,285220458,20458
1706,285250000,285270458,20458
1707,285300000,285320458,20458
1708,285350000,285370458,20458
1709,285400000,285420458,20458
1710,285450000,285470458,20458
1711,285500000,285520458,20458
1712,285550000,285570458,20458
1713,285600000,285620458,20458
1714,285650000,285670458,20458
1715,285700000,285720458,20458
1716,285750000,285770458,20458
1717,285800000,285820458,20458
1718,285850000,285870458,20458
1719,285900000,285920458,20458
1720,285950000,285970458,20458
1721,286000000,286020458,20458
1722,286050000,286070458,20458
1723,286100000,286120458,20458
1724,286150000,286170458,20458
1725,286200000,286220458,20458
1726,286250000,286270458,20458
1727,286300000,286320458,20458
1728,286350000,286370458,20458
1729,286400000,286420458,20458
1730,286450000,286470458,20458
1731,286500000,286520458,20458
1732,286550000,286570458,20458
1733,286600000,286620458,20458
1734,286650000,286670458,20458
1735,286700000,286720458,20458
1736,286750000,286770458,20458
1737,286800000,286820458,20458
1738,286850000,286870458,20458
1739,286900000,286920458,20458
1740,286950000,286970458,20458
1741,287000000,287020458,20458
1742,287050000,287070458,20458
1743,287100000,287120458,20458
1744,287150000,287170458,20458
1745,287200000,287220458,20458
1746,287250000,287270458,20458
1747,287300000,287320458,20458
1748,287350000,287370458,20458
1749,287400000,287420458,20458
1750,287450000,287470458,20458
1751,287500000,287520458,20458
1752,287550000,287570458,20458
1753,287600000,287620458,20458
1754,287650000,287670458,20458
1755,287700000,287720458,20458
1756,287750000,287770458,20458
1757,287800000,287820458,20458
1758,287850000,287870458,20458
1759,287900000,287920458,20458
1760,287950000,287970458,20458
1761,288000000,288020458,20458
1762,288050000,288070458,20458
1763,288100000,288120458,20458
1764,288150000,288170458,20458
1765,288200000,288220458,20458
1766,288250000,288270458,20458
1767,288300000,288320458,20458
1768,288350000,288370458,20458
1769,288400000,288420458,20458
1770,288450000,288470458,20458
1771,288500000,288520458,20458
1772,288550000,288570458,20458
1773,288600000,288620458,20458
1774,288650000,288670458,20458
1775,288700000,288720458,20458
1776,288750000,288770458,20458
1777,288800000,288820458,20458
1778,288850000,288870458,20458
1779,288900000,288920458,20458
1780,288950000,288970458,20458
1781,289000000,289020458,20458
1782,289050000,289070458,20458
1783,289100000,289120458,20458
1784,289150000,289170458,20458
1785,289200000,289220458,20458
1786,289250000,289270458,20458
1787,289300000,289320458,20458
1788,289350000,289370458,20458
1789,289400000,289420458,20458
1790,289450000,289470458,20458
1791,289500000,289520458,20458
1792,289550000,289570458,20458
1793,289600000,289620458,20458
1794,289650000,289670458,20458
1795,289700000,289720458,20458
1796,289750000,289770458,20458
1797,289800000,289820458,20458
1798,289850000,289870458,20458
1799,289900000,289920458,20458
1800,289950000,289970458,20458
1801,290000000,290020458,20458
1802,290050000,290070458,20458
1803,290100000,290120458,20458
1804,290150000,290170458,20458
1805,290200000,290220458,20458
1806,290250000,290270458,20458
1807,290300000,290320458,20458
1808,290350000,290370458,20458
1809,290400000,290420458,20458
1810,290450000,290470458,20458
1811,290500000,290520458,20458
1812,290550000,290570458,20458
1813,290600000,290620458,20458
1814,290650000,290670458,20458
1815,290700000,290720458,20458
1816,290750000,290770458,20458
1817,290800000,290820458,20458
1818,290850000,290870458,20458
1819,290900000,290920458,20458
1820,290950000,290970458,20458
1821,291000000,291020458,20458
1822,291050000,291070458,20458
1823,291100000,291120458,20458
1824,291150000,291170458,20458
1825,291200000,291220458,20458
1826,291250000,291270458,20458
1827,291300000,291320458,20458
1828,291350000,291370458,20458
1829,291400000,291420458,20458
1830,291450000,291470458,20458
1831,291500000,291520458,20458
1832,291550000,291570458,20458
1833,291600000,291620458,20458
1834,291650000,291670458,20458
1835,291700000,291720458,20458
1836,291750000,291770458,20458
1837,291800000,291820458,20458
1838,291850000,291870458,20458
1839,291900000,291920458,20458
1840,291950000,291970458,20458
1841,292000000,292020458,20458
1842,292050000,292070458,20458
1843,292100000,292120458,20458
1844,292150000,292170458,20458
1845,292200000,292220458,20458
1846,292250000,292270458,20458
1847,292300000,292320458,20458
1848,292350000,292370458,20458
1849,292400000,292420458,20458
1850,292450000,292470458,20458
1851,292500000,292520458,20458
1852,292550000,292570458,20458
1853,292600000,292620458,20458
1854,292650000,292670458,20458
1855,292700000,292720458,20458
1856,292750000,292770458,20458
1857,292800000,292820458,20458
1858,292850000,292870458,20458
1859,292900000,292920458,20458
1860,292950000,292970458,20458
1861,293000000,293020458,20458
1862,293050000,293070458,20458
1863,293100000,293120458,20458
1864,293150000,293170458,20458
1865,293200000,293220458,20458
1866,293250000,293270458,20458
1867,293300000,293320458,20458
1868,293350000,293370458,20458
1869,293400000,293420458,20458
1870,293450000,293470458,20458
1871,293500000,293520458,20458
1872,293550000,293570458,20458
1873,293600000,293620458,20458
1874,293650000,293670458,20458
1875,293700000,293720458,20458
1876,293750000,293770458,20458
1877,293800000,293820458,20458
1878,293850000,293870458,20458
1879,293900000,293920458,20458
1880,293950000,293970458,20458
1881,294000000,294020458,20458
1882,294050000,294070458,20458
1883,294100000,294120458,20458
1884,294150000,294170458,20458
1885,294200000,294220458,20458
1886,294250000,294270458,20458
1887,294300000,294320458,20458
1888,294350000,294370458,20458
1889,294400000,294420458,20458
1890,294450000,294470458,20458
1891,294500000,294520458,20458
1892,294550000,294570458,20458
1893,294600000,294620458,20458
1894,294650000,294670458,20458
1895,294700000,294720458,20458
1896,294750000,294770458,20458
1897,294800000,294820458,20458
1898,294850000,294870458,20458
1899,294900000,294920458,20458
1900,294950000,294970458,20458
1901,295000000,295020458,20458
1902,295050000,295070458,20458
1903,295100000,295120458,20458
1904,295150000,295170458,20458
1905,295200000,295220458,20458
1906,295250000,295270458,20458
1907,295300000,295320458,20458
1908,295350000,295370458,20458
1909,295400000,295420458,20458
1910,295450000,295470458,20458
1911,295500000,295520458,20458
1912,295550000,295570458,20458
1913,295600000,295620458,20458
1914,295650000,295670458,20458
1915,295700000,295720458,20458
1916,295750000,295770458,20458
1917,295800000,295820458,20458
1918,295850000,295870458,20458
1919,295900000,295920458,20458
1920,295950000,295970458,20458
1921,296000000,296020458,20458
1922,296050000,296070458,20458
1923,296100000,296120458,20458
1924,296150000,296170458,20458
1925,296200000,296220458,20458
1926,296250000,296270458,20458
1927,296300000,296320458,20458
1928,296350000,296370458,20458
1929,296400000,296420458,20458
1930,296450000,296470458,20458
1931,296500000,296520458,20458
1932,296550000,296570458,20458
1933,296600000,296620458,20458
1934,296650000,296670458,20458
1935,296700000,296720458,20458
1936,296750000,296770458,20458
1937,296800000,296820458,20458
1938,296850000,296870458,20458
1939,296900000,296920458,20458
1940,296950000,296970458,20458
1941,297000000,297020458,20458
1942,297050000,297070458,20458
1943,297100000,297120458,20458
1944,297150000,297170458,20458
1945,297200000,297220458,20458
1946,297250000,297270458,20458
1947,297300000,297320458,20458
1948,297350000,297370458,20458
1949,297400000,297420458,20458
1950,297450000,297470458,20458
1951,297500000,297520458,20458
1952,297550000,297570458,20458
1953,297600000,297620458,20458
1954,297650000,297670458,20458
1955,297700000,297720458,20458
1956,297750000,297770458,20458
1957,297800000,297820458,20458
1958,297850000,297870458,20458
1959,297900000,297920458,20458
1960,297950000,297970458,20458
1961,298000000,298020458,20458
1962,298050000,298070458,20458
1963,298100000,298120458,20458
1964,298150000,298170458,20458
1965,298200000,298220458,20458
1966,298250000,298270458,20458
1967,298300000,298320458,20458
1968,298350000,298370458,20458
1969,298400000,298420458,20458
1970,298450000,298470458,20458
1971,298500000,298520458,20458
1972,298550000,298570458,20458
1973,298600000,298620458,20458
1974,298650000,298670458,20458
1975,298700000,298720458,20458
1976,298750000,298770458,20458
1977,298800000,298820458,20458
1978,298850000,298870458,20458
1979,298900000,298920458,20458
1980,298950000,298970458,20458
1981,299000000,299020458,20458
1982,299050000,299070458,20458
1983,299100000,299120458,20458
1984,299150000,299170458,20458
1985,299200000,299220458,20458
1986,299250000,299270458,20458
1987,299300000,299320458,20458
1988,299350000,299370458,20458
1989,299400000,299420458,20458
1990,299450000,299470458,20458
1991,299500000,299520458,20458
1992,299550000,299570458,20458
1993,299600000,299620458,20458
1994,299650000,299670458,20458
1995,299700000,299720458,20458
1996,299750000,299770458,20458
1997,299800000,299820458,20458
1998,299850000,299870458,20458
1999,299900000,299920458,20458
2000,299950000,299970458,20458
2001,300000000,300020458,20458
2002,300050000,300070458,20458
2003,300100000,300120458,20458
2004,300150000,300170458,20458
2005,300200000,300220458,20458
2006,300250000,300270458,20458
2007,300300000,300320458,20458
2008,300350000,300370458,20458
2009,300400000,300420458,20458
2010,300450000,300470458,20458
2011,300500000,300520458,20458
2012,300550000,300570458,20458
2013,300600000,300620458,20458
2014,300650000,300670458,20458
2015,300700000,300720458,20458
2016,300750000,300770458,20458
2017,300800000,300820458,20458
2018,300850000,300870458,20458
2019,300900000,300920458,20458
2020,300950000,300970458,20458
2021,301000000,301020458,20458
2022,301050000,301070458,20458
2023,301100000,301120458,20458
2024,301150000,301170458,20458
2025,301200000,301220458,20458
2026,301250000,301270458,20458
2027,301300000,301320458,20458
2028,301350000,301370458,20458
2029,301400000,301420458,20458
2030,301450000,301470458,20458
2031,301500000,301520458,20458
2032,301550000,301570458,20458
2033,301600000,301620458,20458
2034,301650000,301670458,20458
2035,301700000,301720458,20458
2036,301750000,301770458,20458
2037,301800000,301820458,20458
2038,301850000,301870458,20458
2039,301900000,301920458,20458
2040,301950000,301970458,20458
2041,302000000,302020458,20458
2042,302050000,302070458,20458
2043,302100000,302120458,20458
2044,302150000,302170458,20458
2045,302200000,302220458,20458
2046,302250000,302270458,20458
2047,302300000,302320458,20458
2048,302350000,302370458,20458
2049,302400000,302420458,20458
2050,302450000,302470458,20458
2051,302500000,302520458,20458
2052,302550000,302570458,20458
2053,302600000,302620458,20458
2054,302650000,302670458,20458
2055,302700000,302720458,20458
2056,302750000,302770458,20458
2057,302800000,302820458,20458
2058,302850000,302870458,20458
2059,302900000,302920458,20458
2060,302950000,302970458,20458
2061,303000000,303020458,20458
2062,303050000,303070458,20458
2063,303100000,303120458,20458
2064,303150000,303170458,20458
2065,303200000,303220458,20458
2066,303250000,303270458,20458
2067,303300000,303320458,20458
2068,303350000,303370458,20458
2069,303400000,303420458,20458
2070,303450000,303470458,20458
2071,303500000,303520458,20458
2072,303550000,303570458,20458
2073,303600000,303620458,20458
2074,303650000,303670458,20458
2075,303700000,303720458,20458
2076,303750000,303770458,20458
2077,303800000,303820458,20458
2078,303850000,303870458,20458
2079,303900000,303920458,20458
2080,303950000,303970458,20458
2081,304000000,304020458,20458
2082,304050000,304070458,20458
2083,304100000,304120458,20458
2084,304150000,304170458,20458
2085,304200000,304220458,20458
2086,304250000,304270458,20458
2087,304300000,304320458,20458
2088,304350000,304370458,20458
2089,304400000,304420458,20458
2090,304450000,304470458,20458
2091,304500000,304520458,20458
2092,304550000,304570458,20458
2093,304600000,304620458,20458
2094,304650000,304670458,20458
2095,304700000,304720458,20458
2096,304750000,304770458,20458
2097,304800000,304820458,20458
2098,304850000,304870458,20458
2099,304900000,304920458,20458
2100,304950000,304970458,20458
2101,305000000,305020458,20458
2102,305050000,305070458,20458
2103,305100000,305120458,20458
2104,305150000,305170458,20458
2105,305200000,305220458,20458
2106,305250000,305270458,20458
2107,305300000,305320458,20458
2108,305350000,305370458,20458
2109,305400000,305420458,20458
2110,305450000,305470458,20458
2111,305500000,305520458,20458
2112,305550000,305570458,20458
2113,305600000,305620458,20458
2114,305650000,305670458,20458
2115,305700000,305720458,20458
2116,305750000,305770458,20458
2117,305800000,305820458,20458
2118,305850000,305870458,20458
2119,305900000,305920458,20458
2120,305950000,305970458,20458
2121,306000000,306020458,20458
2122,306050000,306070458,20458
2123,306100000,306120458,20458
2124,306150000,306170458,20458
2125,306200000,306220458,20458
2126,306250000,306270458,20458
2127,306300000,306320458,20458
2128,306350000,306370458,20458
2129,306400000,306420458,20458
2130,306450000,306470458,20458
2131,306500000,306520458,20458
2132,306550000,306570458,20458
2133,306600000,306620458,20458
2134,306650000,306670458,20458
2135,306700000,306720458,20458
2136,306750000,306770458,20458
2137,306800000,306820458,20458
2138,306850000,306870458,20458
2139,306900000,306920458,20458
2140,306950000,306970458,20458
2141,307000000,307020458,20458
2142,307050000,307070458,20458
2143,307100000,307120458,20458
2144,307150000,307170458,20458
2145,307200000,307220458,20458
2146,307250000,307270458,20458
2147,307300000,307320458,20458
2148,307350000,307370458,20458
2149,307400000,307420458,20458
2150,307450000,307470458,20458
2151,307500000,307520458,20458
2152,307550000,307570458,20458
2153,307600000,307620458,20458
2154,307650000,307670458,20458
2155,307700000,307720458,20458
2156,307750000,307770458,20458
2157,307800000,307820458,20458
2158,307850000,307870458,20458
2159,307900000,307920458,20458
2160,307950000,307970458,20458
2161,308000000,308020458,20458
2162,308050000,308070458,20458
2163,308100000,308120458,20458
2164,308150000,308170458,20458
2165,308200000,308220458,20458
2166,308250000,308270458,20458
2167,308300000,308320458,20458
2168,308350000,308370458,20458
2169,308400000,308420458,20458
2170,308450000,308470458,20458
2171,308500000,308520458,20458
2172,308550000,308570458,20458
2173,308600000,308620458,20458
2174,308650000,308670458,20458
2175,308700000,308720458,20458
2176,308750000,308770458,20458
2177,308800000,308820458,20458
2178,308850000,308870458,20458
2179,308900000,308920458,20458
2180,308950000,308970458,20458
2181,309000000,309020458,20458
2182,309050000,309070458,20458
2183,309100000,309120458,20458
2184,309150000,309170458,20458
2185,309200000,309220458,20458
2186,309250000,309270458,20458
2187,309300000,309320458,20458
2188,309350000,309370458,20458
2189,309400000,309420458,20458
2190,309450000,309470458,20458
2191,309500000,309520458,20458
2192,309550000,309570458,20458
2193,309600000,309620458,20458
2194,309650000,309670458,20458
2195,309700000,309720458,20458
2196,309750000,309770458,20458
2197,309800000,309820458,20458
2198,309850000,309870458,20458
2199,309900000,309920458,20458
2200,309950000,309970458,20458
2201,310000000,310020458,20458
2202,310050000,310070458,20458
2203,310100000,310120458,20458
2204,310150000,310170458,20458
2205,310200000,310220458,20458
2206,310250000,310270458,20458
2207,310300000,310320458,20458
2208,310350000,310370458,20458
2209,310400000,310420458,20458
2210,310450000,310470458,20458
2211,310500000,310520458,20458
2212,310550000,310570458,20458
2213,310600000,310620458,20458
2214,310650000,310670458,20458
2215,310700000,310720458,20458
2216,310750000,310770458,20458
2217,310800000,310820458,20458
2218,310850000,310870458,20458
2219,310900000,310920458,20458
2220,310950000,310970458,20458
2221,311000000,311020458,20458
2222,311050000,311070458,20458
2223,311100000,311120458,20458
2224,311150000,311170458,20458
2225,311200000,311220458,20458
2226,311250000,311270458,20458
2227,311300000,311320458,20458
2228,311350000,311370458,20458
2229,311400000,311420458,20458
2230,311450000,311470458,20458
2231,311500000,311520458,20458
2232,311550000,311570458,20458
2233,311600000,311620458,20458
2234,311650000,311670458,20458
2235,311700000,311720458,20458
2236,311750000,311770458,20458
2237,311800000,311820458,20458
2238,311850000,311870458,20458
2239,311900000,311920458,20458
2240,311950000,311970458,20458
2241,312000000,312020458,20458
2242,312050000,312070458,20458
2243,312100000,312120458,20458
2244,312150000,312170458,20458
2245,312200000,312220458,20458
2246,312250000,312270458,20458
2247,312300000,312320458,20458
2248,312350000,312370458,20458
2249,312400000,312420458,20458
2250,312450000,312470458,20458
2251,312500000,312520458,20458
2252,312550000,312570458,20458
2253,312600000,312620458,20458
2254,312650000,312670458,20458
2255,312700000,312720458,20458
2256,312750000,312770458,20458
2257,312800000,312820458,20458
2258,312850000,312870458,20458
2259,312900000,312920458,20458
2260,312950000,312970458,20458
2261,313000000,313020458,20458
2262,313050000,313070458,20458
2263,313100000,313120458,20458
2264,313150000,313170458,20458
2265,313200000,313220458,20458
2266,313250000,313270458,20458
2267,313300000,313320458,20458
2268,313350000,313370458,20458
2269,313400000,313420458,20458
2270,313450000,313470458,20458
2271,313500000,313520458,20458
2272,313550000,313570458,20458
2273,313600000,313620458,20458
2274,313650000,313670458,20458
2275,313700000,313720458,20458
2276,313750000,313770458,20458
2277,313800000,313820458,20458
2278,313850000,313870458,20458
2279,313900000,313920458,20458
2280,313950000,313970458,20458
2281,314000000,314020458,20458
2282,314050000,314070458,20458
2283,314100000,314120458,20458
2284,314150000,314170458,20458
2285,314200000,314220458,20458
2286,314250000,314270458,20458
2287,314300000,314320458,20458
2288,314350000,314370458,20458
2289,314400000,314420458,20458
2290,314450000,314470458,20458
2291,314500000,314520458,20458
2292,314550000,314570458,20458
2293,314600000,314620458,20458
2294,314650000,314670458,20458
2295,314700000,314720458,20458
2296,314750000,314770458,20458
2297,314800000,314820458,20458
2298,314850000,314870458,20458
2299,314900000,314920458,20458
2300,314950000,314970458,20458
2301,315000000,315020458,20458
2302,315050000,315070458,20458
2303,315100000,315120458,20458
2304,315150000,315170458,20458
2305,315200000,315220458,20458
2306,315250000,315270458,20458
2307,315300000,315320458,20458
2308,315350000,315370458,20458
2309,315400000,315420458,20458
2310,315450000,315470458,20458
2311,315500000,315520458,20458
2312,315550000,315570458,20458
2313,315600000,315620458,20458
2314,315650000,315670458,20458
2315,315700000,315720458,20458
2316,315750000,315770458,20458
2317,315800000,315820458,20458
2318,315850000,315870458,20458
2319,315900000,315920458,20458
2320,315950000,315970458,20458
2321,316000000,316020458,20458
2322,316050000,316070458,20458
2323,316100000,316120458,20458
2324,316150000,316170458,20458
2325,316200000,316220458,20458
2326,316250000,316270458,20458
2327,316300000,316320458,20458
2328,316350000,316370458,20458
2329,316400000,316420458,20458
2330,316450000,316470458,20458
2331,316500000,316520458,20458
2332,316550000,316570458,20458
2333,316600000,316620458,20458
2334,316650000,316670458,20458
2335,316700000,316720458,20458
2336,316750000,316770458,20458
2337,316800000,316820458,20458
2338,316850000,316870458,20458
2339,316900000,316920458,20458
2340,316950000,316970458,20458
2341,317000000,317020458,20458
2342,317050000,317070458,20458
2343,317100000,317120458,20458
2344,317150000,317170458,20458
2345,317200000,317220458,20458
2346,317250000,317270458,20458
2347,317300000,317320458,20458
2348,317350000,317370458,20458
2349,317400000,317420458,20458
2350,317450000,317470458,20458
2351,317500000,317520458,20458
2352,317550000,317570458,20458
2353,317600000,317620458,20458
2354,317650000,317670458,20458
2355,317700000,317720458,20458
2356,317750000,317770458,20458
2357,317800000,317820458,20458
2358,317850000,317870458,20458
2359,317900000,317920458,20458
2360,317950000,317970458,20458
2361,318000000,318020458,20458
2362,318050000,318070458,20458
2363,318100000,318120458,20458
2364,318150000,318170458,20458
2365,318200000,318220458,20458
2366,318250000,318270458,20458
2367,318300000,318320458,20458
2368,318350000,318370458,20458
2369,318400000,318420458,20458
2370,318450000,318470458,20458
2371,318500000,318520458,20458
2372,318550000,318570458,20458
2373,318600000,318620458,20458
2374,318650000,318670458,20458
2375,318700000,318720458,20458
2376,318750000,318770458,20458
2377,318800000,318820458,20458
2378,318850000,318870458,20458
2379,318900000,318920458,20458
2380,318950000,318970458,20458
2381,319000000,319020458,20458
2382,319050000,319070458,20458
2383,319100000,319120458,20458
2384,319150000,319170458,20458
2385,319200000,319220458,20458
2386,319250000,319270458,20458
2387,319300000,319320458,20458
2388,319350000,319370458,20458
2389,319400000,319420458,20458
2390,319450000,319470458,20458
2391,319500000,319520458,20458
2392,319550000,319570458,20458
2393,319600000,319620458,20458
2394,319650000,319670458,20458
2395,319700000,319720458,20458
2396,319750000,319770458,20458
2397,319800000,319820458,20458
2398,319850000,319870458,20458
2399,319900000,319920458,20458
2400,319950000,319970458,20458
2401,320000000,320020458,20458
2402,320050000,320070458,20458
2403,320100000,320120458,20458
2404,320150000,320170458,20458
2405,320200000,320220458,20458
2406,320250000,320270458,20458
2407,320300000,320320458,20458
2408,320350000,320370458,20458
2409,320400000,320420458,20458
2410,320450000,320470458,20458
2411,320500000,320520458,20458
2412,320550000,320570458,20458
2413,320600000,320620458,20458
2414,320650000,320670458,20458
2415,320700000,320720458,20458
2416,320750000,320770458,20458
2417,320800000,320820458,20458
2418,320850000,320870458,20458
2419,320900000,320920458,20458
2420,320950000,320970458,20458
2421,321000000,321020458,20458
2422,321050000,321070458,20458
2423,321100000,321120458,20458
2424,321150000,321170458,20458
2425,321200000,321220458,20458
2426,321250000,321270458,20458
2427,321300000,321320458,20458
2428,321350000,321370458,20458
2429,321400000,321420458,20458
2430,321450000,321470458,20458
2431,321500000,321520458,20458
2432,321550000,321570458,20458
2433,321600000,321620458,20458
2434,321650000,321670458,20458
2435,321700000,321720458,20458
2436,321750000,321770458,20458
2437,321800000,321820458,20458
2438,321850000,321870458,20458
2439,321900000,321920458,20458
2440,321950000,321970458,20458
2441,322000000,322020458,20458
2442,322050000,322070458,20458
2443,322100000,322120458,20458
2444,322150000,322170458,20458
2445,322200000,322220458,20458
2446,322250000,322270458,20458
2447,322300000,322320458,20458
2448,322350000,322370458,20458
2449,322400000,322420458,20458
2450,322450000,322470458,20458
2451,322500000,322520458,20458
2452,322550000,322570458,20458
2453,322600000,322620458,20458
2454,322650000,322670458,20458
2455,322700000,322720458,20458
2456,322750000,322770458,20458
2457,322800000,322820458,20458
2458,322850000,322870458,20458
2459,322900000,322920458,20458
2460,322950000,322970458,20458
2461,323000000,323020458,20458
2462,323050000,323070458,20458
2463,323100000,323120458,20458
2464,323150000,323170458,20458
2465,323200000,323220458,20458
2466,323250000,323270458,20458
2467,323300000,323320458,20458
2468,323350000,323370458,20458
2469,323400000,323420458,20458
2470,323450000,323470458,20458
2471,323500000,323520458,20458
2472,323550000,323570458,20458
2473,323600000,323620458,20458
2474,323650000,323670458,20458
2475,323700000,323720458,20458
2476,323750000,323770458,20458
2477,323800000,323820458,20458
2478,323850000,323870458,20458
2479,323900000,323920458,20458
2480,323950000,323970458,20458
2481,324000000,324020458,20458
2482,324050000,324070458,20458
2483,324100000,324120458,20458
2484,324150000,324170458,20458
2485,324200000,324220458,20458
2486,324250000,324270458,20458
2487,324300000,324320458,20458
2488,324350000,324370458,20458
2489,324400000,324420458,20458
2490,324450000,324470458,20458
2491,324500000,324520458,20458
2492,324550000,324570458,20458
2493,324600000,324620458,20458
2494,324650000,324670458,20458
2495,324700000,324720458,20458
2496,324750000,324770458,20458
2497,324800000,324820458,20458
2498,324850000,324870458,20458
2499,324900000,324920458,20458
2500,324950000,324970458,20458
2501,325000000,325020458,20458
2502,325050000,325070458,20458
2503,325100000,325120458,20458
2504,325150000,325170458,20458
2505,325200000,325220458,20458
2506,325250000,325270458,20458
2507,325300000,325320458,20458
2508,325350000,325370458,20458
2509,325400000,325420458,20458
2510,325450000,325470458,20458
2511,325500000,325520458,20458
2512,325550000,325570458,20458
2513,325600000,325620458,20458
2514,325650000,325670458,20458
2515,325700000,325720458,20458
2516,325750000,325770458,20458
2517,325800000,325820458,20458
2518,325850000,325870458,20458
2519,325900000,325920458,20458
2520,325950000,325970458,20458
2521,326000000,326020458,20458
2522,326050000,326070458,20458
2523,326100000,326120458,20458
2524,326150000,326170458,20458
2525,326200000,326220458,20458
2526,326250000,326270458,20458
2527,326300000,326320458,20458
2528,326350000,326370458,20458
2529,326400000,326420458,20458
2530,326450000,326470458,20458
2531,326500000,326520458,20458
2532,326550000,326570458,20458
2533,326600000,326620458,20458
2534,326650000,326670458,20458
2535,326700000,326720458,20458
2536,326750000,326770458,20458
2537,326800000,326820458,20458
2538,326850000,326870458,20458
2539,326900000,326920458,20458
2540,326950000,326970458,20458
2541,327000000,327020458,20458
2542,327050000,327070458,20458
2543,327100000,327120458,20458
2544,327150000,327170458,20458
2545,327200000,327220458,20458
2546,327250000,327270458,20458
2547,327300000,327320458,20458
2548,327350000,327370458,20458
2549,327400000,327420458,20458
2550,327450000,327470458,20458
2551,327500000,327520458,20458
2552,327550000,327570458,20458
2553,327600000,327620458,20458
2554,327650000,327670458,20458
2555,327700000,327720458,20458
2556,327750000,327770458,20458
2557,327800000,327820458,20458
2558,327850000,327870458,20458
2559,327900000,327920458,20458
2560,327950000,327970458,20458
2561,328000000,328020458,20458
2562,328050000,328070458,20458
2563,328100000,328120458,20458
2564,328150000,328170458,20458
2565,328200000,328220458,20458
2566,328250000,328270458,20458
2567,328300000,328320458,20458
2568,328350000,328370458,20458
2569,328400000,328420458,20458
2570,328450000,328470458,20458
2571,328500000,328520458,20458
2572,328550000,328570458,20458
2573,328600000,328620458,20458
2574,328650000,328670458,20458
2575,328700000,328720458,20458
2576,328750000,328770458,20458
2577,328800000,328820458,20458
2578,328850000,328870458,20458
2579,328900000,328920458,20458
2580,328950000,328970458,20458
2581,329000000,329020458,20458
2582,329050000,329070458,20458
2583,329100000,329120458,20458
2584,329150000,329170458,20458
2585,329200000,329220458,20458
2586,329250000,329270458,20458
2587,329300000,329320458,20458
2588,329350000,329370458,20458
2589,329400000,329420458,20458
2590,329450000,329470458,20458
2591,329500000,329520458,20458
2592,329550000,329570458,20458
2593,329600000,329620458,20458
2594,329650000,329670458,20458
2595,329700000,329720458,20458
2596,329750000,329770458,20458
2597,329800000,329820458,20458
2598,329850000,329870458,20458
2599,329900000,329920458,20458
2600,329950000,329970458,20458
2601,330000000,330020458,20458
2602,330050000,330070458,20458
2603,330100000,330120458,20458
2604,330150000,330170458,20458
2605,330200000,330220458,20458
2606,330250000,330270458,20458
2607,330300000,330320458,20458
2608,330350000,330370458,20458
2609,330400000,330420458,20458
2610,330450000,330470458,20458
2611,330500000,330520458,20458
2612,330550000,330570458,20458
2613,330600000,330620458,20458
2614,330650000,330670458,20458
2615,330700000,330720458,20458
2616,330750000,330770458,20458
2617,330800000,330820458,20458
2618,330850000,330870458,20458
2619,330900000,330920458,20458
2620,330950000,330970458,20458
2621,331000000,331020458,20458
2622,331050000,331070458,20458
2623,331100000,331120458,20458
2624,331150000,331170458,20458
2625,331200000,331220458,20458
2626,331250000,331270458,20458
2627,331300000,331320458,20458
2628,331350000,331370458,20458
2629,331400000,331420458,20458
2630,331450000,331470458,20458
2631,331500000,331520458,20458
2632,331550000,331570458,20458
2633,331600000,331620458,20458
2634,331650000,331670458,20458
2635,331700000,331720458,20458
2636,331750000,331770458,20458
2637,331800000,331820458,20458
2638,331850000,331870458,20458
2639,331900000,331920458,20458
2640,331950000,331970458,20458
2641,332000000,332020458,20458
2642,332050000,332070458,20458
2643,332100000,332120458,20458
2644,332150000,332170458,20458
2645,332200000,332220458,20458
2646,332250000,332270458,20458
2647,332300000,332320458,20458
2648,332350000,332370458,20458
2649,332400000,332420458,20458
2650,332450000,332470458,20458
2651,332500000,332520458,20458
2652,332550000,332570458,20458
2653,332600000,332620458,20458
2654,332650000,332670458,20458
2655,332700000,332720458,20458
2656,332750000,332770458,20458
2657,332800000,332820458,20458
2658,332850000,332870458,20458
2659,332900000,332920458,20458
2660,332950000,332970458,20458
2661,333000000,333020458,20458
2662,333050000,333070458,20458
2663,333100000,333120458,20458
2664,333150000,333170458,20458
2665,333200000,333220458,20458
2666,333250000,333270458,20458
2667,333300000,333320458,20458
2668,333350000,333370458,20458
2669,333400000,333420458,20458
2670,333450000,333470458,20458
2671,333500000,333520458,20458
2672,333550000,333570458,20458
2673,333600000,333620458,20458
2674,333650000,333670458,20458
2675,333700000,333720458,20458
2676,333750000,333770458,20458
2677,333800000,333820458,20458
2678,333850000,333870458,20458
2679,333900000,333920458,20458
2680,333950000,333970458,20458
2681,334000000,334020458,20458
2682,334050000,334070458,20458
2683,334100000,334120458,20458
2684,334150000,334170458,20458
2685,334200000,334220458,20458
2686,334250000,334270458,20458
2687,334300000,334320458,20458
2688,334350000,334370458,20458
2689,334400000,334420458,20458
2690,334450000,334470458,20458
2691,334500000,334520458,20458
2692,334550000,334570458,20458
2693,334600000,334620458,20458
2694,334650000,334670458,20458
2695,334700000,334720458,20458
2696,334750000,334770458,20458
2697,334800000,334820458,20458
2698,334850000,334870458,20458
2699,334900000,334920458,20458
2700,334950000,334970458,20458
2701,335000000,335020458,20458
2702,335050000,335070458,20458
2703,335100000,335120458,20458
2704,335150000,335170458,20458
2705,335200000,335220458,20458
2706,335250000,335270458,20458
2707,335300000,335320458,20458
2708,335350000,335370458,20458
2709,335400000,335420458,20458
2710,335450000,335470458,20458
2711,335500000,335520458,20458
2712,335550000,335570458,20458
2713,335600000,335620458,20458
2714,335650000,335670458,20458
2715,335700000,335720458,20458
2716,335750000,335770458,20458
2717,335800000,335820458,20458
2718,335850000,335870458,20458
2719,335900000,335920458,20458
2720,335950000,335970458,20458
2721,336000000,336020458,20458
2722,336050000,336070458,20458
2723,336100000,336120458,20458
2724,336150000,336170458,20458
2725,336200000,336220458,20458
2726,336250000,336270458,20458
2727,336300000,336320458,20458
2728,336350000,336370458,20458
2729,336400000,336420458,20458
2730,336450000,336470458,20458
2731,336500000,336520458,20458
2732,336550000,336570458,20458
2733,336600000,336620458,20458
2734,336650000,336670458,20458
2735,336700000,336720458,20458
2736,336750000,336770458,20458
2737,336800000,336820458,20458
2738,336850000,336870458,20458
2739,336900000,336920458,20458
2740,336950000,336970458,20458
2741,337000000,337020458,20458
2742,337050000,337070458,20458
2743,337100000,337120458,20458
2744,337150000,337170458,20458
2745,337200000,337220458,20458
2746,337250000,337270458,20458
2747,337300000,337320458,20458
2748,337350000,337370458,20458
2749,337400000,337420458,20458
2750,337450000,337470458,20458
2751,337500000,337520458,20458
2752,337550000,337570458,20458
2753,337600000,337620458,20458
2754,337650000,337670458,20458
2755,337700000,337720458,20458
2756,337750000,337770458,20458
2757,337800000,337820458,20458
2758,337850000,337870458,20458
2759,337900000,337920458,20458
2760,337950000,337970458,20458
2761,338000000,338020458,20458
2762,338050000,338070458,20458
2763,338100000,338120458,20458
2764,338150000,338170458,20458
2765,338200000,338220458,20458
2766,338250000,338270458,20458
2767,338300000,338320458,20458
2768,338350000,338370458,20458
2769,338400000,338420458,20458
2770,338450000,338470458,20458
2771,338500000,338520458,20458
2772,338550000,338570458,20458
2773,338600000,338620458,20458
2774,338650000,338670458,20458
2775,338700000,338720458,20458
2776,338750000,338770458,20458
2777,338800000,338820458,20458
2778,338850000,338870458,20458
2779,338900000,338920458,20458
2780,338950000,338970458,20458
2781,339000000,339020458,20458
2782,339050000,339070458,20458
2783,339100000,339120458,20458
2784,339150000,339170458,20458
2785,339200000,339220458,20458
2786,339250000,339270458,20458
2787,339300000,339320458,20458
2788,339350000,339370458,20458
2789,339400000,339420458,20458
2790,339450000,339470458,20458
2791,339500000,339520458,20458
2792,339550000,339570458,20458
2793,339600000,339620458,20458
2794,339650000,339670458,20458
2795,339700000,339720458,20458
2796,339750000,339770458,20458
2797,339800000,339820458,20458
2798,339850000,339870458,20458
2799,339900000,339920458,20458
2800,339950000,339970458,20458
2801,340000000,340020458,20458
2802,340050000,340070458,20458
2803,340100000,340120458,20458
2804,340150000,340170458,20458
2805,340200000,340220458,20458
2806,340250000,340270458,20458
2807,340300000,340320458,20458
2808,340350000,340370458,20458
2809,340400000,340420458,20458
2810,340450000,340470458,20458
2811,340500000,340520458,20458
2812,340550000,340570458,20458
2813,340600000,340620458,20458
2814,340650000,340670458,20458
2815,340700000,340720458,20458
2816,340750000,340770458,20458
2817,340800000,340820458,20458
2818,340850000,340870458,20458
2819,340900000,340920458,20458
2820,340950000,340970458,20458
2821,341000000,341020458,20458
2822,341050000,341070458,20458
2823,341100000,341120458,20458
2824,341150000,341170458,20458
2825,341200000,341220458,20458
2826,341250000,341270458,20458
2827,341300000,341320458,20458
2828,341350000,341370458,20458
2829,341400000,341420458,20458
2830,341450000,341470458,20458
2831,341500000,341520458,20458
2832,341550000,341570458,20458
2833,341600000,341620458,20458
2834,341650000,341670458,20458
2835,341700000,341720458,20458
2836,341750000,341770458,20458
2837,341800000,341820458,20458
2838,341850000,341870458,20458
2839,341900000,341920458,20458
2840,341950000,341970458,20458
2841,342000000,342020458,20458
2842,342050000,342070458,20458
2843,342100000,342120458,20458
2844,342150000,342170458,20458
2845,342200000,342220458,20458
2846,342250000,342270458,20458
2847,342300000,342320458,20458
2848,342350000,342370458,20458
2849,342400000,342420458,20458
2850,342450000,342470458,20458
2851,342500000,342520458,20458
2852,342550000,342570458,20458
2853,342600000,342620458,20458
2854,342650000,342670458,20458
2855,342700000,342720458,20458
2856,342750000,342770458,20458
2857,342800000,342820458,20458
2858,342850000,342870458,20458
2859,342900000,342920458,20458
2860,342950000,342970458,20458
2861,343000000,343020458,20458
2862,343050000,343070458,20458
2863,343100000,343120458,20458
2864,343150000,343170458,20458
2865,343200000,343220458,20458
2866,343250000,343270458,20458
2867,343300000,343320458,20458
2868,343350000,343370458,20458
2869,343400000,343420458,20458
2870,343450000,343470458,20458
2871,343500000,343520458,20458
2872,343550000,343570458,20458
2873,343600000,343620458,20458
2874,343650000,343670458,20458
2875,343700000,343720458,20458
2876,343750000,343770458,20458
2877,343800000,343820458,20458
2878,343850000,343870458,20458
2879,343900000,343920458,20458
2880,343950000,343970458,20458
2881,344000000,344020458,20458
2882,344050000,344070458,20458
2883,344100000,344120458,20458
2884,344150000,344170458,20458
2885,344200000,344220458,20458
2886,344250000,344270458,20458
2887,344300000,344320458,20458
2888,344350000,344370458,20458
2889,344400000,344420458,20458
2890,344450000,344470458,20458
2891,344500000,344520458,20458
2892,344550000,344570458,20458
2893,344600000,344620458,20458
2894,344650000,344670458,20458
2895,344700000,344720458,20458
2896,344750000,344770458,20458
2897,344800000,344820458,20458
2898,344850000,344870458,20458
2899,344900000,344920458,20458
2900,344950000,344970458,20458
2901,345000000,345020458,20458
2902,345050000,345070458,20458
2903,345100000,345120458,20458
2904,345150000,345170458,20458
2905,345200000,345220458,20458
2906,345250000,345270458,20458
2907,345300000,345320458,20458
2908,345350000,345370458,20458
2909,345400000,345420458,20458
2910,345450000,345470458,20458
2911,345500000,345520458,20458
2912,345550000,345570458,20458
2913,345600000,345620458,20458
2914,345650000,345670458,20458
2915,345700000,345720458,20458
2916,345750000,345770458,20458
2917,345800000,345820458,20458
2918,345850000,345870458,20458
2919,345900000,345920458,20458
2920,345950000,345970458,20458
2921,346000000,346020458,20458
2922,346050000,346070458,20458
2923,346100000,346120458,20458
2924,346150000,346170458,20458
2925,346200000,346220458,20458
2926,346250000,346270458,20458
2927,346300000,346320458,20458
2928,346350000,346370458,20458
2929,346400000,346420458,20458
2930,346450000,346470458,20458
2931,346500000,346520458,20458
2932,346550000,346570458,20458
2933,346600000,346620458,20458
2934,346650000,346670458,20458
2935,346700000,346720458,20458
2936,346750000,346770458,20458
2937,346800000,346820458,20458
2938,346850000,346870458,20458
2939,346900000,346920458,20458
2940,346950000,346970458,20458
2941,347000000,347020458,20458
2942,347050000,347070458,20458
2943,347100000,347120458,20458
2944,347150000,347170458,20458
2945,347200000,347220458,20458
2946,347250000,347270458,20458
2947,347300000,347320458,20458
2948,347350000,347370458,20458
2949,347400000,347420458,20458
2950,347450000,347470458,20458
2951,347500000,347520458,20458
2952,347550000,347570458,20458
2953,347600000,347620458,20458
2954,347650000,347670458,20458
2955,347700000,347720458,20458
2956,347750000,347770458,20458
2957,347800000,347820458,20458
2958,347850000,347870458,20458
2959,347900000,347920458,20458
2960,347950000,347970458,20458
2961,348000000,348020458,20458
2962,348050000,348070458,20458
2963,348100000,348120458,20458
2964,348150000,348170458,20458
2965,348200000,348220458,20458
2966,348250000,348270458,20458
2967,348300000,348320458,20458
2968,348350000,348370458,20458
2969,348400000,348420458,20458
2970,348450000,348470458,20458
2971,348500000,348520458,20458
2972,348550000,348570458,20458
2973,348600000,348620458,20458
2974,348650000,348670458,20458
2975,348700000,348720458,20458
2976,348750000,348770458,20458
2977,348800000,348820458,20458
2978,348850000,348870458,20458
2979,348900000,348920458,20458
2980,348950000,348970458,20458
2981,349000000,349020458,20458
2982,349050000,349070458,20458
2983,349100000,349120458,20458
2984,349150000,349170458,20458
2985,349200000,349220458,20458
2986,349250000,349270458,20458
2987,349300000,349320458,20458
2988,349350000,349370458,20458
2989,349400000,349420458,20458
2990,349450000,349470458,20458
2991,349500000,349520458,20458
2992,349550000,349570458,20458
2993,349600000,349620458,20458
2994,349650000,349670458,20458
2995,349700000,349720458,20458
2996,349750000,349770458,20458
2997,349800000,349820458,20458
2998,349850000,349870458,20458
2999,349900000,349920458,20458
3000,349950000,349970458,20458
3001,350000000,350020458,20458
3002,350050000,350070458,20458
3003,350100000,350120458,20458
3004,350150000,350170458,20458
3005,350200000,350220458,20458
3006,350250000,350270458,20458
3007,350300000,350320458,20458
3008,350350000,350370458,20458
3009,350400000,350420458,20458
3010,350450000,350470458,20458
3011,350500000,350520458,20458
3012,350550000,350570458,20458
3013,350600000,350620458,20458
3014,350650000,350670458,20458
3015,350700000,350720458,20458
3016,350750000,350770458,20458
3017,350800000,350820458,20458
3018,350850000,350870458,20458
3019,350900000,350920458,20458
3020,350950000,350970458,20458
3021,351000000,351020458,20458
3022,351050000,351070458,20458
3023,351100000,351120458,20458
3024,351150000,351170458,20458
3025,351200000,351220458,20458
3026,351250000,351270458,20458
3027,351300000,351320458,20458
3028,351350000,351370458,20458
3029,351400000,351420458,20458
3030,351450000,351470458,20458
3031,351500000,351520458,20458
3032,351550000,351570458,20458
3033,351600000,351620458,20458
3034,351650000,351670458,20458
3035,351700000,351720458,20458
3036,351750000,351770458,20458
3037,351800000,351820458,20458
3038,351850000,351870458,20458
3039,351900000,351920458,20458
3040,351950000,351970458,20458
3041,352000000,352020458,20458
3042,352050000,352070458,20458
3043,352100000,352120458,20458
3044,352150000,352170458,20458
3045,352200000,352220458,20458
3046,352250000,352270458,20458
3047,352300000,352320458,20458
3048,352350000,352370458,20458
3049,352400000,352420458,20458
3050,352450000,352470458,20458
3051,352500000,352520458,20458
3052,352550000,352570458,20458
3053,352600000,352620458,20458
3054,352650000,352670458,20458
3055,352700000,352720458,20458
3056,352750000,352770458,20458
3057,352800000,352820458,20458
3058,352850000,352870458,20458
3059,352900000,352920458,20458
3060,352950000,352970458,20458
3061,353000000,353020458,20458
3062,353050000,353070458,20458
3063,353100000,353120458,20458
3064,353150000,353170458,20458
3065,353200000,353220458,20458
3066,353250000,353270458,20458
3067,353300000,353320458,20458
3068,353350000,353370458,20458
3069,353400000,353420458,20458
3070,353450000,353470458,20458
3071,353500000,353520458,20458
3072,353550000,353570458,20458
3073,353600000,353620458,20458
3074,353650000,353670458,20458
3075,353700000,353720458,20458
3076,353750000,353770458,20458
3077,353800000,353820458,20458
3078,353850000,353870458,20458
3079,353900000,353920458,20458
3080,353950000,353970458,20458
3081,354000000,354020458,20458
3082,354050000,354070458,20458
3083,354100000,354120458,20458
3084,354150000,354170458,20458
3085,354200000,354220458,20458
3086,354250000,354270458,20458
3087,354300000,354320458,20458
3088,354350000,354370458,20458
3089,354400000,354420458,20458
3090,354450000,354470458,20458
3091,354500000,354520458,20458
3092,354550000,354570458,20458
3093,354600000,354620458,20458
3094,354650000,354670458,20458
3095,354700000,354720458,20458
3096,354750000,354770458,20458
3097,354800000,354820458,20458
3098,354850000,354870458,20458
3099,354900000,354920458,20458
3100,354950000,354970458,20458
3101,355000000,355020458,20458
3102,355050000,355070458,20458
3103,355100000,355120458,20458
3104,355150000,355170458,20458
3105,355200000,355220458,20458
3106,355250000,355270458,20458
3107,355300000,355320458,20458
3108,355350000,355370458,20458
3109,355400000,355420458,20458
3110,355450000,355470458,20458
3111,355500000,355520458,20458
3112,355550000,355570458,20458
3113,355600000,355620458,20458
3114,355650000,355670458,20458
3115,355700000,355720458,20458
3116,355750000,355770458,20458
3117,355800000,355820458,20458
3118,355850000,355870458,20458
3119,355900000,355920458,20458
3120,355950000,355970458,20458
3121,356000000,356020458,20458
3122,356050000,356070458,20458
3123,356100000,356120458,20458
3124,356150000,356170458,20458
3125,356200000,356220458,20458
3126,356250000,356270458,20458
3127,356300000,356320458,20458
3128,356350000,356370458,20458
3129,356400000,356420458,20458
3130,356450000,356470458,20458
3131,356500000,356520458,20458
3132,356550000,356570458,20458
3133,356600000,356620458,20458
3134,356650000,356670458,20458
3135,356700000,356720458,20458
3136,356750000,356770458,20458
3137,356800000,356820458,20458
3138,356850000,356870458,20458
3139,356900000,356920458,20458
3140,356950000,356970458,20458
3141,357000000,357020458,20458
3142,357050000,357070458,20458
3143,357100000,357120458,20458
3144,357150000,357170458,20458
3145,357200000,357220458,20458
3146,357250000,357270458,20458
3147,357300000,357320458,20458
3148,357350000,357370458,20458
3149,357400000,357420458,20458
3150,357450000,357470458,20458
3151,357500000,357520458,20458
3152,357550000,357570458,20458
3153,357600000,357620458,20458
3154,357650000,357670458,20458
3155,357700000,357720458,20458
3156,357750000,357770458,20458
3157,357800000,357820458,20458
3158,357850000,357870458,20458
3159,357900000,357920458,20458
3160,357950000,357970458,20458
3161,358000000,358020458,20458
3162,358050000,358070458,20458
3163,358100000,358120458,20458
3164,358150000,358170458,20458
3165,358200000,358220458,20458
3166,358250000,358270458,20458
3167,358300000,358320458,20458
3168,358350000,358370458,20458
3169,358400000,358420458,20458
3170,358450000,358470458,20458
3171,358500000,358520458,20458
3172,358550000,358570458,20458
3173,358600000,358620458,20458
3174,358650000,358670458,20458
3175,358700000,358720458,20458
3176,358750000,358770458,20458
3177,358800000,358820458,20458
3178,358850000,358870458,20458
3179,358900000,358920458,20458
3180,358950000,358970458,20458
3181,359000000,359020458,20458
3182,359050000,359070458,20458
3183,359100000,359120458,20458
3184,359150000,359170458,20458
3185,359200000,359220458,20458
3186,359250000,359270458,20458
3187,359300000,359320458,20458
3188,359350000,359370458,20458
3189,359400000,359420458,20458
3190,359450000,359470458,20458
3191,359500000,359520458,20458
3192,359550000,359570458,20458
3193,359600000,359620458,20458
3194,359650000,359670458,20458
3195,359700000,359720458,20458
3196,359750000,359770458,20458
3197,359800000,359820458,20458
3198,359850000,359870458,20458
3199,359900000,359920458,20458
3200,359950000,359970458,20458
3201,360000000,360020458,20458
3202,360050000,360070458,20458
3203,360100000,360120458,20458
3204,360150000,360170458,20458
3205,360200000,360220458,20458
3206,360250000,360270458,20458
3207,360300000,360320458,20458
3208,360350000,360370458,20458
3209,360400000,360420458,20458
3210,360450000,360470458,20458
3211,360500000,360520458,20458
3212,360550000,360570458,20458
3213,360600000,360620458,20458
3214,360650000,360670458,20458
3215,360700000,360720458,20458
3216,360750000,360770458,20458
3217,360800000,360820458,20458
3218,360850000,360870458,20458
3219,360900000,360920458,20458
3220,360950000,360970458,20458
3221,361000000,361020458,20458
3222,361050000,361070458,20458
3223,361100000,361120458,20458
3224,361150000,361170458,20458
3225,361200000,361220458,20458
3226,361250000,361270458,20458
3227,361300000,361320458,20458
3228,361350000,361370458,20458
3229,361400000,361420458,20458
3230,361450000,361470458,20458
3231,361500000,361520458,20458
3232,361550000,361570458,20458
3233,361600000,361620458,20458
3234,361650000,361670458,20458
3235,361700000,361720458,20458
3236,361750000,361770458,20458
3237,361800000,361820458,20458
3238,361850000,361870458,20458
3239,361900000,361920458,20458
3240,361950000,361970458,20458
3241,362000000,362020458,20458
3242,362050000,362070458,20458
3243,362100000,362120458,20458
3244,362150000,362170458,20458
3245,362200000,362220458,20458
3246,362250000,362270458,20458
3247,362300000,362320458,20458
3248,362350000,362370458,20458
3249,362400000,362420458,20458
3250,362450000,362470458,20458
3251,362500000,362520458,20458
3252,362550000,362570458,20458
3253,362600000,362620458,20458
3254,362650000,362670458,20458
3255,362700000,362720458,20458
3256,362750000,362770458,20458
3257,362800000,362820458,20458
3258,362850000,362870458,20458
3259,362900000,362920458,20458
3260,362950000,362970458,20458
3261,363000000,363020458,20458
3262,363050000,363070458,20458
3263,363100000,363120458,20458
3264,363150000,363170458,20458
3265,363200000,363220458,20458
3266,363250000,363270458,20458
3267,363300000,363320458,20458
3268,363350000,363370458,20458
3269,363400000,363420458,20458
3270,363450000,363470458,20458
3271,363500000,363520458,20458
3272,363550000,363570458,20458
3273,363600000,363620458,20458
3274,363650000,363670458,20458
3275,363700000,363720458,20458
3276,363750000,363770458,20458
3277,363800000,363820458,20458
3278,363850000,363870458,20458
3279,363900000,363920458,20458
3280,363950000,363970458,20458
3281,364000000,364020458,20458
3282,364050000,364070458,20458
3283,364100000,364120458,20458
3284,364150000,364170458,20458
3285,364200000,364220458,20458
3286,364250000,364270458,20458
3287,364300000,364320458,20458
3288,364350000,364370458,20458
3289,364400000,364420458,20458
3290,364450000,364470458,20458
3291,364500000,364520458,20458
3292,364550000,364570458,20458
3293,364600000,364620458,20458
3294,364650000,364670458,20458
3295,364700000,364720458,20458
3296,364750000,364770458,20458
3297,364800000,364820458,20458
3298,364850000,364870458,20458
3299,364900000,364920458,20458
3300,364950000,364970458,20458
3301,365000000,365020458,20458
3302,365050000,365070458,20458
3303,365100000,365120458,20458
3304,365150000,365170458,20458
3305,365200000,365220458,20458
3306,365250000,365270458,20458
3307,365300000,365320458,20458
3308,365350000,365370458,20458
3309,365400000,365420458,20458
3310,365450000,365470458,20458
3311,365500000,365520458,20458
3312,365550000,365570458,20458
3313,365600000,365620458,20458
3314,365650000,365670458,20458
3315,365700000,365720458,20458
3316,365750000,365770458,20458
3317,365800000,365820458,20458
3318,365850000,365870458,20458
3319,365900000,365920458,20458
3320,365950000,365970458,20458
3321,366000000,366020458,20458
3322,366050000,366070458,20458
3323,366100000,366120458,20458
3324,366150000,366170458,20458
3325,366200000,366220458,20458
3326,366250000,366270458,20458
3327,366300000,366320458,20458
3328,366350000,366370458,20458
3329,366400000,366420458,20458
3330,366450000,366470458,20458
3331,366500000,366520458,20458
3332,366550000,366570458,20458
3333,366600000,366620458,20458
3334,366650000,366670458,20458
3335,366700000,366720458,20458
3336,366750000,366770458,20458
3337,366800000,366820458,20458
3338,366850000,366870458,20458
3339,366900000,366920458,20458
3340,366950000,366970458,20458
3341,367000000,367020458,20458
3342,367050000,367070458,20458
3343,367100000,367120458,20458
3344,367150000,367170458,20458
3345,367200000,367220458,20458
3346,367250000,367270458,20458
3347,367300000,367320458,20458
3348,367350000,367370458,20458
3349,367400000,367420458,20458
3350,367450000,367470458,20458
3351,367500000,367520458,20458
3352,367550000,367570458,20458
3353,367600000,367620458,20458
3354,367650000,367670458,20458
3355,367700000,367720458,20458
3356,367750000,367770458,20458
3357,367800000,367820458,20458
3358,367850000,367870458,20458
3359,367900000,367920458,20458
3360,367950000,367970458,20458
3361,368000000,368020458,20458
3362,368050000,368070458,20458
3363,368100000,368120458,20458
3364,368150000,368170458,20458
3365,368200000,368220458,20458
3366,368250000,368270458,20458
3367,368300000,368320458,20458
3368,368350000,368370458,20458
3369,368400000,368420458,20458
3370,368450000,368470458,20458
3371,368500000,368520458,20458
3372,368550000,368570458,20458
3373,368600000,368620458,20458
3374,368650000,368670458,20458
3375,368700000,368720458,20458
3376,368750000,368770458,20458
3377,368800000,368820458,20458
3378,368850000,368870458,20458
3379,368900000,368920458,20458
3380,368950000,368970458,20458
3381,369000000,369020458,20458
3382,369050000,369070458,20458
3383,369100000,369120458,20458
3384,369150000,369170458,20458
3385,369200000,369220458,20458
3386,369250000,369270458,20458
3387,369300000,369320458,20458
3388,369350000,369370458,20458
3389,369400000,369420458,20458
3390,369450000,369470458,20458
3391,369500000,369520458,20458
3392,369550000,369570458,20458
3393,369600000,369620458,20458
3394,369650000,369670458,20458
3395,369700000,369720458,20458
3396,369750000,369770458,20458
3397,369800000,369820458,20458
3398,369850000,369870458,20458
3399,369900000,369920458,20458
3400,369950000,369970458,20458
3401,370000000,370020458,20458
3402,370050000,370070458,20458
3403,370100000,370120458,20458
3404,370150000,370170458,20458
3405,370200000,370220458,20458
3406,370250000,370270458,20458
3407,370300000,370320458,20458
3408,370350000,370370458,20458
3409,370400000,370420458,20458
3410,370450000,370470458,20458
3411,370500000,370520458,20458
3412,370550000,370570458,20458
3413,370600000,370620458,20458
3414,370650000,370670458,20458
3415,370700000,370720458,20458
3416,370750000,370770458,20458
3417,370800000,370820458,20458
3418,370850000,370870458,20458
3419,370900000,370920458,20458
3420,370950000,370970458,20458
3421,371000000,371020458,20458
3422,371050000,371070458,20458
3423,371100000,371120458,20458
3424,371150000,371170458,20458
3425,371200000,371220458,20458
3426,371250000,371270458,20458
3427,371300000,371320458,20458
3428,371350000,371370458,20458
3429,371400000,371420458,20458
3430,371450000,371470458,20458
3431,371500000,371520458,20458
3432,371550000,371570458,20458
3433,371600000,371620458,20458
3434,371650000,371670458,20458
3435,371700000,371720458,20458
3436,371750000,371770458,20458
3437,371800000,371820458,20458
3438,371850000,371870458,20458
3439,371900000,371920458,20458
3440,371950000,371970458,20458
3441,372000000,372020458,20458
3442,372050000,372070458,20458
3443,372100000,372120458,20458
3444,372150000,372170458,20458
3445,372200000,372220458,20458
3446,372250000,372270458,20458
3447,372300000,372320458,20458
3448,372350000,372370458,20458
3449,372400000,372420458,20458
3450,372450000,372470458,20458
3451,372500000,372520458,20458
3452,372550000,372570458,20458
3453,372600000,372620458,20458
3454,372650000,372670458,20458
3455,372700000,372720458,20458
3456,372750000,372770458,20458
3457,372800000,372820458,20458
3458,372850000,372870458,20458
3459,372900000,372920458,20458
3460,372950000,372970458,20458
3461,373000000,373020458,20458
3462,373050000,373070458,20458
3463,373100000,373120458,20458
3464,373150000,373170458,20458
3465,373200000,373220458,20458
3466,373250000,373270458,20458
3467,373300000,373320458,20458
3468,373350000,373370458,20458
3469,373400000,373420458,20458
3470,373450000,373470458,20458
3471,373500000,373520458,20458
3472,373550000,373570458,20458
3473,373600000,373620458,20458
3474,373650000,373670458,20458
3475,373700000,373720458,20458
3476,373750000,373770458,20458
3477,373800000,373820458,20458
3478,373850000,373870458,20458
3479,373900000,373920458,20458
3480,373950000,373970458,20458
3481,374000000,374020458,20458
3482,374050000,374070458,20458
3483,374100000,374120458,20458
3484,374150000,374170458,20458
3485,374200000,374220458,20458
3486,374250000,374270458,20458
3487,374300000,374320458,20458
3488,374350000,374370458,20458
3489,374400000,374420458,20458
3490,374450000,374470458,20458
3491,374500000,374520458,20458
3492,374550000,374570458,20458
3493,374600000,374620458,20458
3494,374650000,374670458,20458
3495,374700000,374720458,20458
3496,374750000,374770458,20458
3497,374800000,374820458,20458
3498,374850000,374870458,20458
3499,374900000,374920458,20458
3500,374950000,374970458,20458
3501,375000000,375020458,20458
3502,375050000,375070458,20458
3503,375100000,375120458,20458
3504,375150000,375170458,20458
3505,375200000,375220458,20458
3506,375250000,375270458,20458
3507,375300000,375320458,20458
3508,375350000,375370458,20458
3509,375400000,375420458,20458
3510,375450000,375470458,20458
3511,375500000,375520458,20458
3512,375550000,375570458,20458
3513,375600000,375620458,20458
3514,375650000,375670458,20458
3515,375700000,375720458,20458
3516,375750000,375770458,20458
3517,375800000,375820458,20458
3518,375850000,375870458,20458
3519,375900000,375920458,20458
3520,375950000,375970458,20458
3521,376000000,376020458,20458
3522,376050000,376070458,20458
3523,376100000,376120458,20458
3524,376150000,376170458,20458
3525,376200000,376220458,20458
3526,376250000,376270458,20458
3527,376300000,376320458,20458
3528,376350000,376370458,20458
3529,376400000,376420458,20458
3530,376450000,376470458,20458
3531,376500000,376520458,20458
3532,376550000,376570458,20458
3533,376600000,376620458,20458
3534,376650000,376670458,20458
3535,376700000,376720458,20458
3536,376750000,376770458,20458
3537,376800000,376820458,20458
3538,376850000,376870458,20458
3539,376900000,376920458,20458
3540,376950000,376970458,20458
3541,377000000,377020458,20458
3542,377050000,377070458,20458
3543,377100000,377120458,20458
3544,377150000,377170458,20458
3545,377200000,377220458,20458
3546,377250000,377270458,20458
3547,377300000,377320458,20458
3548,377350000,377370458,20458
3549,377400000,377420458,20458
3550,377450000,377470458,20458
3551,377500000,377520458,20458
3552,377550000,377570458,20458
3553,377600000,377620458,20458
3554,377650000,377670458,20458
3555,377700000,377720458,20458
3556,377750000,377770458,20458
3557,377800000,377820458,20458
3558,377850000,377870458,20458
3559,377900000,377920458,20458
3560,377950000,377970458,20458
3561,378000000,378020458,20458
3562,378050000,378070458,20458
3563,378100000,378120458,20458
3564,378150000,378170458,20458
3565,378200000,378220458,20458
3566,378250000,378270458,20458
3567,378300000,378320458,20458
3568,378350000,378370458,20458
3569,378400000,378420458,20458
3570,378450000,378470458,20458
3571,378500000,378520458,20458
3572,378550000,378570458,20458
3573,378600000,378620458,20458
3574,378650000,378670458,20458
3575,378700000,378720458,20458
3576,378750000,378770458,20458
3577,378800000,378820458,20458
3578,378850000,378870458,20458
3579,378900000,378920458,20458
3580,378950000,378970458,20458
3581,379000000,379020458,20458
3582,379050000,379070458,20458
3583,379100000,379120458,20458
3584,379150000,379170458,20458
3585,379200000,379220458,20458
3586,379250000,379270458,20458
3587,379300000,379320458,20458
3588,379350000,379370458,20458
3589,379400000,379420458,20458
3590,379450000,379470458,20458
3591,379500000,379520458,20458
3592,379550000,379570458,20458
3593,379600000,379620458,20458
3594,379650000,379670458,20458
3595,379700000,379720458,20458
3596,379750000,379770458,20458
3597,379800000,379820458,20458
3598,379850000,379870458,20458
3599,379900000,379920458,20458
3600,379950000,379970458,20458
3601,380000000,380020458,20458
3602,380050000,380070458,20458
3603,380100000,380120458,20458
3604,380150000,380170458,20458
3605,380200000,380220458,20458
3606,380250000,380270458,20458
3607,380300000,380320458,20458
3608,380350000,380370458,20458
3609,380400000,380420458,20458
3610,380450000,380470458,20458
3611,380500000,380520458,20458
3612,380550000,380570458,20458
3613,380600000,380620458,20458
3614,380650000,380670458,20458
3615,380700000,380720458,20458
3616,380750000,380770458,20458
3617,380800000,380820458,20458
3618,380850000,380870458,20458
3619,380900000,380920458,20458
3620,380950000,380970458,20458
3621,381000000,381020458,20458
3622,381050000,381070458,20458
3623,381100000,381120458,20458
3624,381150000,381170458,20458
3625,381200000,381220458,20458
3626,381250000,381270458,20458
3627,381300000,381320458,20458
3628,381350000,381370458,20458
3629,381400000,381420458,20458
3630,381450000,381470458,20458
3631,381500000,381520458,20458
3632,381550000,381570458,20458
3633,381600000,381620458,20458
3634,381650000,381670458,20458
3635,381700000,381720458,20458
3636,381750000,381770458,20458
3637,381800000,381820458,20458
3638,381850000,381870458,20458
3639,381900000,381920458,20458
3640,381950000,381970458,20458
3641,382000000,382020458,20458
3642,382050000,382070458,20458
3643,382100000,382120458,20458
3644,382150000,382170458,20458
3645,382200000,382220458,20458
3646,382250000,382270458,20458
3647,382300000,382320458,20458
3648,382350000,382370458,20458
3649,382400000,382420458,20458
3650,382450000,382470458,20458
3651,382500000,382520458,20458
3652,382550000,382570458,20458
3653,382600000,382620458,20458
3654,382650000,382670458,20458
3655,382700000,382720458,20458
3656,382750000,382770458,20458
3657,382800000,382820458,20458
3658,382850000,382870458,20458
3659,382900000,382920458,20458
3660,382950000,382970458,20458
3661,383000000,383020458,20458
3662,383050000,383070458,20458
3663,383100000,383120458,20458
3664,383150000,383170458,20458
3665,383200000,383220458,20458
3666,383250000,383270458,20458
3667,383300000,383320458,20458
3668,383350000,383370458,20458
3669,383400000,383420458,20458
3670,383450000,383470458,20458
3671,383500000,383520458,20458
3672,383550000,383570458,20458
3673,383600000,383620458,20458
3674,383650000,383670458,20458
3675,383700000,383720458,20458
3676,383750000,383770458,20458
3677,383800000,383820458,20458
3678,383850000,383870458,20458
3679,383900000,383920458,20458
3680,383950000,383970458,20458
3681,384000000,384020458,20458
3682,384050000,384070458,20458
3683,384100000,384120458,20458
3684,384150000,384170458,20458
3685,384200000,384220458,20458
3686,384250000,384270458,20458
3687,384300000,384320458,20458
3688,384350000,384370458,20458
3689,384400000,384420458,20458
3690,384450000,384470458,20458
3691,384500000,384520458,20458
3692,384550000,384570458,20458
3693,384600000,384620458,20458
3694,384650000,384670458,20458
3695,384700000,384720458,20458
3696,384750000,384770458,20458
3697,384800000,384820458,20458
3698,384850000,384870458,20458
3699,384900000,384920458,20458
3700,384950000,384970458,20458
3701,385000000,385020458,20458
3702,385050000,385070458,20458
3703,385100000,385120458,20458
3704,385150000,385170458,20458
3705,385200000,385220458,20458
3706,385250000,385270458,20458
3707,385300000,385320458,20458
3708,385350000,385370458,20458
3709,385400000,385420458,20458
3710,385450000,385470458,20458
3711,385500000,385520458,20458
3712,385550000,385570458,20458
3713,385600000,385620458,20458
3714,385650000,385670458,20458
3715,385700000,385720458,20458
3716,385750000,385770458,20458
3717,385800000,385820458,20458
3718,385850000,385870458,20458
3719,385900000,385920458,20458
3720,385950000,385970458,20458
3721,386000000,386020458,20458
3722,386050000,386070458,20458
3723,386100000,386120458,20458
3724,386150000,386170458,20458
3725,386200000,386220458,20458
3726,386250000,386270458,20458
3727,386300000,386320458,20458
3728,386350000,386370458,20458
3729,386400000,386420458,20458
3730,386450000,386470458,20458
3731,386500000,386520458,20458
3732,386550000,386570458,20458
3733,386600000,386620458,20458
3734,386650000,386670458,20458
3735,386700000,386720458,20458
3736,386750000,386770458,20458
3737,386800000,386820458,20458
3738,386850000,386870458,20458
3739,386900000,386920458,20458
3740,386950000,386970458,20458
3741,387000000,387020458,20458
3742,387050000,387070458,20458
3743,387100000,387120458,20458
3744,387150000,387170458,20458
3745,387200000,387220458,20458
3746,387250000,387270458,20458
3747,387300000,387320458,20458
3748,387350000,387370458,20458
3749,387400000,387420458,20458
3750,387450000,387470458,20458
3751,387500000,387520458,20458
3752,387550000,387570458,20458
3753,387600000,387620458,20458
3754,387650000,387670458,20458
3755,387700000,387720458,20458
3756,387750000,387770458,20458
3757,387800000,387820458,20458
3758,387850000,387870458,20458
3759,387900000,387920458,20458
3760,387950000,387970458,20458
3761,388000000,388020458,20458
3762,388050000,388070458,20458
3763,388100000,388120458,20458
3764,388150000,388170458,20458
3765,388200000,388220458,20458
3766,388250000,388270458,20458
3767,388300000,388320458,20458
3768,388350000,388370458,20458
3769,388400000,388420458,20458
3770,388450000,388470458,20458
3771,388500000,388520458,20458
3772,388550000,388570458,20458
3773,388600000,388620458,20458
3774,388650000,388670458,20458
3775,388700000,388720458,20458
3776,388750000,388770458,20458
3777,388800000,388820458,20458
3778,388850000,388870458,20458
3779,388900000,388920458,20458
3780,388950000,388970458,20458
3781,389000000,389020458,20458
3782,389050000,389070458,20458
3783,389100000,389120458,20458
3784,389150000,389170458,20458
3785,389200000,389220458,20458
3786,389250000,389270458,20458
3787,389300000,389320458,20458
3788,389350000,389370458,20458
3789,389400000,389420458,20458
3790,389450000,389470458,20458
3791,389500000,389520458,20458
3792,389550000,389570458,20458
3793,389600000,389620458,20458
3794,389650000,389670458,20458
3795,389700000,389720458,20458
3796,389750000,389770458,20458
3797,389800000,389820458,20458
3798,389850000,389870458,20458
3799,389900000,389920458,20458
3800,389950000,389970458,20458
3801,390000000,390020458,20458
3802,390050000,390070458,20458
3803,390100000,390120458,20458
3804,390150000,390170458,20458
3805,390200000,390220458,20458
3806,390250000,390270458,20458
3807,390300000,390320458,20458
3808,390350000,390370458,20458
3809,390400000,390420458,20458
3810,390450000,390470458,20458
3811,390500000,390520458,20458
3812,390550000,390570458,20458
3813,390600000,390620458,20458
3814,390650000,390670458,20458
3815,390700000,390720458,20458
3816,390750000,390770458,20458
3817,390800000,390820458,20458
3818,390850000,390870458,20458
3819,390900000,390920458,20458
3820,390950000,390970458,20458
3821,391000000,391020458,20458
3822,391050000,391070458,20458
3823,391100000,391120458,20458
3824,391150000,391170458,20458
3825,391200000,391220458,20458
3826,391250000,391270458,20458
3827,391300000,391320458,20458
3828,391350000,391370458,20458
3829,391400000,391420458,20458
3830,391450000,391470458,20458
3831,391500000,391520458,20458
3832,391550000,391570458,20458
3833,391600000,391620458,20458
3834,391650000,391670458,20458
3835,391700000,391720458,20458
3836,391750000,391770458,20458
3837,391800000,391820458,20458
3838,391850000,391870458,20458
3839,391900000,391920458,20458
3840,391950000,391970458,20458
3841,392000000,392020458,20458
3842,392050000,392070458,20458
3843,392100000,392120458,20458
3844,392150000,392170458,20458
3845,392200000,392220458,20458
3846,392250000,392270458,20458
3847,392300000,392320458,20458
3848,392350000,392370458,20458
3849,392400000,392420458,20458
3850,392450000,392470458,20458
3851,392500000,392520458,20458
3852,392550000,392570458,20458
3853,392600000,392620458,20458
3854,392650000,392670458,20458
3855,392700000,392720458,20458
3856,392750000,392770458,20458
3857,392800000,392820458,20458
3858,392850000,392870458,20458
3859,392900000,392920458,20458
3860,392950000,392970458,20458
3861,393000000,393020458,20458
3862,393050000,393070458,20458
3863,393100000,393120458,20458
3864,393150000,393170458,20458
3865,393200000,393220458,20458
3866,393250000,393270458,20458
3867,393300000,393320458,20458
3868,393350000,393370458,20458
3869,393400000,393420458,20458
3870,393450000,393470458,20458
3871,393500000,393520458,20458
3872,393550000,393570458,20458
3873,393600000,393620458,20458
3874,393650000,393670458,20458
3875,393700000,393720458,20458
3876,393750000,393770458,20458
3877,393800000,393820458,20458
3878,393850000,393870458,20458
3879,393900000,393920458,20458
3880,393950000,393970458,20458
3881,394000000,394020458,20458
3882,394050000,394070458,20458
3883,394100000,394120458,20458
3884,394150000,394170458,20458
3885,394200000,394220458,20458
3886,394250000,394270458,20458
3887,394300000,394320458,20458
3888,394350000,394370458,20458
3889,394400000,394420458,20458
3890,394450000,394470458,20458
3891,394500000,394520458,20458
3892,394550000,394570458,20458
3893,394600000,394620458,20458
3894,394650000,394670458,20458
3895,394700000,394720458,20458
3896,394750000,394770458,20458
3897,394800000,394820458,20458
3898,394850000,394870458,20458
3899,394900000,394920458,20458
3900,394950000,394970458,20458
3901,395000000,395020458,20458
3902,395050000,395070458,20458
3903,395100000,395120458,20458
3904,395150000,395170458,20458
3905,395200000,395220458,20458
3906,395250000,395270458,20458
3907,395300000,395320458,20458
3908,395350000,395370458,20458
3909,395400000,395420458,20458
3910,395450000,395470458,20458
3911,395500000,395520458,20458
3912,395550000,395570458,20458
3913,395600000,395620458,20458
3914,395650000,395670458,20458
3915,395700000,395720458,20458
3916,395750000,395770458,20458
3917,395800000,395820458,20458
3918,395850000,395870458,20458
3919,395900000,395920458,20458
3920,395950000,395970458,20458
3921,396000000,396020458,20458
3922,396050000,396070458,20458
3923,396100000,396120458,20458
3924,396150000,396170458,20458
3925,396200000,396220458,20458
3926,396250000,396270458,20458
3927,396300000,396320458,20458
3928,396350000,396370458,20458
3929,396400000,396420458,20458
3930,396450000,396470458,20458
3931,396500000,396520458,20458
3932,396550000,396570458,20458
3933,396600000,396620458,20458
3934,396650000,396670458,20458
3935,396700000,396720458,20458
3936,396750000,396770458,20458
3937,396800000,396820458,20458
3938,396850000,396870458,20458
3939,396900000,396920458,20458
3940,396950000,396970458,20458
3941,397000000,397020458,20458
3942,397050000,397070458,20458
3943,397100000,397120458,20458
3944,397150000,397170458,20458
3945,397200000,397220458,20458
3946,397250000,397270458,20458
3947,397300000,397320458,20458
3948,397350000,397370458,20458
3949,397400000,397420458,20458
3950,397450000,397470458,20458
3951,397500000,397520458,20458
3952,397550000,397570458,20458
3953,397600000,397620458,20458
3954,397650000,397670458,20458
3955,397700000,397720458,20458
3956,397750000,397770458,20458
3957,397800000,397820458,20458
3958,397850000,397870458,20458
3959,397900000,397920458,20458
3960,397950000,397970458,20458
3961,398000000,398020458,20458
3962,398050000,398070458,20458
3963,398100000,398120458,20458
3964,398150000,398170458,20458
3965,398200000,398220458,20458
3966,398250000,398270458,20458
3967,398300000,398320458,20458
3968,398350000,398370458,20458
3969,398400000,398420458,20458
3970,398450000,398470458,20458
3971,398500000,398520458,20458
3972,398550000,398570458,20458
3973,398600000,398620458,20458
3974,398650000,398670458,20458
3975,398700000,398720458,20458
3976,398750000,398770458,20458
3977,398800000,398820458,20458
3978,398850000,398870458,20458
3979,398900000,398920458,20458
3980,398950000,398970458,20458
3981,399000000,399020458,20458
3982,399050000,399070458,20458
3983,399100000,399120458,20458
3984,399150000,399170458,20458
3985,399200000,399220458,20458
3986,399250000,399270458,20458
3987,399300000,399320458,20458
3988,399350000,399370458,20458
3989,399400000,399420458,20458
3990,399450000,399470458,20458
3991,399500000,399520458,20458
3992,399550000,399570458,20458
3993,399600000,399620458,20458
3994,399650000,399670458,20458
3995,399700000,399720458,20458
3996,399750000,399770458,20458
3997,399800000,399820458,20458
3998,399850000,399870458,20458
3999,399900000,399920458,20458
4000,399950000,399970458,20458
4001,400000000,400020458,20458
4002,400050000,400070458,20458
4003,400100000,400120458,20458
4004,400150000,400170458,20458
4005,400200000,400220458,20458
4006,400250000,400270458,20458
4007,400300000,400320458,20458
4008,400350000,400370458,20458
4009,400400000,400420458,20458
4010,400450000,400470458,20458
4011,400500000,400520458,20458
4012,400550000,400570458,20458
4013,400600000,400620458,20458
4014,400650000,400670458,20458
4015,400700000,400720458,20458
4016,400750000,400770458,20458
4017,400800000,400820458,20458
4018,400850000,400870458,20458
4019,400900000,400920458,20458
4020,400950000,400970458,20458
4021,401000000,401020458,20458
4022,401050000,401070458,20458
4023,401100000,401120458,20458
4024,401150000,401170458,20458
4025,401200000,401220458,20458
4026,401250000,401270458,20458
4027,401300000,401320458,20458
4028,401350000,401370458,20458
4029,401400000,401420458,20458
4030,401450000,401470458,20458
4031,401500000,401520458,20458
4032,401550000,401570458,20458
4033,401600000,401620458,20458
4034,401650000,401670458,20458
4035,401700000,401720458,20458
4036,401750000,401770458,20458
4037,401800000,401820458,20458
4038,401850000,401870458,20458
4039,401900000,401920458,20458
4040,401950000,401970458,20458
4041,402000000,402020458,20458
4042,402050000,402070458,20458
4043,402100000,402120458,20458
4044,402150000,402170458,20458
4045,402200000,402220458,20458
4046,402250000,402270458,20458
4047,402300000,402320458,20458
4048,402350000,402370458,20458
4049,402400000,402420458,20458
4050,402450000,402470458,20458
4051,402500000,402520458,20458
4052,402550000,402570458,20458
4053,402600000,402620458,20458
4054,402650000,402670458,20458
4055,402700000,402720458,20458
4056,402750000,402770458,20458
4057,402800000,402820458,20458
4058,402850000,402870458,20458
4059,402900000,402920458,20458
4060,402950000,402970458,20458
4061,403000000,403020458,20458
4062,403050000,403070458,20458
4063,403100000,403120458,20458
4064,403150000,403170458,20458
4065,403200000,403220458,20458
4066,403250000,403270458,20458
4067,403300000,403320458,20458
4068,403350000,403370458,20458
4069,403400000,403420458,20458
4070,403450000,403470458,20458
4071,403500000,403520458,20458
4072,403550000,403570458,20458
4073,403600000,403620458,20458
4074,403650000,403670458,20458
4075,403700000,403720458,20458
4076,403750000,403770458,20458
4077,403800000,403820458,20458
4078,403850000,403870458,20458
4079,403900000,403920458,20458
4080,403950000,403970458,20458
4081,404000000,404020458,20458
4082,404050000,404070458,20458
4083,404100000,404120458,20458
4084,404150000,404170458,20458
4085,404200000,404220458,20458
4086,404250000,404270458,20458
4087,404300000,404320458,20458
4088,404350000,404370458,20458
4089,404400000,404420458,20458
4090,404450000,404470458,20458
4091,404500000,404520458,20458
4092,404550000,404570458,20458
4093,404600000,404620458,20458
4094,404650000,404670458,20458
4095,404700000,404720458,20458
4096,404750000,404770458,20458
4097,404800000,404820458,20458
4098,404850000,404870458,20458
4099,404900000,404920458,20458
4100,404950000,404970458,20458
4101,405000000,405020458,20458
4102,405050000,405070458,20458
4103,405100000,405120458,20458
4104,405150000,405170458,20458
4105,405200000,405220458,20458
4106,405250000,405270458,20458
4107,405300000,405320458,20458
4108,405350000,405370458,20458
4109,405400000,405420458,20458
4110,405450000,405470458,20458
4111,405500000,405520458,20458
4112,405550000,405570458,20458
4113,405600000,405620458,20458
4114,405650000,405670458,20458
4115,405700000,405720458,20458
4116,405750000,405770458,20458
4117,405800000,405820458,20458
4118,405850000,405870458,20458
4119,405900000,405920458,20458
4120,405950000,405970458,20458
4121,406000000,406020458,20458
4122,406050000,406070458,20458
4123,406100000,406120458,20458
4124,406150000,406170458,20458
4125,406200000,406220458,20458
4126,406250000,406270458,20458
4127,406300000,406320458,20458
4128,406350000,406370458,20458
4129,406400000,406420458,20458
4130,406450000,406470458,20458
4131,406500000,406520458,20458
4132,406550000,406570458,20458
4133,406600000,406620458,20458
4134,406650000,406670458,20458
4135,406700000,406720458,20458
4136,406750000,406770458,20458
4137,406800000,406820458,20458
4138,406850000,406870458,20458
4139,406900000,406920458,20458
4140,406950000,406970458,20458
4141,407000000,407020458,20458
4142,407050000,407070458,20458
4143,407100000,407120458,20458
4144,407150000,407170458,20458
4145,407200000,407220458,20458
4146,407250000,407270458,20458
4147,407300000,407320458,20458
4148,407350000,407370458,20458
4149,407400000,407420458,20458
4150,407450000,407470458,20458
4151,407500000,407520458,20458
4152,407550000,407570458,20458
4153,407600000,407620458,20458
4154,407650000,407670458,20458
4155,407700000,407720458,20458
4156,407750000,407770458,20458
4157,407800000,407820458,20458
4158,407850000,407870458,20458
4159,407900000,407920458,20458
4160,407950000,407970458,20458
4161,408000000,408020458,20458
4162,408050000,408070458,20458
4163,408100000,408120458,20458
4164,408150000,408170458,20458
4165,408200000,408220458,20458
4166,408250000,408270458,20458
4167,408300000,408320458,20458
4168,408350000,408370458,20458
4169,408400000,408420458,20458
4170,408450000,408470458,20458
4171,408500000,408520458,20458
4172,408550000,408570458,20458
4173,408600000,408620458,20458
4174,408650000,408670458,20458
4175,408700000,408720458,20458
4176,408750000,408770458,20458
4177,408800000,408820458,20458
4178,408850000,408870458,20458
4179,408900000,408920458,20458
4180,408950000,408970458,20458
4181,409000000,409020458,20458
4182,409050000,409070458,20458
4183,409100000,409120458,20458
4184,409150000,409170458,20458
4185,409200000,409220458,20458
4186,409250000,409270458,20458
4187,409300000,409320458,20458
4188,409350000,409370458,20458
4189,409400000,409420458,20458
4190,409450000,409470458,20458
4191,409500000,409520458,20458
4192,409550000,409570458,20458
4193,409600000,409620458,20458
4194,409650000,409670458,20458
4195,409700000,409720458,20458
4196,409750000,409770458,20458
4197,409800000,409820458,20458
4198,409850000,409870458,20458
4199,409900000,409920458,20458
4200,409950000,409970458,20458
4201,410000000,410020458,20458
4202,410050000,410070458,20458
4203,410100000,410120458,20458
4204,410150000,410170458,20458
4205,410200000,410220458,20458
4206,410250000,410270458,20458
4207,410300000,410320458,20458
4208,410350000,410370458,20458
4209,410400000,410420458,20458
4210,410450000,410470458,20458
4211,410500000,410520458,20458
4212,410550000,410570458,20458
4213,410600000,410620458,20458
4214,410650000,410670458,20458
4215,410700000,410720458,20458
4216,410750000,410770458,20458
4217,410800000,410820458,20458
4218,410850000,410870458,20458
4219,410900000,410920458,20458
4220,410950000,410970458,20458
4221,411000000,411020458,20458
4222,411050000,411070458,20458
4223,411100000,411120458,20458
4224,411150000,411170458,20458
4225,411200000,411220458,20458
4226,411250000,411270458,20458
4227,411300000,411320458,20458
4228,411350000,411370458,20458
4229,411400000,411420458,20458
4230,411450000,411470458,20458
4231,411500000,411520458,20458
4232,411550000,411570458,20458
4233,411600000,411620458,20458
4234,411650000,411670458,20458
4235,411700000,411720458,20458
4236,411750000,411770458,20458
4237,411800000,411820458,20458
4238,411850000,411870458,20458
4239,411900000,411920458,20458
4240,411950000,411970458,20458
4241,412000000,412020458,20458
4242,412050000,412070458,20458
4243,412100000,412120458,20458
4244,412150000,412170458,20458
4245,412200000,412220458,20458
4246,412250000,412270458,20458
4247,412300000,412320458,20458
4248,412350000,412370458,20458
4249,412400000,412420458,20458
4250,412450000,412470458,20458
4251,412500000,412520458,20458
4252,412550000,412570458,20458
4253,412600000,412620458,20458
4254,412650000,412670458,20458
4255,412700000,412720458,20458
4256,412750000,412770458,20458
4257,412800000,412820458,20458
4258,412850000,412870458,20458
4259,412900000,412920458,20458
4260,412950000,412970458,20458
4261,413000000,413020458,20458
4262,413050000,413070458,20458
4263,413100000,413120458,20458
4264,413150000,413170458,20458
4265,413200000,413220458,20458
4266,413250000,413270458,20458
4267,413300000,413320458,20458
4268,413350000,413370458,20458
4269,413400000,413420458,20458
4270,413450000,413470458,20458
4271,413500000,413520458,20458
4272,413550000,413570458,20458
4273,413600000,413620458,20458
4274,413650000,413670458,20458
4275,413700000,413720458,20458
4276,413750000,413770458,20458
4277,413800000,413820458,20458
4278,413850000,413870458,20458
4279,413900000,413920458,20458
4280,413950000,413970458,20458
4281,414000000,414020458,20458
4282,414050000,414070458,20458
4283,414100000,414120458,20458
4284,414150000,414170458,20458
4285,414200000,414220458,20458
4286,414250000,414270458,20458
4287,414300000,414320458,20458
4288,414350000,414370458,20458
4289,414400000,414420458,20458
4290,414450000,414470458,20458
4291,414500000,414520458,20458
4292,414550000,414570458,20458
4293,414600000,414620458,20458
4294,414650000,414670458,20458
4295,414700000,414720458,20458
4296,414750000,414770458,20458
4297,414800000,414820458,20458
4298,414850000,414870458,20458
4299,414900000,414920458,20458
4300,414950000,414970458,20458
4301,415000000,415020458,20458
4302,415050000,415070458,20458
4303,415100000,415120458,20458
4304,415150000,415170458,20458
4305,415200000,415220458,20458
4306,415250000,415270458,20458
4307,415300000,415320458,20458
4308,415350000,415370458,20458
4309,415400000,415420458,20458
4310,415450000,415470458,20458
4311,415500000,415520458,20458
4312,415550000,415570458,20458
4313,415600000,415620458,20458
4314,415650000,415670458,20458
4315,415700000,415720458,20458
4316,415750000,415770458,20458
4317,415800000,415820458,20458
4318,415850000,415870458,20458
4319,415900000,415920458,20458
4320,415950000,415970458,20458
4321,416000000,416020458,20458
4322,416050000,416070458,20458
4323,416100000,416120458,20458
4324,416150000,416170458,20458
4325,416200000,416220458,20458
4326,416250000,416270458,20458
4327,416300000,416320458,20458
4328,416350000,416370458,20458
4329,416400000,416420458,20458
4330,416450000,416470458,20458
4331,416500000,416520458,20458
4332,416550000,416570458,20458
4333,416600000,416620458,20458
4334,416650000,416670458,20458
4335,416700000,416720458,20458
4336,416750000,416770458,20458
4337,416800000,416820458,20458
4338,416850000,416870458,20458
4339,416900000,416920458,20458
4340,416950000,416970458,20458
4341,417000000,417020458,20458
4342,417050000,417070458,20458
4343,417100000,417120458,20458
4344,417150000,417170458,20458
4345,417200000,417220458,20458
4346,417250000,417270458,20458
4347,417300000,417320458,20458
4348,417350000,417370458,20458
4349,417400000,417420458,20458
4350,417450000,417470458,20458
4351,417500000,417520458,20458
4352,417550000,417570458,20458
4353,417600000,417620458,20458
4354,417650000,417670458,20458
4355,417700000,417720458,20458
4356,417750000,417770458,20458
4357,417800000,417820458,20458
4358,417850000,417870458,20458
4359,417900000,417920458,20458
4360,417950000,417970458,20458
4361,418000000,418020458,20458
4362,418050000,418070458,20458
4363,418100000,418120458,20458
4364,418150000,418170458,20458
4365,418200000,418220458,20458
4366,418250000,418270458,20458
4367,418300000,418320458,20458
4368,418350000,418370458,20458
4369,418400000,418420458,20458
4370,418450000,418470458,20458
4371,418500000,418520458,20458
4372,418550000,418570458,20458
4373,418600000,418620458,20458
4374,418650000,418670458,20458
4375,418700000,418720458,20458
4376,418750000,418770458,20458
4377,418800000,418820458,20458
4378,418850000,418870458,20458
4379,418900000,418920458,20458
4380,418950000,418970458,20458
4381,419000000,419020458,20458
4382,419050000,419070458,20458
4383,419100000,419120458,20458
4384,419150000,419170458,20458
4385,419200000,419220458,20458
4386,419250000,419270458,20458
4387,419300000,419320458,20458
4388,419350000,419370458,20458
4389,419400000,419420458,20458
4390,419450000,419470458,20458
4391,419500000,419520458,20458
4392,419550000,419570458,20458
4393,419600000,419620458,20458
4394,419650000,419670458,20458
4395,419700000,419720458,20458
4396,419750000,419770458,20458
4397,419800000,419820458,20458
4398,419850000,419870458,20458
4399,419900000,419920458,20458
4400,419950000,419970458,20458
4401,420000000,420020458,20458
4402,420050000,420070458,20458
4403,420100000,420120458,20458
4404,420150000,420170458,20458
4405,420200000,420220458,20458
4406,420250000,420270458,20458
4407,420300000,420320458,20458
4408,420350000,420370458,20458
4409,420400000,420420458,20458
4410,420450000,420470458,20458
4411,420500000,420520458,20458
4412,420550000,420570458,20458
4413,420600000,420620458,20458
4414,420650000,420670458,20458
4415,420700000,420720458,20458
4416,420750000,420770458,20458
4417,420800000,420820458,20458
4418,420850000,420870458,20458
4419,420900000,420920458,20458
4420,420950000,420970458,20458
4421,421000000,421020458,20458
4422,421050000,421070458,20458
4423,421100000,421120458,20458
4424,421150000,421170458,20458
4425,421200000,421220458,20458
4426,421250000,421270458,20458
4427,421300000,421320458,20458
4428,421350000,421370458,20458
4429,421400000,421420458,20458
4430,421450000,421470458,20458
4431,421500000,421520458,20458
4432,421550000,421570458,20458
4433,421600000,421620458,20458
4434,421650000,421670458,20458
4435,421700000,421720458,20458
4436,421750000,421770458,20458
4437,421800000,421820458,20458
4438,421850000,421870458,20458
4439,421900000,421920458,20458
4440,421950000,421970458,20458
4441,422000000,422020458,20458
4442,422050000,422070458,20458
4443,422100000,422120458,20458
4444,422150000,422170458,20458
4445,422200000,422220458,20458
4446,422250000,422270458,20458
4447,422300000,422320458,20458
4448,422350000,422370458,20458
4449,422400000,422420458,20458
4450,422450000,422470458,20458
4451,422500000,422520458,20458
4452,422550000,422570458,20458
4453,422600000,422620458,20458
4454,422650000,422670458,20458
4455,422700000,422720458,20458
4456,422750000,422770458,20458
4457,422800000,422820458,20458
4458,422850000,422870458,20458
4459,422900000,422920458,20458
4460,422950000,422970458,20458
4461,423000000,423020458,20458
4462,423050000,423070458,20458
4463,423100000,423120458,20458
4464,423150000,423170458,20458
4465,423200000,423220458,20458
4466,423250000,423270458,20458
4467,423300000,423320458,20458
4468,423350000,423370458,20458
4469,423400000,423420458,20458
4470,423450000,423470458,20458
4471,423500000,423520458,20458
4472,423550000,423570458,20458
4473,423600000,423620458,20458
4474,423650000,423670458,20458
4475,423700000,423720458,20458
4476,423750000,423770458,20458
4477,423800000,423820458,20458
4478,423850000,423870458,20458
4479,423900000,423920458,20458
4480,423950000,423970458,20458
4481,424000000,424020458,20458
4482,424050000,424070458,20458
4483,424100000,424120458,20458
4484,424150000,424170458,20458
4485,424200000,424220458,20458
4486,424250000,424270458,20458
4487,424300000,424320458,20458
4488,424350000,424370458,20458
4489,424400000,424420458,20458
4490,424450000,424470458,20458
4491,424500000,424520458,20458
4492,424550000,424570458,20458
4493,424600000,424620458,20458
4494,424650000,424670458,20458
4495,424700000,424720458,20458
4496,424750000,424770458,20458
4497,424800000,424820458,20458
4498,424850000,424870458,20458
4499,424900000,424920458,20458
4500,424950000,424970458,20458
4501,425000000,425020458,20458
4502,425050000,425070458,20458
4503,425100000,425120458,20458
4504,425150000,425170458,20458
4505,425200000,425220458,20458
4506,425250000,425270458,20458
4507,425300000,425320458,20458
4508,425350000,425370458,20458
4509,425400000,425420458,20458
4510,425450000,425470458,20458
4511,425500000,425520458,20458
4512,425550000,425570458,20458
4513,425600000,425620458,20458
4514,425650000,425670458,20458
4515,425700000,425720458,20458
4516,425750000,425770458,20458
4517,425800000,425820458,20458
4518,425850000,425870458,20458
4519,425900000,425920458,20458
4520,425950000,425970458,20458
4521,426000000,426020458,20458
4522,426050000,426070458,20458
4523,426100000,426120458,20458
4524,426150000,426170458,20458
4525,426200000,426220458,20458
4526,426250000,426270458,20458
4527,426300000,426320458,20458
4528,426350000,426370458,20458
4529,426400000,426420458,20458
4530,426450000,426470458,20458
4531,426500000,426520458,20458
4532,426550000,426570458,20458
4533,426600000,426620458,20458
4534,426650000,426670458,20458
4535,426700000,426720458,20458
4536,426750000,426770458,20458
4537,426800000,426820458,20458
4538,426850000,426870458,20458
4539,426900000,426920458,20458
4540,426950000,426970458,20458
4541,427000000,427020458,20458
4542,427050000,427070458,20458
4543,427100000,427120458,20458
4544,427150000,427170458,20458
4545,427200000,427220458,20458
4546,427250000,427270458,20458
4547,427300000,427320458,20458
4548,427350000,427370458,20458
4549,427400000,427420458,20458
4550,427450000,427470458,20458
4551,427500000,427520458,20458
4552,427550000,427570458,20458
4553,427600000,427620458,20458
4554,427650000,427670458,20458
4555,427700000,427720458,20458
4556,427750000,427770458,20458
4557,427800000,427820458,20458
4558,427850000,427870458,20458
4559,427900000,427920458,20458
4560,427950000,427970458,20458
4561,428000000,428020458,20458
4562,428050000,428070458,20458
4563,428100000,428120458,20458
4564,428150000,428170458,20458
4565,428200000,428220458,20458
4566,428250000,428270458,20458
4567,428300000,428320458,20458
4568,428350000,428370458,20458
4569,428400000,428420458,20458
4570,428450000,428470458,20458
4571,428500000,428520458,20458
4572,428550000,428570458,20458
4573,428600000,428620458,20458
4574,428650000,428670458,20458
4575,428700000,428720458,20458
4576,428750000,428770458,20458
4577,428800000,428820458,20458
4578,428850000,428870458,20458
4579,428900000,428920458,20458
4580,428950000,428970458,20458
4581,429000000,429020458,20458
4582,429050000,429070458,20458
4583,429100000,429120458,20458
4584,429150000,429170458,20458
4585,429200000,429220458,20458
4586,429250000,429270458,20458
4587,429300000,429320458,20458
4588,429350000,429370458,20458
4589,429400000,429420458,20458
4590,429450000,429470458,20458
4591,429500000,429520458,20458
4592,429550000,429570458,20458
4593,429600000,429620458,20458
4594,429650000,429670458,20458
4595,429700000,429720458,20458
4596,429750000,429770458,20458
4597,429800000,429820458,20458
4598,429850000,429870458,20458
4599,429900000,429920458,20458
4600,429950000,429970458,20458
4601,430000000,430020458,20458
4602,430050000,430070458,20458
4603,430100000,430120458,20458
4604,430150000,430170458,20458
4605,430200000,430220458,20458
4606,430250000,430270458,20458
4607,430300000,430320458,20458
4608,430350000,430370458,20458
4609,430400000,430420458,20458
4610,430450000,430470458,20458
4611,430500000,430520458,20458
4612,430550000,430570458,20458
4613,430600000,430620458,20458
4614,430650000,430670458,20458
4615,430700000,430720458,20458
4616,430750000,430770458,20458
4617,430800000,430820458,20458
4618,430850000,430870458,20458
4619,430900000,430920458,20458
4620,430950000,430970458,20458
4621,431000000,431020458,20458
4622,431050000,431070458,20458
4623,431100000,431120458,20458
4624,431150000,431170458,20458
4625,431200000,431220458,20458
4626,431250000,431270458,20458
4627,431300000,431320458,20458
4628,431350000,431370458,20458
4629,431400000,431420458,20458
4630,431450000,431470458,20458
4631,431500000,431520458,20458
4632,431550000,431570458,20458
4633,431600000,431620458,20458
4634,431650000,431670458,20458
4635,431700000,431720458,20458
4636,431750000,431770458,20458
4637,431800000,431820458,20458
4638,431850000,431870458,20458
4639,431900000,431920458,20458
4640,431950000,431970458,20458
4641,432000000,432020458,20458
4642,432050000,432070458,20458
4643,432100000,432120458,20458
4644,432150000,432170458,20458
4645,432200000,432220458,20458
4646,432250000,432270458,20458
4647,432300000,432320458,20458
4648,432350000,432370458,20458
4649,432400000,432420458,20458
4650,432450000,432470458,20458
4651,432500000,432520458,20458
4652,432550000,432570458,20458
4653,432600000,432620458,20458
4654,432650000,432670458,20458
4655,432700000,432720458,20458
4656,432750000,432770458,20458
4657,432800000,432820458,20458
4658,432850000,432870458,20458
4659,432900000,432920458,20458
4660,432950000,432970458,20458
4661,433000000,433020458,20458
4662,433050000,433070458,20458
4663,433100000,433120458,20458
4664,433150000,433170458,20458
4665,433200000,433220458,20458
4666,433250000,433270458,20458
4667,433300000,433320458,20458
4668,433350000,433370458,20458
4669,433400000,433420458,20458
4670,433450000,433470458,20458
4671,433500000,433520458,20458
4672,433550000,433570458,20458
4673,433600000,433620458,20458
4674,433650000,433670458,20458
4675,433700000,433720458,20458
4676,433750000,433770458,20458
4677,433800000,433820458,20458
4678,433850000,433870458,20458
4679,433900000,433920458,20458
4680,433950000,433970458,20458
4681,434000000,434020458,20458
4682,434050000,434070458,20458
4683,434100000,434120458,20458
4684,434150000,434170458,20458
4685,434200000,434220458,20458
4686,434250000,434270458,20458
4687,434300000,434320458,20458
4688,434350000,434370458,20458
4689,434400000,434420458,20458
4690,434450000,434470458,20458
4691,434500000,434520458,20458
4692,434550000,434570458,20458
4693,434600000,434620458,20458
4694,434650000,434670458,20458
4695,434700000,434720458,20458
4696,434750000,434770458,20458
4697,434800000,434820458,20458
4698,434850000,434870458,20458
4699,434900000,434920458,20458
4700,434950000,434970458,20458
4701,435000000,435020458,20458
4702,435050000,435070458,20458
4703,435100000,435120458,20458
4704,435150000,435170458,20458
4705,435200000,435220458,20458
4706,435250000,435270458,20458
4707,435300000,435320458,20458
4708,435350000,435370458,20458
4709,435400000,435420458,20458
4710,435450000,435470458,20458
4711,435500000,435520458,20458
4712,435550000,435570458,20458
4713,435600000,435620458,20458
4714,435650000,435670458,20458
4715,435700000,435720458,20458
4716,435750000,435770458,20458
4717,435800000,435820458,20458
4718,435850000,435870458,20458
4719,435900000,435920458,20458
4720,435950000,435970458,20458
4721,436000000,436020458,20458
4722,436050000,436070458,20458
4723,436100000,436120458,20458
4724,436150000,436170458,20458
4725,436200000,436220458,20458
4726,436250000,436270458,20458
4727,436300000,436320458,20458
4728,436350000,436370458,20458
4729,436400000,436420458,20458
4730,436450000,436470458,20458
4731,436500000,436520458,20458
4732,436550000,436570458,20458
4733,436600000,436620458,20458
4734,436650000,436670458,20458
4735,436700000,436720458,20458
4736,436750000,436770458,20458
4737,436800000,436820458,20458
4738,436850000,436870458,20458
4739,436900000,436920458,20458
4740,436950000,436970458,20458
4741,437000000,437020458,20458
4742,437050000,437070458,20458
4743,437100000,437120458,20458
4744,437150000,437170458,20458
4745,437200000,437220458,20458
4746,437250000,437270458,20458
4747,437300000,437320458,20458
4748,437350000,437370458,20458
4749,437400000,437420458,20458
4750,437450000,437470458,20458
4751,437500000,437520458,20458
4752,437550000,437570458,20458
4753,437600000,437620458,20458
4754,437650000,437670458,20458
4755,437700000,437720458,20458
4756,437750000,437770458,20458
4757,437800000,437820458,20458
4758,437850000,437870458,20458
4759,437900000,437920458,20458
4760,437950000,437970458,20458
4761,438000000,438020458,20458
4762,438050000,438070458,20458
4763,438100000,438120458,20458
4764,438150000,438170458,20458
4765,438200000,438220458,20458
4766,438250000,438270458,20458
4767,438300000,438320458,20458
4768,438350000,438370458,20458
4769,438400000,438420458,20458
4770,438450000,438470458,20458
4771,438500000,438520458,20458
4772,438550000,438570458,20458
4773,438600000,438620458,20458
4774,438650000,438670458,20458
4775,438700000,438720458,20458
4776,438750000,438770458,20458
4777,438800000,438820458,20458
4778,438850000,438870458,20458
4779,438900000,438920458,20458
4780,438950000,438970458,20458
4781,439000000,439020458,20458
4782,439050000,439070458,20458
4783,439100000,439120458,20458
4784,439150000,439170458,20458
4785,439200000,439220458,20458
4786,439250000,439270458,20458
4787,439300000,439320458,20458
4788,439350000,439370458,20458
4789,439400000,439420458,20458
4790,439450000,439470458,20458
4791,439500000,439520458,20458
4792,439550000,439570458,20458
4793,439600000,439620458,20458
4794,439650000,439670458,20458
4795,439700000,439720458,20458
4796,439750000,439770458,20458
4797,439800000,439820458,20458
4798,439850000,439870458,20458
4799,439900000,439920458,20458
4800,439950000,439970458,20458
4801,440000000,440020458,20458
4802,440050000,440070458,20458
4803,440100000,440120458,20458
4804,440150000,440170458,20458
4805,440200000,440220458,20458
4806,440250000,440270458,20458
4807,440300000,440320458,20458
4808,440350000,440370458,20458
4809,440400000,440420458,20458
4810,440450000,440470458,20458
4811,440500000,440520458,20458
4812,440550000,440570458,20458
4813,440600000,440620458,20458
4814,440650000,440670458,20458
4815,440700000,440720458,20458
4816,440750000,440770458,20458
4817,440800000,440820458,20458
4818,440850000,440870458,20458
4819,440900000,440920458,20458
4820,440950000,440970458,20458
4821,441000000,441020458,20458
4822,441050000,441070458,20458
4823,441100000,441120458,20458
4824,441150000,441170458,20458
4825,441200000,441220458,20458
4826,441250000,441270458,20458
4827,441300000,441320458,20458
4828,441350000,441370458,20458
4829,441400000,441420458,20458
4830,441450000,441470458,20458
4831,441500000,441520458,20458
4832,441550000,441570458,20458
4833,441600000,441620458,20458
4834,441650000,441670458,20458
4835,441700000,441720458,20458
4836,441750000,441770458,20458
4837,441800000,441820458,20458
4838,441850000,441870458,20458
4839,441900000,441920458,20458
4840,441950000,441970458,20458
4841,442000000,442020458,20458
4842,442050000,442070458,20458
4843,442100000,442120458,20458
4844,442150000,442170458,20458
4845,442200000,442220458,20458
4846,442250000,442270458,20458
4847,442300000,442320458,20458
4848,442350000,442370458,20458
4849,442400000,442420458,20458
4850,442450000,442470458,20458
4851,442500000,442520458,20458
4852,442550000,442570458,20458
4853,442600000,442620458,20458
4854,442650000,442670458,20458
4855,442700000,442720458,20458
4856,442750000,442770458,20458
4857,442800000,442820458,20458
4858,442850000,442870458,20458
4859,442900000,442920458,20458
4860,442950000,442970458,20458
4861,443000000,443020458,20458
4862,443050000,443070458,20458
4863,443100000,443120458,20458
4864,443150000,443170458,20458
4865,443200000,443220458,20458
4866,443250000,443270458,20458
4867,443300000,443320458,20458
4868,443350000,443370458,20458
4869,443400000,443420458,20458
4870,443450000,443470458,20458
4871,443500000,443520458,20458
4872,443550000,443570458,20458
4873,443600000,443620458,20458
4874,443650000,443670458,20458
4875,443700000,443720458,20458
4876,443750000,443770458,20458
4877,443800000,443820458,20458
4878,443850000,443870458,20458
4879,443900000,443920458,20458
4880,443950000,443970458,20458
4881,444000000,444020458,20458
4882,444050000,444070458,20458
4883,444100000,444120458,20458
4884,444150000,444170458,20458
4885,444200000,444220458,20458
4886,444250000,444270458,20458
4887,444300000,444320458,20458
4888,444350000,444370458,20458
4889,444400000,444420458,20458
4890,444450000,444470458,20458
4891,444500000,444520458,20458
4892,444550000,444570458,20458
4893,444600000,444620458,20458
4894,444650000,444670458,20458
4895,444700000,444720458,20458
4896,444750000,444770458,20458
4897,444800000,444820458,20458
4898,444850000,444870458,20458
4899,444900000,444920458,20458
4900,444950000,444970458,20458
4901,445000000,445020458,20458
4902,445050000,445070458,20458
4903,445100000,445120458,20458
4904,445150000,445170458,20458
4905,445200000,445220458,20458
4906,445250000,445270458,20458
4907,445300000,445320458,20458
4908,445350000,445370458,20458
4909,445400000,445420458,20458
4910,445450000,445470458,20458
4911,445500000,445520458,20458
4912,445550000,445570458,20458
4913,445600000,445620458,20458
4914,445650000,445670458,20458
4915,445700000,445720458,20458
4916,445750000,445770458,20458
4917,445800000,445820458,20458
4918,445850000,445870458,20458
4919,445900000,445920458,20458
4920,445950000,445970458,20458
4921,446000000,446020458,20458
4922,446050000,446070458,20458
4923,446100000,446120458,20458
4924,446150000,446170458,20458
4925,446200000,446220458,20458
4926,446250000,446270458,20458
4927,446300000,446320458,20458
4928,446350000,446370458,20458
4929,446400000,446420458,20458
4930,446450000,446470458,20458
4931,446500000,446520458,20458
4932,446550000,446570458,20458
4933,446600000,446620458,20458
4934,446650000,446670458,20458
4935,446700000,446720458,20458
4936,446750000,446770458,20458
4937,446800000,446820458,20458
4938,446850000,446870458,20458
4939,446900000,446920458,20458
4940,446950000,446970458,20458
4941,447000000,447020458,20458
4942,447050000,447070458,20458
4943,447100000,447120458,20458
4944,447150000,447170458,20458
4945,447200000,447220458,20458
4946,447250000,447270458,20458
4947,447300000,447320458,20458
4948,447350000,447370458,20458
4949,447400000,447420458,20458
4950,447450000,447470458,20458
4951,447500000,447520458,20458
4952,447550000,447570458,20458
4953,447600000,447620458,20458
4954,447650000,447670458,20458
4955,447700000,447720458,20458
4956,447750000,447770458,20458
4957,447800000,447820458,20458
4958,447850000,447870458,20458
4959,447900000,447920458,20458
4960,447950000,447970458,20458
4961,448000000,448020458,20458
4962,448050000,448070458,20458
4963,448100000,448120458,20458
4964,448150000,448170458,20458
4965,448200000,448220458,20458
4966,448250000,448270458,20458
4967,448300000,448320458,20458
4968,448350000,448370458,20458
4969,448400000,448420458,20458
4970,448450000,448470458,20458
4971,448500000,448520458,20458
4972,448550000,448570458,20458
4973,448600000,448620458,20458
4974,448650000,448670458,20458
4975,448700000,448720458,20458
4976,448750000,448770458,20458
4977,448800000,448820458,20458
4978,448850000,448870458,20458
4979,448900000,448920458,20458
4980,448950000,448970458,20458
4981,449000000,449020458,20458
4982,449050000,449070458,20458
4983,449100000,449120458,20458
4984,449150000,449170458,20458
4985,449200000,449220458,20458
4986,449250000,449270458,20458
4987,449300000,449320458,20458
4988,449350000,449370458,20458
4989,449400000,449420458,20458
4990,449450000,449470458,20458
4991,449500000,449520458,20458
4992,449550000,449570458,20458
4993,449600000,449620458,20458
4994,449650000,449670458,20458
4995,449700000,449720458,20458
4996,449750000,449770458,20458
4997,449800000,449820458,20458
4998,449850000,449870458,20458
4999,449900000,449920458,20458
5000,449950000,449970458,20458
5001,450000000,450020458,20458
5002,450050000,450070458,20458
5003,450100000,450120458,20458
5004,450150000,450170458,20458
5005,450200000,450220458,20458
5006,450250000,450270458,20458
5007,450300000,450320458,20458
5008,450350000,450370458,20458
5009,450400000,450420458,20458
5010,450450000,450470458,20458
5011,450500000,450520458,20458
5012,450550000,450570458,20458
5013,450600000,450620458,20458
5014,450650000,450670458,20458
5015,450700000,450720458,20458
5016,450750000,450770458,20458
5017,450800000,450820458,20458
5018,450850000,450870458,20458
5019,450900000,450920458,20458
5020,450950000,450970458,20458
5021,451000000,451020458,20458
5022,451050000,451070458,20458
5023,451100000,451120458,20458
5024,451150000,451170458,20458
5025,451200000,451220458,20458
5026,451250000,451270458,20458
5027,451300000,451320458,20458
5028,451350000,451370458,20458
5029,451400000,451420458,20458
5030,451450000,451470458,20458
5031,451500000,451520458,20458
5032,451550000,451570458,20458
5033,451600000,451620458,20458
5034,451650000,451670458,20458
5035,451700000,451720458,20458
5036,451750000,451770458,20458
5037,451800000,451820458,20458
5038,451850000,451870458,20458
5039,451900000,451920458,20458
5040,451950000,451970458,20458
5041,452000000,452020458,20458
5042,452050000,452070458,20458
5043,452100000,452120458,20458
5044,452150000,452170458,20458
5045,452200000,452220458,20458
5046,452250000,452270458,20458
5047,452300000,452320458,20458
5048,452350000,452370458,20458
5049,452400000,452420458,20458
5050,452450000,452470458,20458
5051,452500000,452520458,20458
5052,452550000,452570458,20458
5053,452600000,452620458,20458
5054,452650000,452670458,20458
5055,452700000,452720458,20458
5056,452750000,452770458,20458
5057,452800000,452820458,20458
5058,452850000,452870458,20458
5059,452900000,452920458,20458
5060,452950000,452970458,20458
5061,453000000,453020458,20458
5062,453050000,453070458,20458
5063,453100000,453120458,20458
5064,453150000,453170458,20458
5065,453200000,453220458,20458
5066,453250000,453270458,20458
5067,453300000,453320458,20458
5068,453350000,453370458,20458
5069,453400000,453420458,20458
5070,453450000,453470458,20458
5071,453500000,453520458,20458
5072,453550000,453570458,20458
5073,453600000,453620458,20458
5074,453650000,453670458,20458
5075,453700000,453720458,20458
5076,453750000,453770458,20458
5077,453800000,453820458,20458
5078,453850000,453870458,20458
5079,453900000,453920458,20458
5080,453950000,453970458,20458
5081,454000000,454020458,20458
5082,454050000,454070458,20458
5083,454100000,454120458,20458
5084,454150000,454170458,20458
5085,454200000,454220458,20458
5086,454250000,454270458,20458
5087,454300000,454320458,20458
5088,454350000,454370458,20458
5089,454400000,454420458,20458
5090,454450000,454470458,20458
5091,454500000,454520458,20458
5092,454550000,454570458,20458
5093,454600000,454620458,20458
5094,454650000,454670458,20458
5095,454700000,454720458,20458
5096,454750000,454770458,20458
5097,454800000,454820458,20458
5098,454850000,454870458,20458
5099,454900000,454920458,20458
5100,454950000,454970458,20458
5101,455000000,455020458,20458
5102,455050000,455070458,20458
5103,455100000,455120458,20458
5104,455150000,455170458,20458
5105,455200000,455220458,20458
5106,455250000,455270458,20458
5107,455300000,455320458,20458
5108,455350000,455370458,20458
5109,455400000,455420458,20458
5110,455450000,455470458,20458
5111,455500000,455520458,20458
5112,455550000,455570458,20458
5113,455600000,455620458,20458
5114,455650000,455670458,20458
5115,455700000,455720458,20458
5116,455750000,455770458,20458
5117,455800000,455820458,20458
5118,455850000,455870458,20458
5119,455900000,455920458,20458
5120,455950000,455970458,20458
5121,456000000,456020458,20458
5122,456050000,456070458,20458
5123,456100000,456120458,20458
5124,456150000,456170458,20458
5125,456200000,456220458,20458
5126,456250000,456270458,20458
5127,456300000,456320458,20458
5128,456350000,456370458,20458
5129,456400000,456420458,20458
5130,456450000,456470458,20458
5131,456500000,456520458,20458
5132,456550000,456570458,20458
5133,456600000,456620458,20458
5134,456650000,456670458,20458
5135,456700000,456720458,20458
5136,456750000,456770458,20458
5137,456800000,456820458,20458
5138,456850000,456870458,20458
5139,456900000,456920458,20458
5140,456950000,456970458,20458
5141,457000000,457020458,20458
5142,457050000,457070458,20458
5143,457100000,457120458,20458
5144,457150000,457170458,20458
5145,457200000,457220458,20458
5146,457250000,457270458,20458
5147,457300000,457320458,20458
5148,457350000,457370458,20458
5149,457400000,457420458,20458
5150,457450000,457470458,20458
5151,457500000,457520458,20458
5152,457550000,457570458,20458
5153,457600000,457620458,20458
5154,457650000,457670458,20458
5155,457700000,457720458,20458
5156,457750000,457770458,20458
5157,457800000,457820458,20458
5158,457850000,457870458,20458
5159,457900000,457920458,20458
5160,457950000,457970458,20458
5161,458000000,458020458,20458
5162,458050000,458070458,20458
5163,458100000,458120458,20458
5164,458150000,458170458,20458
5165,458200000,458220458,20458
5166,458250000,458270458,20458
5167,458300000,458320458,20458
5168,458350000,458370458,20458
5169,458400000,458420458,20458
5170,458450000,458470458,20458
5171,458500000,458520458,20458
5172,458550000,458570458,20458
5173,458600000,458620458,20458
5174,458650000,458670458,20458
5175,458700000,458720458,20458
5176,458750000,458770458,20458
5177,458800000,458820458,20458
5178,458850000,458870458,20458
5179,458900000,458920458,20458
5180,458950000,458970458,20458
5181,459000000,459020458,20458
5182,459050000,459070458,20458
5183,459100000,459120458,20458
5184,459150000,459170458,20458
5185,459200000,459220458,20458
5186,459250000,459270458,20458
5187,459300000,459320458,20458
5188,459350000,459370458,20458
5189,459400000,459420458,20458
5190,459450000,459470458,20458
5191,459500000,459520458,20458
5192,459550000,459570458,20458
5193,459600000,459620458,20458
5194,459650000,459670458,20458
5195,459700000,459720458,20458
5196,459750000,459770458,20458
5197,459800000,459820458,20458
5198,459850000,459870458,20458
5199,459900000,459920458,20458
5200,459950000,459970458,20458
5201,460000000,460020458,20458
5202,460050000,460070458,20458
5203,460100000,460120458,20458
5204,460150000,460170458,20458
5205,460200000,460220458,20458
5206,460250000,460270458,20458
5207,460300000,460320458,20458
5208,460350000,460370458,20458
5209,460400000,460420458,20458
5210,460450000,460470458,20458
5211,460500000,460520458,20458
5212,460550000,460570458,20458
5213,460600000,460620458,20458
5214,460650000,460670458,20458
5215,460700000,460720458,20458
5216,460750000,460770458,20458
5217,460800000,460820458,20458
5218,460850000,460870458,20458
5219,460900000,460920458,20458
5220,460950000,460970458,20458
5221,461000000,461020458,20458
5222,461050000,461070458,20458
5223,461100000,461120458,20458
5224,461150000,461170458,20458
5225,461200000,461220458,20458
5226,461250000,461270458,20458
5227,461300000,461320458,20458
5228,461350000,461370458,20458
5229,461400000,461420458,20458
5230,461450000,461470458,20458
5231,461500000,461520458,20458
5232,461550000,461570458,20458
5233,461600000,461620458,20458
5234,461650000,461670458,20458
5235,461700000,461720458,20458
5236,461750000,461770458,20458
5237,461800000,461820458,20458
5238,461850000,461870458,20458
5239,461900000,461920458,20458
5240,461950000,461970458,20458
5241,462000000,462020458,20458
5242,462050000,462070458,20458
5243,462100000,462120458,20458
5244,462150000,462170458,20458
5245,462200000,462220458,20458
5246,462250000,462270458,20458
5247,462300000,462320458,20458
5248,462350000,462370458,20458
5249,462400000,462420458,20458
5250,462450000,462470458,20458
5251,462500000,462520458,20458
5252,462550000,462570458,20458
5253,462600000,462620458,20458
5254,462650000,462670458,20458
5255,462700000,462720458,20458
5256,462750000,462770458,20458
5257,462800000,462820458,20458
5258,462850000,462870458,20458
5259,462900000,462920458,20458
5260,462950000,462970458,20458
5261,463000000,463020458,20458
5262,463050000,463070458,20458
5263,463100000,463120458,20458
5264,463150000,463170458,20458
5265,463200000,463220458,20458
5266,463250000,463270458,20458
5267,463300000,463320458,20458
5268,463350000,463370458,20458
5269,463400000,463420458,20458
5270,463450000,463470458,20458
5271,463500000,463520458,20458
5272,463550000,463570458,20458
5273,463600000,463620458,20458
5274,463650000,463670458,20458
5275,463700000,463720458,20458
5276,463750000,463770458,20458
5277,463800000,463820458,20458
5278,463850000,463870458,20458
5279,463900000,463920458,20458
5280,463950000,463970458,20458
5281,464000000,464020458,20458
5282,464050000,464070458,20458
5283,464100000,464120458,20458
5284,464150000,464170458,20458
5285,464200000,464220458,20458
5286,464250000,464270458,20458
5287,464300000,464320458,20458
5288,464350000,464370458,20458
5289,464400000,464420458,20458
5290,464450000,464470458,20458
5291,464500000,464520458,20458
5292,464550000,464570458,20458
5293,464600000,464620458,20458
5294,464650000,464670458,20458
5295,464700000,464720458,20458
5296,464750000,464770458,20458
5297,464800000,464820458,20458
5298,464850000,464870458,20458
5299,464900000,464920458,20458
5300,464950000,464970458,20458
5301,465000000,465020458,20458
5302,465050000,465070458,20458
5303,465100000,465120458,20458
5304,465150000,465170458,20458
5305,465200000,465220458,20458
5306,465250000,465270458,20458
5307,465300000,465320458,20458
5308,465350000,465370458,20458
5309,465400000,465420458,20458
5310,465450000,465470458,20458
5311,465500000,465520458,20458
5312,465550000,465570458,20458
5313,465600000,465620458,20458
5314,465650000,465670458,20458
5315,465700000,465720458,20458
5316,465750000,465770458,20458
5317,465800000,465820458,20458
5318,465850000,465870458,20458
5319,465900000,465920458,20458
5320,465950000,465970458,20458
5321,466000000,466020458,20458
5322,466050000,466070458,20458
5323,466100000,466120458,20458
5324,466150000,466170458,20458
5325,466200000,466220458,20458
5326,466250000,466270458,20458
5327,466300000,466320458,20458
5328,466350000,466370458,20458
5329,466400000,466420458,20458
5330,466450000,466470458,20458
5331,466500000,466520458,20458
5332,466550000,466570458,20458
5333,466600000,466620458,20458
5334,466650000,466670458,20458
5335,466700000,466720458,20458
5336,466750000,466770458,20458
5337,466800000,466820458,20458
5338,466850000,466870458,20458
5339,466900000,466920458,20458
5340,466950000,466970458,20458
5341,467000000,467020458,20458
5342,467050000,467070458,20458
5343,467100000,467120458,20458
5344,467150000,467170458,20458
5345,467200000,467220458,20458
5346,467250000,467270458,20458
5347,467300000,467320458,20458
5348,467350000,467370458,20458
5349,467400000,467420458,20458
5350,467450000,467470458,20458
5351,467500000,467520458,20458
5352,467550000,467570458,20458
5353,467600000,467620458,20458
5354,467650000,467670458,20458
5355,467700000,467720458,20458
5356,467750000,467770458,20458
5357,467800000,467820458,20458
5358,467850000,467870458,20458
5359,467900000,467920458,20458
5360,467950000,467970458,20458
5361,468000000,468020458,20458
5362,468050000,468070458,20458
5363,468100000,468120458,20458
5364,468150000,468170458,20458
5365,468200000,468220458,20458
5366,468250000,468270458,20458
5367,468300000,468320458,20458
5368,468350000,468370458,20458
5369,468400000,468420458,20458
5370,468450000,468470458,20458
5371,468500000,468520458,20458
5372,468550000,468570458,20458
5373,468600000,468620458,20458
5374,468650000,468670458,20458
5375,468700000,468720458,20458
5376,468750000,468770458,20458
5377,468800000,468820458,20458
5378,468850000,468870458,20458
5379,468900000,468920458,20458
5380,468950000,468970458,20458
5381,469000000,469020458,20458
5382,469050000,469070458,20458
5383,469100000,469120458,20458
5384,469150000,469170458,20458
5385,469200000,469220458,20458
5386,469250000,469270458,20458
5387,469300000,469320458,20458
5388,469350000,469370458,20458
5389,469400000,469420458,20458
5390,469450000,469470458,20458
5391,469500000,469520458,20458
5392,469550000,469570458,20458
5393,469600000,469620458,20458
5394,469650000,469670458,20458
5395,469700000,469720458,20458
5396,469750000,469770458,20458
5397,469800000,469820458,20458
5398,469850000,469870458,20458
5399,469900000,469920458,20458
5400,469950000,469970458,20458
5401,470000000,470020458,20458
5402,470050000,470070458,20458
5403,470100000,470120458,20458
5404,470150000,470170458,20458
5405,470200000,470220458,20458
5406,470250000,470270458,20458
5407,470300000,470320458,20458
5408,470350000,470370458,20458
5409,470400000,470420458,20458
5410,470450000,470470458,20458
5411,470500000,470520458,20458
5412,470550000,470570458,20458
5413,470600000,470620458,20458
5414,470650000,470670458,20458
5415,470700000,470720458,20458
5416,470750000,470770458,20458
5417,470800000,470820458,20458
5418,470850000,470870458,20458
5419,470900000,470920458,20458
5420,470950000,470970458,20458
5421,471000000,471020458,20458
5422,471050000,471070458,20458
5423,471100000,471120458,20458
5424,471150000,471170458,20458
5425,471200000,471220458,20458
5426,471250000,471270458,20458
5427,471300000,471320458,20458
5428,471350000,471370458,20458
5429,471400000,471420458,20458
5430,471450000,471470458,20458
5431,471500000,471520458,20458
5432,471550000,471570458,20458
5433,471600000,471620458,20458
5434,471650000,471670458,20458
5435,471700000,471720458,20458
5436,471750000,471770458,20458
5437,471800000,471820458,20458
5438,471850000,471870458,20458
5439,471900000,471920458,20458
5440,471950000,471970458,20458
5441,472000000,472020458,20458
5442,472050000,472070458,20458
5443,472100000,472120458,20458
5444,472150000,472170458,20458
5445,472200000,472220458,20458
5446,472250000,472270458,20458
5447,472300000,472320458,20458
5448,472350000,472370458,20458
5449,472400000,472420458,20458
5450,472450000,472470458,20458
5451,472500000,472520458,20458
5452,472550000,472570458,20458
5453,472600000,472620458,20458
5454,472650000,472670458,20458
5455,472700000,472720458,20458
5456,472750000,472770458,20458
5457,472800000,472820458,20458
5458,472850000,472870458,20458
5459,472900000,472920458,20458
5460,472950000,472970458,20458
5461,473000000,473020458,20458
5462,473050000,473070458,20458
5463,473100000,473120458,20458
5464,473150000,473170458,20458
5465,473200000,473220458,20458
5466,473250000,473270458,20458
5467,473300000,473320458,20458
5468,473350000,473370458,20458
5469,473400000,473420458,20458
5470,473450000,473470458,20458
5471,473500000,473520458,20458
5472,473550000,473570458,20458
5473,473600000,473620458,20458
5474,473650000,473670458,20458
5475,473700000,473720458,20458
5476,473750000,473770458,20458
5477,473800000,473820458,20458
5478,473850000,473870458,20458
5479,473900000,473920458,20458
5480,473950000,473970458,20458
5481,474000000,474020458,20458
5482,474050000,474070458,20458
5483,474100000,474120458,20458
5484,474150000,474170458,20458
5485,474200000,474220458,20458
5486,474250000,474270458,20458
5487,474300000,474320458,20458
5488,474350000,474370458,20458
5489,474400000,474420458,20458
5490,474450000,474470458,20458
5491,474500000,474520458,20458
5492,474550000,474570458,20458
5493,474600000,474620458,20458
5494,474650000,474670458,20458
5495,474700000,474720458,20458
5496,474750000,474770458,20458
5497,474800000,474820458,20458
5498,474850000,474870458,20458
5499,474900000,474920458,20458
5500,474950000,474970458,20458
5501,475000000,475020458,20458
5502,475050000,475070458,20458
5503,475100000,475120458,20458
5504,475150000,475170458,20458
5505,475200000,475220458,20458
5506,475250000,475270458,20458
5507,475300000,475320458,20458
5508,475350000,475370458,20458
5509,475400000,475420458,20458
5510,475450000,475470458,20458
5511,475500000,475520458,20458
5512,475550000,475570458,20458
5513,475600000,475620458,20458
5514,475650000,475670458,20458
5515,475700000,475720458,20458
5516,475750000,475770458,20458
5517,475800000,475820458,20458
5518,475850000,475870458,20458
5519,475900000,475920458,20458
5520,475950000,475970458,20458
5521,476000000,476020458,20458
5522,476050000,476070458,20458
5523,476100000,476120458,20458
5524,476150000,476170458,20458
5525,476200000,476220458,20458
5526,476250000,476270458,20458
5527,476300000,476320458,20458
5528,476350000,476370458,20458
5529,476400000,476420458,20458
5530,476450000,476470458,20458
5531,476500000,476520458,20458
5532,476550000,476570458,20458
5533,476600000,476620458,20458
5534,476650000,476670458,20458
5535,476700000,476720458,20458
5536,476750000,476770458,20458
5537,476800000,476820458,20458
5538,476850000,476870458,20458
5539,476900000,476920458,20458
5540,476950000,476970458,20458
5541,477000000,477020458,20458
5542,477050000,477070458,20458
5543,477100000,477120458,20458
5544,477150000,477170458,20458
5545,477200000,477220458,20458
5546,477250000,477270458,20458
5547,477300000,477320458,20458
5548,477350000,477370458,20458
5549,477400000,477420458,20458
5550,477450000,477470458,20458
5551,477500000,477520458,20458
5552,477550000,477570458,20458
5553,477600000,477620458,20458
5554,477650000,477670458,20458
5555,477700000,477720458,20458
5556,477750000,477770458,20458
5557,477800000,477820458,20458
5558,477850000,477870458,20458
5559,477900000,477920458,20458
5560,477950000,477970458,20458
5561,478000000,478020458,20458
5562,478050000,478070458,20458
5563,478100000,478120458,20458
5564,478150000,478170458,20458
5565,478200000,478220458,20458
5566,478250000,478270458,20458
5567,478300000,478320458,20458
5568,478350000,478370458,20458
5569,478400000,478420458,20458
5570,478450000,478470458,20458
5571,478500000,478520458,20458
5572,478550000,478570458,20458
5573,478600000,478620458,20458
5574,478650000,478670458,20458
5575,478700000,478720458,20458
5576,478750000,478770458,20458
5577,478800000,478820458,20458
5578,478850000,478870458,20458
5579,478900000,478920458,20458
5580,478950000,478970458,20458
5581,479000000,479020458,20458
5582,479050000,479070458,20458
5583,479100000,479120458,20458
5584,479150000,479170458,20458
5585,479200000,479220458,20458
5586,479250000,479270458,20458
5587,479300000,479320458,20458
5588,479350000,479370458,20458
5589,479400000,479420458,20458
5590,479450000,479470458,20458
5591,479500000,479520458,20458
5592,479550000,479570458,20458
5593,479600000,479620458,20458
5594,479650000,479670458,20458
5595,479700000,479720458,20458
5596,479750000,479770458,20458
5597,479800000,479820458,20458
5598,479850000,479870458,20458
5599,479900000,479920458,20458
5600,479950000,479970458,20458
5601,480000000,480020458,20458
5602,480050000,480070458,20458
5603,480100000,480120458,20458
5604,480150000,480170458,20458
5605,480200000,480220458,20458
5606,480250000,480270458,20458
5607,480300000,480320458,20458
5608,480350000,480370458,20458
5609,480400000,480420458,20458
5610,480450000,480470458,20458
5611,480500000,480520458,20458
5612,480550000,480570458,20458
5613,480600000,480620458,20458
5614,480650000,480670458,20458
5615,480700000,480720458,20458
5616,480750000,480770458,20458
5617,480800000,480820458,20458
5618,480850000,480870458,20458
5619,480900000,480920458,20458
5620,480950000,480970458,20458
5621,481000000,481020458,20458
5622,481050000,481070458,20458
5623,481100000,481120458,20458
5624,481150000,481170458,20458
5625,481200000,481220458,20458
5626,481250000,481270458,20458
5627,481300000,481320458,20458
5628,481350000,481370458,20458
5629,481400000,481420458,20458
5630,481450000,481470458,20458
5631,481500000,481520458,20458
5632,481550000,481570458,20458
5633,481600000,481620458,20458
5634,481650000,481670458,20458
5635,481700000,481720458,20458
5636,481750000,481770458,20458
5637,481800000,481820458,20458
5638,481850000,481870458,20458
5639,481900000,481920458,20458
5640,481950000,481970458,20458
5641,482000000,482020458,20458
5642,482050000,482070458,20458
5643,482100000,482120458,20458
5644,482150000,482170458,20458
5645,482200000,482220458,20458
5646,482250000,482270458,20458
5647,482300000,482320458,20458
5648,482350000,482370458,20458
5649,482400000,482420458,20458
5650,482450000,482470458,20458
5651,482500000,482520458,20458
5652,482550000,482570458,20458
5653,482600000,482620458,20458
5654,482650000,482670458,20458
5655,482700000,482720458,20458
5656,482750000,482770458,20458
5657,482800000,482820458,20458
5658,482850000,482870458,20458
5659,482900000,482920458,20458
5660,482950000,482970458,20458
5661,483000000,483020458,20458
5662,483050000,483070458,20458
5663,483100000,483120458,20458
5664,483150000,483170458,20458
5665,483200000,483220458,20458
5666,483250000,483270458,20458
5667,483300000,483320458,20458
5668,483350000,483370458,20458
5669,483400000,483420458,20458
5670,483450000,483470458,20458
5671,483500000,483520458,20458
5672,483550000,483570458,20458
5673,483600000,483620458,20458
5674,483650000,483670458,20458
5675,483700000,483720458,20458
5676,483750000,483770458,20458
5677,483800000,483820458,20458
5678,483850000,483870458,20458
5679,483900000,483920458,20458
5680,483950000,483970458,20458
5681,484000000,484020458,20458
5682,484050000,484070458,20458
5683,484100000,484120458,20458
5684,484150000,484170458,20458
5685,484200000,484220458,20458
5686,484250000,484270458,20458
5687,484300000,484320458,20458
5688,484350000,484370458,20458
5689,484400000,484420458,20458
5690,484450000,484470458,20458
5691,484500000,484520458,20458
5692,484550000,484570458,20458
5693,484600000,484620458,20458
5694,484650000,484670458,20458
5695,484700000,484720458,20458
5696,484750000,484770458,20458
5697,484800000,484820458,20458
5698,484850000,484870458,20458
5699,484900000,484920458,20458
5700,484950000,484970458,20458
5701,485000000,485020458,20458
5702,485050000,485070458,20458
5703,485100000,485120458,20458
5704,485150000,485170458,20458
5705,485200000,485220458,20458
5706,485250000,485270458,20458
5707,485300000,485320458,20458
5708,485350000,485370458,20458
5709,485400000,485420458,20458
5710,485450000,485470458,20458
5711,485500000,485520458,20458
5712,485550000,485570458,20458
5713,485600000,485620458,20458
5714,485650000,485670458,20458
5715,485700000,485720458,20458
5716,485750000,485770458,20458
5717,485800000,485820458,20458
5718,485850000,485870458,20458
5719,485900000,485920458,20458
5720,485950000,485970458,20458
5721,486000000,486020458,20458
5722,486050000,486070458,20458
5723,486100000,486120458,20458
5724,486150000,486170458,20458
5725,486200000,486220458,20458
5726,486250000,486270458,20458
5727,486300000,486320458,20458
5728,486350000,486370458,20458
5729,486400000,486420458,20458
5730,486450000,486470458,20458
5731,486500000,486520458,20458
5732,486550000,486570458,20458
5733,486600000,486620458,20458
5734,486650000,486670458,20458
5735,486700000,486720458,20458
5736,486750000,486770458,20458
5737,486800000,486820458,20458
5738,486850000,486870458,20458
5739,486900000,486920458,20458
5740,486950000,486970458,20458
5741,487000000,487020458,20458
5742,487050000,487070458,20458
5743,487100000,487120458,20458
5744,487150000,487170458,20458
5745,487200000,487220458,20458
5746,487250000,487270458,20458
5747,487300000,487320458,20458
5748,487350000,487370458,20458
5749,487400000,487420458,20458
5750,487450000,487470458,20458
5751,487500000,487520458,20458
5752,487550000,487570458,20458
5753,487600000,487620458,20458
5754,487650000,487670458,20458
5755,487700000,487720458,20458
5756,487750000,487770458,20458
5757,487800000,487820458,20458
5758,487850000,487870458,20458
5759,487900000,487920458,20458
5760,487950000,487970458,20458
5761,488000000,488020458,20458
5762,488050000,488070458,20458
5763,488100000,488120458,20458
5764,488150000,488170458,20458
5765,488200000,488220458,20458
5766,488250000,488270458,20458
5767,488300000,488320458,20458
5768,488350000,488370458,20458
5769,488400000,488420458,20458
5770,488450000,488470458,20458
5771,488500000,488520458,20458
5772,488550000,488570458,20458
5773,488600000,488620458,20458
5774,488650000,488670458,20458
5775,488700000,488720458,20458
5776,488750000,488770458,20458
5777,488800000,488820458,20458
5778,488850000,488870458,20458
5779,488900000,488920458,20458
5780,488950000,488970458,20458
5781,489000000,489020458,20458
5782,489050000,489070458,20458
5783,489100000,489120458,20458
5784,489150000,489170458,20458
5785,489200000,489220458,20458
5786,489250000,489270458,20458
5787,489300000,489320458,20458
5788,489350000,489370458,20458
5789,489400000,489420458,20458
5790,489450000,489470458,20458
5791,489500000,489520458,20458
5792,489550000,489570458,20458
5793,489600000,489620458,20458
5794,489650000,489670458,20458
5795,489700000,489720458,20458
5796,489750000,489770458,20458
5797,489800000,489820458,20458
5798,489850000,489870458,20458
5799,489900000,489920458,20458
5800,489950000,489970458,20458
5801,490000000,490020458,20458
5802,490050000,490070458,20458
5803,490100000,490120458,20458
5804,490150000,490170458,20458
5805,490200000,490220458,20458
5806,490250000,490270458,20458
5807,490300000,490320458,20458
5808,490350000,490370458,20458
5809,490400000,490420458,20458
5810,490450000,490470458,20458
5811,490500000,490520458,20458
5812,490550000,490570458,20458
5813,490600000,490620458,20458
5814,490650000,490670458,20458
5815,490700000,490720458,20458
5816,490750000,490770458,20458
5817,490800000,490820458,20458
5818,490850000,490870458,20458
5819,490900000,490920458,20458
5820,490950000,490970458,20458
5821,491000000,491020458,20458
5822,491050000,491070458,20458
5823,491100000,491120458,20458
5824,491150000,491170458,20458
5825,491200000,491220458,20458
5826,491250000,491270458,20458
5827,491300000,491320458,20458
5828,491350000,491370458,20458
5829,491400000,491420458,20458
5830,491450000,491470458,20458
5831,491500000,491520458,20458
5832,491550000,491570458,20458
5833,491600000,491620458,20458
5834,491650000,491670458,20458
5835,491700000,491720458,20458
5836,491750000,491770458,20458
5837,491800000,491820458,20458
5838,491850000,491870458,20458
5839,491900000,491920458,20458
5840,491950000,491970458,20458
5841,492000000,492020458,20458
5842,492050000,492070458,20458
5843,492100000,492120458,20458
5844,492150000,492170458,20458
5845,492200000,492220458,20458
5846,492250000,492270458,20458
5847,492300000,492320458,20458
5848,492350000,492370458,20458
5849,492400000,492420458,20458
5850,492450000,492470458,20458
5851,492500000,492520458,20458
5852,492550000,492570458,20458
5853,492600000,492620458,20458
5854,492650000,492670458,20458
5855,492700000,492720458,20458
5856,492750000,492770458,20458
5857,492800000,492820458,20458
5858,492850000,492870458,20458
5859,492900000,492920458,20458
5860,492950000,492970458,20458
5861,493000000,493020458,20458
5862,493050000,493070458,20458
5863,493100000,493120458,20458
5864,493150000,493170458,20458
5865,493200000,493220458,20458
5866,493250000,493270458,20458
5867,493300000,493320458,20458
5868,493350000,493370458,20458
5869,493400000,493420458,20458
5870,493450000,493470458,20458
5871,493500000,493520458,20458
5872,493550000,493570458,20458
5873,493600000,493620458,20458
5874,493650000,493670458,20458
5875,493700000,493720458,20458
5876,493750000,493770458,20458
5877,493800000,493820458,20458
5878,493850000,493870458,20458
5879,493900000,493920458,20458
5880,493950000,493970458,20458
5881,494000000,494020458,20458
5882,494050000,494070458,20458
5883,494100000,494120458,20458
5884,494150000,494170458,20458
5885,494200000,494220458,20458
5886,494250000,494270458,20458
5887,494300000,494320458,20458
5888,494350000,494370458,20458
5889,494400000,494420458,20458
5890,494450000,494470458,20458
5891,494500000,494520458,20458
5892,494550000,494570458,20458
5893,494600000,494620458,20458
5894,494650000,494670458,20458
5895,494700000,494720458,20458
5896,494750000,494770458,20458
5897,494800000,494820458,20458
5898,494850000,494870458,20458
5899,494900000,494920458,20458
5900,494950000,494970458,20458
5901,495000000,495020458,20458
5902,495050000,495070458,20458
5903,495100000,495120458,20458
5904,495150000,495170458,20458
5905,495200000,495220458,20458
5906,495250000,495270458,20458
5907,495300000,495320458,20458
5908,495350000,495370458,20458
5909,495400000,495420458,20458
5910,495450000,495470458,20458
5911,495500000,495520458,20458
5912,495550000,495570458,20458
5913,495600000,495620458,20458
5914,495650000,495670458,20458
5915,495700000,495720458,20458
5916,495750000,495770458,20458
5917,495800000,495820458,20458
5918,495850000,495870458,20458
5919,495900000,495920458,20458
5920,495950000,495970458,20458
5921,496000000,496020458,20458
5922,496050000,496070458,20458
5923,496100000,496120458,20458
5924,496150000,496170458,20458
5925,496200000,496220458,20458
5926,496250000,496270458,20458
5927,496300000,496320458,20458
5928,496350000,496370458,20458
5929,496400000,496420458,20458
5930,496450000,496470458,20458
5931,496500000,496520458,20458
5932,496550000,496570458,20458
5933,496600000,496620458,20458
5934,496650000,496670458,20458
5935,496700000,496720458,20458
5936,496750000,496770458,20458
5937,496800000,496820458,20458
5938,496850000,496870458,20458
5939,496900000,496920458,20458
5940,496950000,496970458,20458
5941,497000000,497020458,20458
5942,497050000,497070458,20458
5943,497100000,497120458,20458
5944,497150000,497170458,20458
5945,497200000,497220458,20458
5946,497250000,497270458,20458
5947,497300000,497320458,20458
5948,497350000,497370458,20458
5949,497400000,497420458,20458
5950,497450000,497470458,20458
5951,497500000,497520458,20458
5952,497550000,497570458,20458
5953,497600000,497620458,20458
5954,497650000,497670458,20458
5955,497700000,497720458,20458
5956,497750000,497770458,20458
5957,497800000,497820458,20458
5958,497850000,497870458,20458
5959,497900000,497920458,20458
5960,497950000,497970458,20458
5961,498000000,498020458,20458
5962,498050000,498070458,20458
5963,498100000,498120458,20458
5964,498150000,498170458,20458
5965,498200000,498220458,20458
5966,498250000,498270458,20458
5967,498300000,498320458,20458
5968,498350000,498370458,20458
5969,498400000,498420458,20458
5970,498450000,498470458,20458
5971,498500000,498520458,20458
5972,498550000,498570458,20458
5973,498600000,498620458,20458
5974,498650000,498670458,20458
5975,498700000,498720458,20458
5976,498750000,498770458,20458
5977,498800000,498820458,20458
5978,498850000,498870458,20458
5979,498900000,498920458,20458
5980,498950000,498970458,20458
5981,499000000,499020458,20458
5982,499050000,499070458,20458
5983,499100000,499120458,20458
5984,499150000,499170458,20458
5985,499200000,499220458,20458
5986,499250000,499270458,20458
5987,499300000,499320458,20458
5988,499350000,499370458,20458
5989,499400000,499420458,20458
5990,499450000,499470458,20458
5991,499500000,499520458,20458
5992,499550000,499570458,20458
5993,499600000,499620458,20458
5994,499650000,499670458,20458
5995,499700000,499720458,20458
5996,499750000,499770458,20458
5997,499800000,499820458,20458
5998,499850000,499870458,20458
5999,499900000,499920458,20458
6000,499950000,499970458,20458
6001,500000000,500020458,20458
6002,500050000,500070458,20458
6003,500100000,500120458,20458
6004,500150000,500170458,20458
6005,500200000,500220458,20458
6006,500250000,500270458,20458
6007,500300000,500320458,20458
6008,500350000,500370458,20458
6009,500400000,500420458,20458
6010,500450000,500470458,20458
6011,500500000,500520458,20458
6012,500550000,500570458,20458
6013,500600000,500620458,20458
6014,500650000,500670458,20458
6015,500700000,500720458,20458
6016,500750000,500770458,20458
6017,500800000,500820458,20458
6018,500850000,500870458,20458
6019,500900000,500920458,20458
6020,500950000,500970458,20458
6021,501000000,501020458,20458
6022,501050000,501070458,20458
6023,501100000,501120458,20458
6024,501150000,501170458,20458
6025,501200000,501220458,20458
6026,501250000,501270458,20458
6027,501300000,501320458,20458
6028,501350000,501370458,20458
6029,501400000,501420458,20458
6030,501450000,501470458,20458
6031,501500000,501520458,20458
6032,501550000,501570458,20458
6033,501600000,501620458,20458
6034,501650000,501670458,20458
6035,501700000,501720458,20458
6036,501750000,501770458,20458
6037,501800000,501820458,20458
6038,501850000,501870458,20458
6039,501900000,501920458,20458
6040,501950000,501970458,20458
6041,502000000,502020458,20458
6042,502050000,502070458,20458
6043,502100000,502120458,20458
6044,502150000,502170458,20458
6045,502200000,502220458,20458
6046,502250000,502270458,20458
6047,502300000,502320458,20458
6048,502350000,502370458,20458
6049,502400000,502420458,20458
6050,502450000,502470458,20458
6051,502500000,502520458,20458
6052,502550000,502570458,20458
6053,502600000,502620458,20458
6054,502650000,502670458,20458
6055,502700000,502720458,20458
6056,502750000,502770458,20458
6057,502800000,502820458,20458
6058,502850000,502870458,20458
6059,502900000,502920458,20458
6060,502950000,502970458,20458
6061,503000000,503020458,20458
6062,503050000,503070458,20458
6063,503100000,503120458,20458
6064,503150000,503170458,20458
6065,503200000,503220458,20458
6066,503250000,503270458,20458
6067,503300000,503320458,20458
6068,503350000,503370458,20458
6069,503400000,503420458,20458
6070,503450000,503470458,20458
6071,503500000,503520458,20458
6072,503550000,503570458,20458
6073,503600000,503620458,20458
6074,503650000,503670458,20458
6075,503700000,503720458,20458
6076,503750000,503770458,20458
6077,503800000,503820458,20458
6078,503850000,503870458,20458
6079,503900000,503920458,20458
6080,503950000,503970458,20458
6081,504000000,504020458,20458
6082,504050000,504070458,20458
6083,504100000,504120458,20458
6084,504150000,504170458,20458
6085,504200000,504220458,20458
6086,504250000,504270458,20458
6087,504300000,504320458,20458
6088,504350000,504370458,20458
6089,504400000,504420458,20458
6090,504450000,504470458,20458
6091,504500000,504520458,20458
6092,504550000,504570458,20458
6093,504600000,504620458,20458
6094,504650000,504670458,20458
6095,504700000,504720458,20458
6096,504750000,504770458,20458
6097,504800000,504820458,20458
6098,504850000,504870458,20458
6099,504900000,504920458,20458
6100,504950000,504970458,20458
6101,505000000,505020458,20458
6102,505050000,505070458,20458
6103,505100000,505120458,20458
6104,505150000,505170458,20458
6105,505200000,505220458,20458
6106,505250000,505270458,20458
6107,505300000,505320458,20458
6108,505350000,505370458,20458
6109,505400000,505420458,20458
6110,505450000,505470458,20458
6111,505500000,505520458,20458
6112,505550000,505570458,20458
6113,505600000,505620458,20458
6114,505650000,505670458,20458
6115,505700000,505720458,20458
6116,505750000,505770458,20458
6117,505800000,505820458,20458
6118,505850000,505870458,20458
6119,505900000,505920458,20458
6120,505950000,505970458,20458
6121,506000000,506020458,20458
6122,506050000,506070458,20458
6123,506100000,506120458,20458
6124,506150000,506170458,20458
6125,506200000,506220458,20458
6126,506250000,506270458,20458
6127,506300000,506320458,20458
6128,506350000,506370458,20458
6129,506400000,506420458,20458
6130,506450000,506470458,20458
6131,506500000,506520458,20458
6132,506550000,506570458,20458
6133,506600000,506620458,20458
6134,506650000,506670458,20458
6135,506700000,506720458,20458
6136,506750000,506770458,20458
6137,506800000,506820458,20458
6138,506850000,506870458,20458
6139,506900000,506920458,20458
6140,506950000,506970458,20458
6141,507000000,507020458,20458
6142,507050000,507070458,20458
6143,507100000,507120458,20458
6144,507150000,507170458,20458
6145,507200000,507220458,20458
6146,507250000,507270458,20458
6147,507300000,507320458,20458
6148,507350000,507370458,20458
6149,507400000,507420458,20458
6150,507450000,507470458,20458
6151,507500000,507520458,20458
6152,507550000,507570458,20458
6153,507600000,507620458,20458
6154,507650000,507670458,20458
6155,507700000,507720458,20458
6156,507750000,507770458,20458
6157,507800000,507820458,20458
6158,507850000,507870458,20458
6159,507900000,507920458,20458
6160,507950000,507970458,20458
6161,508000000,508020458,20458
6162,508050000,508070458,20458
6163,508100000,508120458,20458
6164,508150000,508170458,20458
6165,508200000,508220458,20458
6166,508250000,508270458,20458
6167,508300000,508320458,20458
6168,508350000,508370458,20458
6169,508400000,508420458,20458
6170,508450000,508470458,20458
6171,508500000,508520458,20458
6172,508550000,508570458,20458
6173,508600000,508620458,20458
6174,508650000,508670458,20458
6175,508700000,508720458,20458
6176,508750000,508770458,20458
6177,508800000,508820458,20458
6178,508850000,508870458,20458
6179,508900000,508920458,20458
6180,508950000,508970458,20458
6181,509000000,509020458,20458
6182,509050000,509070458,20458
6183,509100000,509120458,20458
6184,509150000,509170458,20458
6185,509200000,509220458,20458
6186,509250000,509270458,20458
6187,509300000,509320458,20458
6188,509350000,509370458,20458
6189,509400000,509420458,20458
6190,509450000,509470458,20458
6191,509500000,509520458,20458
6192,509550000,509570458,20458
6193,509600000,509620458,20458
6194,509650000,509670458,20458
6195,509700000,509720458,20458
6196,509750000,509770458,20458
6197,509800000,509820458,20458
6198,509850000,509870458,20458
6199,509900000,509920458,20458
6200,509950000,509970458,20458
6201,510000000,510020458,20458
6202,510050000,510070458,20458
6203,510100000,510120458,20458
6204,510150000,510170458,20458
6205,510200000,510220458,20458
6206,510250000,510270458,20458
6207,510300000,510320458,20458
6208,510350000,510370458,20458
6209,510400000,510420458,20458
6210,510450000,510470458,20458
6211,510500000,510520458,20458
6212,510550000,510570458,20458
6213,510600000,510620458,20458
6214,510650000,510670458,20458
6215,510700000,510720458,20458
6216,510750000,510770458,20458
6217,510800000,510820458,20458
6218,510850000,510870458,20458
6219,510900000,510920458,20458
6220,510950000,510970458,20458
6221,511000000,511020458,20458
6222,511050000,511070458,20458
6223,511100000,511120458,20458
6224,511150000,511170458,20458
6225,511200000,511220458,20458
6226,511250000,511270458,20458
6227,511300000,511320458,20458
6228,511350000,511370458,20458
6229,511400000,511420458,20458
6230,511450000,511470458,20458
6231,511500000,511520458,20458
6232,511550000,511570458,20458
6233,511600000,511620458,20458
6234,511650000,511670458,20458
6235,511700000,511720458,20458
6236,511750000,511770458,20458
6237,511800000,511820458,20458
6238,511850000,511870458,20458
6239,511900000,511920458,20458
6240,511950000,511970458,20458
6241,512000000,512020458,20458
6242,512050000,512070458,20458
6243,512100000,512120458,20458
6244,512150000,512170458,20458
6245,512200000,512220458,20458
6246,512250000,512270458,20458
6247,512300000,512320458,20458
6248,512350000,512370458,20458
6249,512400000,512420458,20458
6250,512450000,512470458,20458
6251,512500000,512520458,20458
6252,512550000,512570458,20458
6253,512600000,512620458,20458
6254,512650000,512670458,20458
6255,512700000,512720458,20458
6256,512750000,512770458,20458
6257,512800000,512820458,20458
6258,512850000,512870458,20458
6259,512900000,512920458,20458
6260,512950000,512970458,20458
6261,513000000,513020458,20458
6262,513050000,513070458,20458
6263,513100000,513120458,20458
6264,513150000,513170458,20458
6265,513200000,513220458,20458
6266,513250000,513270458,20458
6267,513300000,513320458,20458
6268,513350000,513370458,20458
6269,513400000,513420458,20458
6270,513450000,513470458,20458
6271,513500000,513520458,20458
6272,513550000,513570458,20458
6273,513600000,513620458,20458
6274,513650000,513670458,20458
6275,513700000,513720458,20458
6276,513750000,513770458,20458
6277,513800000,513820458,20458
6278,513850000,513870458,20458
6279,513900000,513920458,20458
6280,513950000,513970458,20458
6281,514000000,514020458,20458
6282,514050000,514070458,20458
6283,514100000,514120458,20458
6284,514150000,514170458,20458
6285,514200000,514220458,20458
6286,514250000,514270458,20458
6287,514300000,514320458,20458
6288,514350000,514370458,20458
6289,514400000,514420458,20458
6290,514450000,514470458,20458
6291,514500000,514520458,20458
6292,514550000,514570458,20458
6293,514600000,514620458,20458
6294,514650000,514670458,20458
6295,514700000,514720458,20458
6296,514750000,514770458,20458
6297,514800000,514820458,20458
6298,514850000,514870458,20458
6299,514900000,514920458,20458
6300,514950000,514970458,20458
6301,515000000,515020458,20458
6302,515050000,515070458,20458
6303,515100000,515120458,20458
6304,515150000,515170458,20458
6305,515200000,515220458,20458
6306,515250000,515270458,20458
6307,515300000,515320458,20458
6308,515350000,515370458,20458
6309,515400000,515420458,20458
6310,515450000,515470458,20458
6311,515500000,515520458,20458
6312,515550000,515570458,20458
6313,515600000,515620458,20458
6314,515650000,515670458,20458
6315,515700000,515720458,20458
6316,515750000,515770458,20458
6317,515800000,515820458,20458
6318,515850000,515870458,20458
6319,515900000,515920458,20458
6320,515950000,515970458,20458
6321,516000000,516020458,20458
6322,516050000,516070458,20458
6323,516100000,516120458,20458
6324,516150000,516170458,20458
6325,516200000,516220458,20458
6326,516250000,516270458,20458
6327,516300000,516320458,20458
6328,516350000,516370458,20458
6329,516400000,516420458,20458
6330,516450000,516470458,20458
6331,516500000,516520458,20458
6332,516550000,516570458,20458
6333,516600000,516620458,20458
6334,516650000,516670458,20458
6335,516700000,516720458,20458
6336,516750000,516770458,20458
6337,516800000,516820458,20458
6338,516850000,516870458,20458
6339,516900000,516920458,20458
6340,516950000,516970458,20458
6341,517000000,517020458,20458
6342,517050000,517070458,20458
6343,517100000,517120458,20458
6344,517150000,517170458,20458
6345,517200000,517220458,20458
6346,517250000,517270458,20458
6347,517300000,517320458,20458
6348,517350000,517370458,20458
6349,517400000,517420458,20458
6350,517450000,517470458,20458
6351,517500000,517520458,20458
6352,517550000,517570458,20458
6353,517600000,517620458,20458
6354,517650000,517670458,20458
6355,517700000,517720458,20458
6356,517750000,517770458,20458
6357,517800000,517820458,20458
6358,517850000,517870458,20458
6359,517900000,517920458,20458
6360,517950000,517970458,20458
6361,518000000,518020458,20458
6362,518050000,518070458,20458
6363,518100000,518120458,20458
6364,518150000,518170458,20458
6365,518200000,518220458,20458
6366,518250000,518270458,20458
6367,518300000,518320458,20458
6368,518350000,518370458,20458
6369,518400000,518420458,20458
6370,518450000,518470458,20458
6371,518500000,518520458,20458
6372,518550000,518570458,20458
6373,518600000,518620458,20458
6374,518650000,518670458,20458
6375,518700000,518720458,20458
6376,518750000,518770458,20458
6377,518800000,518820458,20458
6378,518850000,518870458,20458
6379,518900000,518920458,20458
6380,518950000,518970458,20458
6381,519000000,519020458,20458
6382,519050000,519070458,20458
6383,519100000,519120458,20458
6384,519150000,519170458,20458
6385,519200000,519220458,20458
6386,519250000,519270458,20458
6387,519300000,519320458,20458
6388,519350000,519370458,20458
6389,519400000,519420458,20458
6390,519450000,519470458,20458
6391,519500000,519520458,20458
6392,519550000,519570458,20458
6393,519600000,519620458,20458
6394,519650000,519670458,20458
6395,519700000,519720458,20458
6396,519750000,519770458,20458
6397,519800000,519820458,20458
6398,519850000,519870458,20458
6399,519900000,519920458,20458
6400,519950000,519970458,20458
6401,520000000,520020458,20458
6402,520050000,520070458,20458
6403,520100000,520120458,20458
6404,520150000,520170458,20458
6405,520200000,520220458,20458
6406,520250000,520270458,20458
6407,520300000,520320458,20458
6408,520350000,520370458,20458
6409,520400000,520420458,20458
6410,520450000,520470458,20458
6411,520500000,520520458,20458
6412,520550000,520570458,20458
6413,520600000,520620458,20458
6414,520650000,520670458,20458
6415,520700000,520720458,20458
6416,520750000,520770458,20458
6417,520800000,520820458,20458
6418,520850000,520870458,20458
6419,520900000,520920458,20458
6420,520950000,520970458,20458
6421,521000000,521020458,20458
6422,521050000,521070458,20458
6423,521100000,521120458,20458
6424,521150000,521170458,20458
6425,521200000,521220458,20458
6426,521250000,521270458,20458
6427,521300000,521320458,20458
6428,521350000,521370458,20458
6429,521400000,521420458,20458
6430,521450000,521470458,20458
6431,521500000,521520458,20458
6432,521550000,521570458,20458
6433,521600000,521620458,20458
6434,521650000,521670458,20458
6435,521700000,521720458,20458
6436,521750000,521770458,20458
6437,521800000,521820458,20458
6438,521850000,521870458,20458
6439,521900000,521920458,20458
6440,521950000,521970458,20458
6441,522000000,522020458,20458
6442,522050000,522070458,20458
6443,522100000,522120458,20458
6444,522150000,522170458,20458
6445,522200000,522220458,20458
6446,522250000,522270458,20458
6447,522300000,522320458,20458
6448,522350000,522370458,20458
6449,522400000,522420458,20458
6450,522450000,522470458,20458
6451,522500000,522520458,20458
6452,522550000,522570458,20458
6453,522600000,522620458,20458
6454,522650000,522670458,20458
6455,522700000,522720458,20458
6456,522750000,522770458,20458
6457,522800000,522820458,20458
6458,522850000,522870458,20458
6459,522900000,522920458,20458
6460,522950000,522970458,20458
6461,523000000,523020458,20458
6462,523050000,523070458,20458
6463,523100000,523120458,20458
6464,523150000,523170458,20458
6465,523200000,523220458,20458
6466,523250000,523270458,20458
6467,523300000,523320458,20458
6468,523350000,523370458,20458
6469,523400000,523420458,20458
6470,523450000,523470458,20458
6471,523500000,523520458,20458
6472,523550000,523570458,20458
6473,523600000,523620458,20458
6474,523650000,523670458,20458
6475,523700000,523720458,20458
6476,523750000,523770458,20458
6477,523800000,523820458,20458
6478,523850000,523870458,20458
6479,523900000,523920458,20458
6480,523950000,523970458,20458
6481,524000000,524020458,20458
6482,524050000,524070458,20458
6483,524100000,524120458,20458
6484,524150000,524170458,20458
6485,524200000,524220458,20458
6486,524250000,524270458,20458
6487,524300000,524320458,20458
6488,524350000,524370458,20458
6489,524400000,524420458,20458
6490,524450000,524470458,20458
6491,524500000,524520458,20458
6492,524550000,524570458,20458
6493,524600000,524620458,20458
6494,524650000,524670458,20458
6495,524700000,524720458,20458
6496,524750000,524770458,20458
6497,524800000,524820458,20458
6498,524850000,524870458,20458
6499,524900000,524920458,20458
6500,524950000,524970458,20458
6501,525000000,525020458,20458
6502,525050000,525070458,20458
6503,525100000,525120458,20458
6504,525150000,525170458,20458
6505,525200000,525220458,20458
6506,525250000,525270458,20458
6507,525300000,525320458,20458
6508,525350000,525370458,20458
6509,525400000,525420458,20458
6510,525450000,525470458,20458
6511,525500000,525520458,20458
6512,525550000,525570458,20458
6513,525600000,525620458,20458
6514,525650000,525670458,20458
6515,525700000,525720458,20458
6516,525750000,525770458,20458
6517,525800000,525820458,20458
6518,525850000,525870458,20458
6519,525900000,525920458,20458
6520,525950000,525970458,20458
6521,526000000,526020458,20458
6522,526050000,526070458,20458
6523,526100000,526120458,20458
6524,526150000,526170458,20458
6525,526200000,526220458,20458
6526,526250000,526270458,20458
6527,526300000,526320458,20458
6528,526350000,526370458,20458
6529,526400000,526420458,20458
6530,526450000,526470458,20458
6531,526500000,526520458,20458
6532,526550000,526570458,20458
6533,526600000,526620458,20458
6534,526650000,526670458,20458
6535,526700000,526720458,20458
6536,526750000,526770458,20458
6537,526800000,526820458,20458
6538,526850000,526870458,20458
6539,526900000,526920458,20458
6540,526950000,526970458,20458
6541,527000000,527020458,20458
6542,527050000,527070458,20458
6543,527100000,527120458,20458
6544,527150000,527170458,20458
6545,527200000,527220458,20458
6546,527250000,527270458,20458
6547,527300000,527320458,20458
6548,527350000,527370458,20458
6549,527400000,527420458,20458
6550,527450000,527470458,20458
6551,527500000,527520458,20458
6552,527550000,527570458,20458
6553,527600000,527620458,20458
6554,527650000,527670458,20458
6555,527700000,527720458,20458
6556,527750000,527770458,20458
6557,527800000,527820458,20458
6558,527850000,527870458,20458
6559,527900000,527920458,20458
6560,527950000,527970458,20458
6561,528000000,528020458,20458
6562,528050000,528070458,20458
6563,528100000,528120458,20458
6564,528150000,528170458,20458
6565,528200000,528220458,20458
6566,528250000,528270458,20458
6567,528300000,528320458,20458
6568,528350000,528370458,20458
6569,528400000,528420458,20458
6570,528450000,528470458,20458
6571,528500000,528520458,20458
6572,528550000,528570458,20458
6573,528600000,528620458,20458
6574,528650000,528670458,20458
6575,528700000,528720458,20458
6576,528750000,528770458,20458
6577,528800000,528820458,20458
6578,528850000,528870458,20458
6579,528900000,528920458,20458
6580,528950000,528970458,20458
6581,529000000,529020458,20458
6582,529050000,529070458,20458
6583,529100000,529120458,20458
6584,529150000,529170458,20458
6585,529200000,529220458,20458
6586,529250000,529270458,20458
6587,529300000,529320458,20458
6588,529350000,529370458,20458
6589,529400000,529420458,20458
6590,529450000,529470458,20458
6591,529500000,529520458,20458
6592,529550000,529570458,20458
6593,529600000,529620458,20458
6594,529650000,529670458,20458
6595,529700000,529720458,20458
6596,529750000,529770458,20458
6597,529800000,529820458,20458
6598,529850000,529870458,20458
6599,529900000,529920458,20458
6600,529950000,529970458,20458
6601,530000000,530020458,20458
6602,530050000,530070458,20458
6603,530100000,530120458,20458
6604,530150000,530170458,20458
6605,530200000,530220458,20458
6606,530250000,530270458,20458
6607,530300000,530320458,20458
6608,530350000,530370458,20458
6609,530400000,530420458,20458
6610,530450000,530470458,20458
6611,530500000,530520458,20458
6612,530550000,530570458,20458
6613,530600000,530620458,20458
6614,530650000,530670458,20458
6615,530700000,530720458,20458
6616,530750000,530770458,20458
6617,530800000,530820458,20458
6618,530850000,530870458,20458
6619,530900000,530920458,20458
6620,530950000,530970458,20458
6621,531000000,531020458,20458
6622,531050000,531070458,20458
6623,531100000,531120458,20458
6624,531150000,531170458,20458
6625,531200000,531220458,20458
6626,531250000,531270458,20458
6627,531300000,531320458,20458
6628,531350000,531370458,20458
6629,531400000,531420458,20458
6630,531450000,531470458,20458
6631,531500000,531520458,20458
6632,531550000,531570458,20458
6633,531600000,531620458,20458
6634,531650000,531670458,20458
6635,531700000,531720458,20458
6636,531750000,531770458,20458
6637,531800000,531820458,20458
6638,531850000,531870458,20458
6639,531900000,531920458,20458
6640,531950000,531970458,20458
6641,532000000,532020458,20458
6642,532050000,532070458,20458
6643,532100000,532120458,20458
6644,532150000,532170458,20458
6645,532200000,532220458,20458
6646,532250000,532270458,20458
6647,532300000,532320458,20458
6648,532350000,532370458,20458
6649,532400000,532420458,20458
6650,532450000,532470458,20458
6651,532500000,532520458,20458
6652,532550000,532570458,20458
6653,532600000,532620458,20458
6654,532650000,532670458,20458
6655,532700000,532720458,20458
6656,532750000,532770458,20458
6657,532800000,532820458,20458
6658,532850000,532870458,20458
6659,532900000,532920458,20458
6660,532950000,532970458,20458
6661,533000000,533020458,20458
6662,533050000,533070458,20458
6663,533100000,533120458,20458
6664,533150000,533170458,20458
6665,533200000,533220458,20458
6666,533250000,533270458,20458
6667,533300000,533320458,20458
6668,533350000,533370458,20458
6669,533400000,533420458,20458
6670,533450000,533470458,20458
6671,533500000,533520458,20458
6672,533550000,533570458,20458
6673,533600000,533620458,20458
6674,533650000,533670458,20458
6675,533700000,533720458,20458
6676,533750000,533770458,20458
6677,533800000,533820458,20458
6678,533850000,533870458,20458
6679,533900000,533920458,20458
6680,533950000,533970458,20458
6681,534000000,534020458,20458
6682,534050000,534070458,20458
6683,534100000,534120458,20458
6684,534150000,534170458,20458
6685,534200000,534220458,20458
6686,534250000,534270458,20458
6687,534300000,534320458,20458
6688,534350000,534370458,20458
6689,534400000,534420458,20458
6690,534450000,534470458,20458
6691,534500000,534520458,20458
6692,534550000,534570458,20458
6693,534600000,534620458,20458
6694,534650000,534670458,20458
6695,534700000,534720458,20458
6696,534750000,534770458,20458
6697,534800000,534820458,20458
6698,534850000,534870458,20458
6699,534900000,534920458,20458
6700,534950000,534970458,20458
6701,535000000,535020458,20458
6702,535050000,535070458,20458
6703,535100000,535120458,20458
6704,535150000,535170458,20458
6705,535200000,535220458,20458
6706,535250000,535270458,20458
6707,535300000,535320458,20458
6708,535350000,535370458,20458
6709,535400000,535420458,20458
6710,535450000,535470458,20458
6711,535500000,535520458,20458
6712,535550000,535570458,20458
6713,535600000,535620458,20458
6714,535650000,535670458,20458
6715,535700000,535720458,20458
6716,535750000,535770458,20458
6717,535800000,535820458,20458
6718,535850000,535870458,20458
6719,535900000,535920458,20458
6720,535950000,535970458,20458
6721,536000000,536020458,20458
6722,536050000,536070458,20458
6723,536100000,536120458,20458
6724,536150000,536170458,20458
6725,536200000,536220458,20458
6726,536250000,536270458,20458
6727,536300000,536320458,20458
6728,536350000,536370458,20458
6729,536400000,536420458,20458
6730,536450000,536470458,20458
6731,536500000,536520458,20458
6732,536550000,536570458,20458
6733,536600000,536620458,20458
6734,536650000,536670458,20458
6735,536700000,536720458,20458
6736,536750000,536770458,20458
6737,536800000,536820458,20458
6738,536850000,536870458,20458
6739,536900000,536920458,20458
6740,536950000,536970458,20458
6741,537000000,537020458,20458
6742,537050000,537070458,20458
6743,537100000,537120458,20458
6744,537150000,537170458,20458
6745,537200000,537220458,20458
6746,537250000,537270458,20458
6747,537300000,537320458,20458
6748,537350000,537370458,20458
6749,537400000,537420458,20458
6750,537450000,537470458,20458
6751,537500000,537520458,20458
6752,537550000,537570458,20458
6753,537600000,537620458,20458
6754,537650000,537670458,20458
6755,537700000,537720458,20458
6756,537750000,537770458,20458
6757,537800000,537820458,20458
6758,537850000,537870458,20458
6759,537900000,537920458,20458
6760,537950000,537970458,20458
6761,538000000,538020458,20458
6762,538050000,538070458,20458
6763,538100000,538120458,20458
6764,538150000,538170458,20458
6765,538200000,538220458,20458
6766,538250000,538270458,20458
6767,538300000,538320458,20458
6768,538350000,538370458,20458
6769,538400000,538420458,20458
6770,538450000,538470458,20458
6771,538500000,538520458,20458
6772,538550000,538570458,20458
6773,538600000,538620458,20458
6774,538650000,538670458,20458
6775,538700000,538720458,20458
6776,538750000,538770458,20458
6777,538800000,538820458,20458
6778,538850000,538870458,20458
6779,538900000,538920458,20458
6780,538950000,538970458,20458
6781,539000000,539020458,20458
6782,539050000,539070458,20458
6783,539100000,539120458,20458
6784,539150000,539170458,20458
6785,539200000,539220458,20458
6786,539250000,539270458,20458
6787,539300000,539320458,20458
6788,539350000,539370458,20458
6789,539400000,539420458,20458
6790,539450000,539470458,20458
6791,539500000,539520458,20458
6792,539550000,539570458,20458
6793,539600000,539620458,20458
6794,539650000,539670458,20458
6795,539700000,539720458,20458
6796,539750000,539770458,20458
6797,539800000,539820458,20458
6798,539850000,539870458,20458
6799,539900000,539920458,20458
6800,539950000,539970458,20458
6801,540000000,540020458,20458
6802,540050000,540070458,20458
6803,540100000,540120458,20458
6804,540150000,540170458,20458
6805,540200000,540220458,20458
6806,540250000,540270458,20458
6807,540300000,540320458,20458
6808,540350000,540370458,20458
6809,540400000,540420458,20458
6810,540450000,540470458,20458
6811,540500000,540520458,20458
6812,540550000,540570458,20458
6813,540600000,540620458,20458
6814,540650000,540670458,20458
6815,540700000,540720458,20458
6816,540750000,540770458,20458
6817,540800000,540820458,20458
6818,540850000,540870458,20458
6819,540900000,540920458,20458
6820,540950000,540970458,20458
6821,541000000,541020458,20458
6822,541050000,541070458,20458
6823,541100000,541120458,20458
6824,541150000,541170458,20458
6825,541200000,541220458,20458
6826,541250000,541270458,20458
6827,541300000,541320458,20458
6828,541350000,541370458,20458
6829,541400000,541420458,20458
6830,541450000,541470458,20458
6831,541500000,541520458,20458
6832,541550000,541570458,20458
6833,541600000,541620458,20458
6834,541650000,541670458,20458
6835,541700000,541720458,20458
6836,541750000,541770458,20458
6837,541800000,541820458,20458
6838,541850000,541870458,20458
6839,541900000,541920458,20458
6840,541950000,541970458,20458
6841,542000000,542020458,20458
6842,542050000,542070458,20458
6843,542100000,542120458,20458
6844,542150000,542170458,20458
6845,542200000,542220458,20458
6846,542250000,542270458,20458
6847,542300000,542320458,20458
6848,542350000,542370458,20458
6849,542400000,542420458,20458
6850,542450000,542470458,20458
6851,542500000,542520458,20458
6852,542550000,542570458,20458
6853,542600000,542620458,20458
6854,542650000,542670458,20458
6855,542700000,542720458,20458
6856,542750000,542770458,20458
6857,542800000,542820458,20458
6858,542850000,542870458,20458
6859,542900000,542920458,20458
6860,542950000,542970458,20458
6861,543000000,543020458,20458
6862,543050000,543070458,20458
6863,543100000,543120458,20458
6864,543150000,543170458,20458
6865,543200000,543220458,20458
6866,543250000,543270458,20458
6867,543300000,543320458,20458
6868,543350000,543370458,20458
6869,543400000,543420458,20458
6870,543450000,543470458,20458
6871,543500000,543520458,20458
6872,543550000,543570458,20458
6873,543600000,543620458,20458
6874,543650000,543670458,20458
6875,543700000,543720458,20458
6876,543750000,543770458,20458
6877,543800000,543820458,20458
6878,543850000,543870458,20458
6879,543900000,543920458,20458
6880,543950000,543970458,20458
6881,544000000,544020458,20458
6882,544050000,544070458,20458
6883,544100000,544120458,20458
6884,544150000,544170458,20458
6885,544200000,544220458,20458
6886,544250000,544270458,20458
6887,544300000,544320458,20458
6888,544350000,544370458,20458
6889,544400000,544420458,20458
6890,544450000,544470458,20458
6891,544500000,544520458,20458
6892,544550000,544570458,20458
6893,544600000,544620458,20458
6894,544650000,544670458,20458
6895,544700000,544720458,20458
6896,544750000,544770458,20458
6897,544800000,544820458,20458
6898,544850000,544870458,20458
6899,544900000,544920458,20458
6900,544950000,544970458,20458
6901,545000000,545020458,20458
6902,545050000,545070458,20458
6903,545100000,545120458,20458
6904,545150000,545170458,20458
6905,545200000,545220458,20458
6906,545250000,545270458,20458
6907,545300000,545320458,20458
6908,545350000,545370458,20458
6909,545400000,545420458,20458
6910,545450000,545470458,20458
6911,545500000,545520458,20458
6912,545550000,545570458,20458
6913,545600000,545620458,20458
6914,545650000,545670458,20458
6915,545700000,545720458,20458
6916,545750000,545770458,20458
6917,545800000,545820458,20458
6918,545850000,545870458,20458
6919,545900000,545920458,20458
6920,545950000,545970458,20458
6921,546000000,546020458,20458
6922,546050000,546070458,20458
6923,546100000,546120458,20458
6924,546150000,546170458,20458
6925,546200000,546220458,20458
6926,546250000,546270458,20458
6927,546300000,546320458,20458
6928,546350000,546370458,20458
6929,546400000,546420458,20458
6930,546450000,546470458,20458
6931,546500000,546520458,20458
6932,546550000,546570458,20458
6933,546600000,546620458,20458
6934,546650000,546670458,20458
6935,546700000,546720458,20458
6936,546750000,546770458,20458
6937,546800000,546820458,20458
6938,546850000,546870458,20458
6939,546900000,546920458,20458
6940,546950000,546970458,20458
6941,547000000,547020458,20458
6942,547050000,547070458,20458
6943,547100000,547120458,20458
6944,547150000,547170458,20458
6945,547200000,547220458,20458
6946,547250000,547270458,20458
6947,547300000,547320458,20458
6948,547350000,547370458,20458
6949,547400000,547420458,20458
6950,547450000,547470458,20458
6951,547500000,547520458,20458
6952,547550000,547570458,20458
6953,547600000,547620458,20458
6954,547650000,547670458,20458
6955,547700000,547720458,20458
6956,547750000,547770458,20458
6957,547800000,547820458,20458
6958,547850000,547870458,20458
6959,547900000,547920458,20458
6960,547950000,547970458,20458
6961,548000000,548020458,20458
6962,548050000,548070458,20458
6963,548100000,548120458,20458
6964,548150000,548170458,20458
6965,548200000,548220458,20458
6966,548250000,548270458,20458
6967,548300000,548320458,20458
6968,548350000,548370458,20458
6969,548400000,548420458,20458
6970,548450000,548470458,20458
6971,548500000,548520458,20458
6972,548550000,548570458,20458
6973,548600000,548620458,20458
6974,548650000,548670458,20458
6975,548700000,548720458,20458
6976,548750000,548770458,20458
6977,548800000,548820458,20458
6978,548850000,548870458,20458
6979,548900000,548920458,20458
6980,548950000,548970458,20458
6981,549000000,549020458,20458
6982,549050000,549070458,20458
6983,549100000,549120458,20458
6984,549150000,549170458,20458
6985,549200000,549220458,20458
6986,549250000,549270458,20458
6987,549300000,549320458,20458
6988,549350000,549370458,20458
6989,549400000,549420458,20458
6990,549450000,549470458,20458
6991,549500000,549520458,20458
6992,549550000,549570458,20458
6993,549600000,549620458,20458
6994,549650000,549670458,20458
6995,549700000,549720458,20458
6996,549750000,549770458,20458
6997,549800000,549820458,20458
6998,549850000,549870458,20458
6999,549900000,549920458,20458
7000,549950000,549970458,20458
7001,550000000,550020458,20458
7002,550050000,550070458,20458
7003,550100000,550120458,20458
7004,550150000,550170458,20458
7005,550200000,550220458,20458
7006,550250000,550270458,20458
7007,550300000,550320458,20458
7008,550350000,550370458,20458
7009,550400000,550420458,20458
7010,550450000,550470458,20458
7011,550500000,550520458,20458
7012,550550000,550570458,20458
7013,550600000,550620458,20458
7014,550650000,550670458,20458
7015,550700000,550720458,20458
7016,550750000,550770458,20458
7017,550800000,550820458,20458
7018,550850000,550870458,20458
7019,550900000,550920458,20458
7020,550950000,550970458,20458
7021,551000000,551020458,20458
7022,551050000,551070458,20458
7023,551100000,551120458,20458
7024,551150000,551170458,20458
7025,551200000,551220458,20458
7026,551250000,551270458,20458
7027,551300000,551320458,20458
7028,551350000,551370458,20458
7029,551400000,551420458,20458
7030,551450000,551470458,20458
7031,551500000,551520458,20458
7032,551550000,551570458,20458
7033,551600000,551620458,20458
7034,551650000,551670458,20458
7035,551700000,551720458,20458
7036,551750000,551770458,20458
7037,551800000,551820458,20458
7038,551850000,551870458,20458
7039,551900000,551920458,20458
7040,551950000,551970458,20458
7041,552000000,552020458,20458
7042,552050000,552070458,20458
7043,552100000,552120458,20458
7044,552150000,552170458,20458
7045,552200000,552220458,20458
7046,552250000,552270458,20458
7047,552300000,552320458,20458
7048,552350000,552370458,20458
7049,552400000,552420458,20458
7050,552450000,552470458,20458
7051,552500000,552520458,20458
7052,552550000,552570458,20458
7053,552600000,552620458,20458
7054,552650000,552670458,20458
7055,552700000,552720458,20458
7056,552750000,552770458,20458
7057,552800000,552820458,20458
7058,552850000,552870458,20458
7059,552900000,552920458,20458
7060,552950000,552970458,20458
7061,553000000,553020458,20458
7062,553050000,553070458,20458
7063,553100000,553120458,20458
7064,553150000,553170458,20458
7065,553200000,553220458,20458
7066,553250000,553270458,20458
7067,553300000,553320458,20458
7068,553350000,553370458,20458
7069,553400000,553420458,20458
7070,553450000,553470458,20458
7071,553500000,553520458,20458
7072,553550000,553570458,20458
7073,553600000,553620458,20458
7074,553650000,553670458,20458
7075,553700000,553720458,20458
7076,553750000,553770458,20458
7077,553800000,553820458,20458
7078,553850000,553870458,20458
7079,553900000,553920458,20458
7080,553950000,553970458,20458
7081,554000000,554020458,20458
7082,554050000,554070458,20458
7083,554100000,554120458,20458
7084,554150000,554170458,20458
7085,554200000,554220458,20458
7086,554250000,554270458,20458
7087,554300000,554320458,20458
7088,554350000,554370458,20458
7089,554400000,554420458,20458
7090,554450000,554470458,20458
7091,554500000,554520458,20458
7092,554550000,554570458,20458
7093,554600000,554620458,20458
7094,554650000,554670458,20458
7095,554700000,554720458,20458
7096,554750000,554770458,20458
7097,554800000,554820458,20458
7098,554850000,554870458,20458
7099,554900000,554920458,20458
7100,554950000,554970458,20458
7101,555000000,555020458,20458
7102,555050000,555070458,20458
7103,555100000,555120458,20458
7104,555150000,555170458,20458
7105,555200000,555220458,20458
7106,555250000,555270458,20458
7107,555300000,555320458,20458
7108,555350000,555370458,20458
7109,555400000,555420458,20458
7110,555450000,555470458,20458
7111,555500000,555520458,20458
7112,555550000,555570458,20458
7113,555600000,555620458,20458
7114,555650000,555670458,20458
7115,555700000,555720458,20458
7116,555750000,555770458,20458
7117,555800000,555820458,20458
7118,555850000,555870458,20458
7119,555900000,555920458,20458
7120,555950000,555970458,20458
7121,556000000,556020458,20458
7122,556050000,556070458,20458
7123,556100000,556120458,20458
7124,556150000,556170458,20458
7125,556200000,556220458,20458
7126,556250000,556270458,20458
7127,556300000,556320458,20458
7128,556350000,556370458,20458
7129,556400000,556420458,20458
7130,556450000,556470458,20458
7131,556500000,556520458,20458
7132,556550000,556570458,20458
7133,556600000,556620458,20458
7134,556650000,556670458,20458
7135,556700000,556720458,20458
7136,556750000,556770458,20458
7137,556800000,556820458,20458
7138,556850000,556870458,20458
7139,556900000,556920458,20458
7140,556950000,556970458,20458
7141,557000000,557020458,20458
7142,557050000,557070458,20458
7143,557100000,557120458,20458
7144,557150000,557170458,20458
7145,557200000,557220458,20458
7146,557250000,557270458,20458
7147,557300000,557320458,20458
7148,557350000,557370458,20458
7149,557400000,557420458,20458
7150,557450000,557470458,20458
7151,557500000,557520458,20458
7152,557550000,557570458,20458
7153,557600000,557620458,20458
7154,557650000,557670458,20458
7155,557700000,557720458,20458
7156,557750000,557770458,20458
7157,557800000,557820458,20458
7158,557850000,557870458,20458
7159,557900000,557920458,20458
7160,557950000,557970458,20458
7161,558000000,558020458,20458
7162,558050000,558070458,20458
7163,558100000,558120458,20458
7164,558150000,558170458,20458
7165,558200000,558220458,20458
7166,558250000,558270458,20458
7167,558300000,558320458,20458
7168,558350000,558370458,20458
7169,558400000,558420458,20458
7170,558450000,558470458,20458
7171,558500000,558520458,20458
7172,558550000,558570458,20458
7173,558600000,558620458,20458
7174,558650000,558670458,20458
7175,558700000,558720458,20458
7176,558750000,558770458,20458
7177,558800000,558820458,20458
7178,558850000,558870458,20458
7179,558900000,558920458,20458
7180,558950000,558970458,20458
7181,559000000,559020458,20458
7182,559050000,559070458,20458
7183,559100000,559120458,20458
7184,559150000,559170458,20458
7185,559200000,559220458,20458
7186,559250000,559270458,20458
7187,559300000,559320458,20458
7188,559350000,559370458,20458
7189,559400000,559420458,20458
7190,559450000,559470458,20458
7191,559500000,559520458,20458
7192,559550000,559570458,20458
7193,559600000,559620458,20458
7194,559650000,559670458,20458
7195,559700000,559720458,20458
7196,559750000,559770458,20458
7197,559800000,559820458,20458
7198,559850000,559870458,20458
7199,559900000,559920458,20458
7200,559950000,559970458,20458
7201,560000000,560020458,20458
7202,560050000,560070458,20458
7203,560100000,560120458,20458
7204,560150000,560170458,20458
7205,560200000,560220458,20458
7206,560250000,560270458,20458
7207,560300000,560320458,20458
7208,560350000,560370458,20458
7209,560400000,560420458,20458
7210,560450000,560470458,20458
7211,560500000,560520458,20458
7212,560550000,560570458,20458
7213,560600000,560620458,20458
7214,560650000,560670458,20458
7215,560700000,560720458,20458
7216,560750000,560770458,20458
7217,560800000,560820458,20458
7218,560850000,560870458,20458
7219,560900000,560920458,20458
7220,560950000,560970458,20458
7221,561000000,561020458,20458
7222,561050000,561070458,20458
7223,561100000,561120458,20458
7224,561150000,561170458,20458
7225,561200000,561220458,20458
7226,561250000,561270458,20458
7227,561300000,561320458,20458
7228,561350000,561370458,20458
7229,561400000,561420458,20458
7230,561450000,561470458,20458
7231,561500000,561520458,20458
7232,561550000,561570458,20458
7233,561600000,561620458,20458
7234,561650000,561670458,20458
7235,561700000,561720458,20458
7236,561750000,561770458,20458
7237,561800000,561820458,20458
7238,561850000,561870458,20458
7239,561900000,561920458,20458
7240,561950000,561970458,20458
7241,562000000,562020458,20458
7242,562050000,562070458,20458
7243,562100000,562120458,20458
7244,562150000,562170458,20458
7245,562200000,562220458,20458
7246,562250000,562270458,20458
7247,562300000,562320458,20458
7248,562350000,562370458,20458
7249,562400000,562420458,20458
7250,562450000,562470458,20458
7251,562500000,562520458,20458
7252,562550000,562570458,20458
7253,562600000,562620458,20458
7254,562650000,562670458,20458
7255,562700000,562720458,20458
7256,562750000,562770458,20458
7257,562800000,562820458,20458
7258,562850000,562870458,20458
7259,562900000,562920458,20458
7260,562950000,562970458,20458
7261,563000000,563020458,20458
7262,563050000,563070458,20458
7263,563100000,563120458,20458
7264,563150000,563170458,20458
7265,563200000,563220458,20458
7266,563250000,563270458,20458
7267,563300000,563320458,20458
7268,563350000,563370458,20458
7269,563400000,563420458,20458
7270,563450000,563470458,20458
7271,563500000,563520458,20458
7272,563550000,563570458,20458
7273,563600000,563620458,20458
7274,563650000,563670458,20458
7275,563700000,563720458,20458
7276,563750000,563770458,20458
7277,563800000,563820458,20458
7278,563850000,563870458,20458
7279,563900000,563920458,20458
7280,563950000,563970458,20458
7281,564000000,564020458,20458
7282,564050000,564070458,20458
7283,564100000,564120458,20458
7284,564150000,564170458,20458
7285,564200000,564220458,20458
7286,564250000,564270458,20458
7287,564300000,564320458,20458
7288,564350000,564370458,20458
7289,564400000,564420458,20458
7290,564450000,564470458,20458
7291,564500000,564520458,20458
7292,564550000,564570458,20458
7293,564600000,564620458,20458
7294,564650000,564670458,20458
7295,564700000,564720458,20458
7296,564750000,564770458,20458
7297,564800000,564820458,20458
7298,564850000,564870458,20458
7299,564900000,564920458,20458
7300,564950000,564970458,20458
7301,565000000,565020458,20458
7302,565050000,565070458,20458
7303,565100000,565120458,20458
7304,565150000,565170458,20458
7305,565200000,565220458,20458
7306,565250000,565270458,20458
7307,565300000,565320458,20458
7308,565350000,565370458,20458
7309,565400000,565420458,20458
7310,565450000,565470458,20458
7311,565500000,565520458,20458
7312,565550000,565570458,20458
7313,565600000,565620458,20458
7314,565650000,565670458,20458
7315,565700000,565720458,20458
7316,565750000,565770458,20458
7317,565800000,565820458,20458
7318,565850000,565870458,20458
7319,565900000,565920458,20458
7320,565950000,565970458,20458
7321,566000000,566020458,20458
7322,566050000,566070458,20458
7323,566100000,566120458,20458
7324,566150000,566170458,20458
7325,566200000,566220458,20458
7326,566250000,566270458,20458
7327,566300000,566320458,20458
7328,566350000,566370458,20458
7329,566400000,566420458,20458
7330,566450000,566470458,20458
7331,566500000,566520458,20458
7332,566550000,566570458,20458
7333,566600000,566620458,20458
7334,566650000,566670458,20458
7335,566700000,566720458,20458
7336,566750000,566770458,20458
7337,566800000,566820458,20458
7338,566850000,566870458,20458
7339,566900000,566920458,20458
7340,566950000,566970458,20458
7341,567000000,567020458,20458
7342,567050000,567070458,20458
7343,567100000,567120458,20458
7344,567150000,567170458,20458
7345,567200000,567220458,20458
7346,567250000,567270458,20458
7347,567300000,567320458,20458
7348,567350000,567370458,20458
7349,567400000,567420458,20458
7350,567450000,567470458,20458
7351,567500000,567520458,20458
7352,567550000,567570458,20458
7353,567600000,567620458,20458
7354,567650000,567670458,20458
7355,567700000,567720458,20458
7356,567750000,567770458,20458
7357,567800000,567820458,20458
7358,567850000,567870458,20458
7359,567900000,567920458,20458
7360,567950000,567970458,20458
7361,568000000,568020458,20458
7362,568050000,568070458,20458
7363,568100000,568120458,20458
7364,568150000,568170458,20458
7365,568200000,568220458,20458
7366,568250000,568270458,20458
7367,568300000,568320458,20458
7368,568350000,568370458,20458
7369,568400000,568420458,20458
7370,568450000,568470458,20458
7371,568500000,568520458,20458
7372,568550000,568570458,20458
7373,568600000,568620458,20458
7374,568650000,568670458,20458
7375,568700000,568720458,20458
7376,568750000,568770458,20458
7377,568800000,568820458,20458
7378,568850000,568870458,20458
7379,568900000,568920458,20458
7380,568950000,568970458,20458
7381,569000000,569020458,20458
7382,569050000,569070458,20458
7383,569100000,569120458,20458
7384,569150000,569170458,20458
7385,569200000,569220458,20458
7386,569250000,569270458,20458
7387,569300000,569320458,20458
7388,569350000,569370458,20458
7389,569400000,569420458,20458
7390,569450000,569470458,20458
7391,569500000,569520458,20458
7392,569550000,569570458,20458
7393,569600000,569620458,20458
7394,569650000,569670458,20458
7395,569700000,569720458,20458
7396,569750000,569770458,20458
7397,569800000,569820458,20458
7398,569850000,569870458,20458
7399,569900000,569920458,20458
7400,569950000,569970458,20458
7401,570000000,570020458,20458
7402,570050000,570070458,20458
7403,570100000,570120458,20458
7404,570150000,570170458,20458
7405,570200000,570220458,20458
7406,570250000,570270458,20458
7407,570300000,570320458,20458
7408,570350000,570370458,20458
7409,570400000,570420458,20458
7410,570450000,570470458,20458
7411,570500000,570520458,20458
7412,570550000,570570458,20458
7413,570600000,570620458,20458
7414,570650000,570670458,20458
7415,570700000,570720458,20458
7416,570750000,570770458,20458
7417,570800000,570820458,20458
7418,570850000,570870458,20458
7419,570900000,570920458,20458
7420,570950000,570970458,20458
7421,571000000,571020458,20458
7422,571050000,571070458,20458
7423,571100000,571120458,20458
7424,571150000,571170458,20458
7425,571200000,571220458,20458
7426,571250000,571270458,20458
7427,571300000,571320458,20458
7428,571350000,571370458,20458
7429,571400000,571420458,20458
7430,571450000,571470458,20458
7431,571500000,571520458,20458
7432,571550000,571570458,20458
7433,571600000,571620458,20458
7434,571650000,571670458,20458
7435,571700000,571720458,20458
7436,571750000,571770458,20458
7437,571800000,571820458,20458
7438,571850000,571870458,20458
7439,571900000,571920458,20458
7440,571950000,571970458,20458
7441,572000000,572020458,20458
7442,572050000,572070458,20458
7443,572100000,572120458,20458
7444,572150000,572170458,20458
7445,572200000,572220458,20458
7446,572250000,572270458,20458
7447,572300000,572320458,20458
7448,572350000,572370458,20458
7449,572400000,572420458,20458
7450,572450000,572470458,20458
7451,572500000,572520458,20458
7452,572550000,572570458,20458
7453,572600000,572620458,20458
7454,572650000,572670458,20458
7455,572700000,572720458,20458
7456,572750000,572770458,20458
7457,572800000,572820458,20458
7458,572850000,572870458,20458
7459,572900000,572920458,20458
7460,572950000,572970458,20458
7461,573000000,573020458,20458
7462,573050000,573070458,20458
7463,573100000,573120458,20458
7464,573150000,573170458,20458
7465,573200000,573220458,20458
7466,573250000,573270458,20458
7467,573300000,573320458,20458
7468,573350000,573370458,20458
7469,573400000,573420458,20458
7470,573450000,573470458,20458
7471,573500000,573520458,20458
7472,573550000,573570458,20458
7473,573600000,573620458,20458
7474,573650000,573670458,20458
7475,573700000,573720458,20458
7476,573750000,573770458,20458
7477,573800000,573820458,20458
7478,573850000,573870458,20458
7479,573900000,573920458,20458
7480,573950000,573970458,20458
7481,574000000,574020458,20458
7482,574050000,574070458,20458
7483,574100000,574120458,20458
7484,574150000,574170458,20458
7485,574200000,574220458,20458
7486,574250000,574270458,20458
7487,574300000,574320458,20458
7488,574350000,574370458,20458
7489,574400000,574420458,20458
7490,574450000,574470458,20458
7491,574500000,574520458,20458
7492,574550000,574570458,20458
7493,574600000,574620458,20458
7494,574650000,574670458,20458
7495,574700000,574720458,20458
7496,574750000,574770458,20458
7497,574800000,574820458,20458
7498,574850000,574870458,20458
7499,574900000,574920458,20458
7500,574950000,574970458,20458
7501,575000000,575020458,20458
7502,575050000,575070458,20458
7503,575100000,575120458,20458
7504,575150000,575170458,20458
7505,575200000,575220458,20458
7506,575250000,575270458,20458
7507,575300000,575320458,20458
7508,575350000,575370458,20458
7509,575400000,575420458,20458
7510,575450000,575470458,20458
7511,575500000,575520458,20458
7512,575550000,575570458,20458
7513,575600000,575620458,20458
7514,575650000,575670458,20458
7515,575700000,575720458,20458
7516,575750000,575770458,20458
7517,575800000,575820458,20458
7518,575850000,575870458,20458
7519,575900000,575920458,20458
7520,575950000,575970458,20458
7521,576000000,576020458,20458
7522,576050000,576070458,20458
7523,576100000,576120458,20458
7524,576150000,576170458,20458
7525,576200000,576220458,20458
7526,576250000,576270458,20458
7527,576300000,576320458,20458
7528,576350000,576370458,20458
7529,576400000,576420458,20458
7530,576450000,576470458,20458
7531,576500000,576520458,20458
7532,576550000,576570458,20458
7533,576600000,576620458,20458
7534,576650000,576670458,20458
7535,576700000,576720458,20458
7536,576750000,576770458,20458
7537,576800000,576820458,20458
7538,576850000,576870458,20458
7539,576900000,576920458,20458
7540,576950000,576970458,20458
7541,577000000,577020458,20458
7542,577050000,577070458,20458
7543,577100000,577120458,20458
7544,577150000,577170458,20458
7545,577200000,577220458,20458
7546,577250000,577270458,20458
7547,577300000,577320458,20458
7548,577350000,577370458,20458
7549,577400000,577420458,20458
7550,577450000,577470458,20458
7551,577500000,577520458,20458
7552,577550000,577570458,20458
7553,577600000,577620458,20458
7554,577650000,577670458,20458
7555,577700000,577720458,20458
7556,577750000,577770458,20458
7557,577800000,577820458,20458
7558,577850000,577870458,20458
7559,577900000,577920458,20458
7560,577950000,577970458,20458
7561,578000000,578020458,20458
7562,578050000,578070458,20458
7563,578100000,578120458,20458
7564,578150000,578170458,20458
7565,578200000,578220458,20458
7566,578250000,578270458,20458
7567,578300000,578320458,20458
7568,578350000,578370458,20458
7569,578400000,578420458,20458
7570,578450000,578470458,20458
7571,578500000,578520458,20458
7572,578550000,578570458,20458
7573,578600000,578620458,20458
7574,578650000,578670458,20458
7575,578700000,578720458,20458
7576,578750000,578770458,20458
7577,578800000,578820458,20458
7578,578850000,578870458,20458
7579,578900000,578920458,20458
7580,578950000,578970458,20458
7581,579000000,579020458,20458
7582,579050000,579070458,20458
7583,579100000,579120458,20458
7584,579150000,579170458,20458
7585,579200000,579220458,20458
7586,579250000,579270458,20458
7587,579300000,579320458,20458
7588,579350000,579370458,20458
7589,579400000,579420458,20458
7590,579450000,579470458,20458
7591,579500000,579520458,20458
7592,579550000,579570458,20458
7593,579600000,579620458,20458
7594,579650000,579670458,20458
7595,579700000,579720458,20458
7596,579750000,579770458,20458
7597,579800000,579820458,20458
7598,579850000,579870458,20458
7599,579900000,579920458,20458
7600,579950000,579970458,20458
7601,580000000,580020458,20458
7602,580050000,580070458,20458
7603,580100000,580120458,20458
7604,580150000,580170458,20458
7605,580200000,580220458,20458
7606,580250000,580270458,20458
7607,580300000,580320458,20458
7608,580350000,580370458,20458
7609,580400000,580420458,20458
7610,580450000,580470458,20458
7611,580500000,580520458,20458
7612,580550000,580570458,20458
7613,580600000,580620458,20458
7614,580650000,580670458,20458
7615,580700000,580720458,20458
7616,580750000,580770458,20458
7617,580800000,580820458,20458
7618,580850000,580870458,20458
7619,580900000,580920458,20458
7620,580950000,580970458,20458
7621,581000000,581020458,20458
7622,581050000,581070458,20458
7623,581100000,581120458,20458
7624,581150000,581170458,20458
7625,581200000,581220458,20458
7626,581250000,581270458,20458
7627,581300000,581320458,20458
7628,581350000,581370458,20458
7629,581400000,581420458,20458
7630,581450000,581470458,20458
7631,581500000,581520458,20458
7632,581550000,581570458,20458
7633,581600000,581620458,20458
7634,581650000,581670458,20458
7635,581700000,581720458,20458
7636,581750000,581770458,20458
7637,581800000,581820458,20458
7638,581850000,581870458,20458
7639,581900000,581920458,20458
7640,581950000,581970458,20458
7641,582000000,582020458,20458
7642,582050000,582070458,20458
7643,582100000,582120458,20458
7644,582150000,582170458,20458
7645,582200000,582220458,20458
7646,582250000,582270458,20458
7647,582300000,582320458,20458
7648,582350000,582370458,20458
7649,582400000,582420458,20458
7650,582450000,582470458,20458
7651,582500000,582520458,20458
7652,582550000,582570458,20458
7653,582600000,582620458,20458
7654,582650000,582670458,20458
7655,582700000,582720458,20458
7656,582750000,582770458,20458
7657,582800000,582820458,20458
7658,582850000,582870458,20458
7659,582900000,582920458,20458
7660,582950000,582970458,20458
7661,583000000,583020458,20458
7662,583050000,583070458,20458
7663,583100000,583120458,20458
7664,583150000,583170458,20458
7665,583200000,583220458,20458
7666,583250000,583270458,20458
7667,583300000,583320458,20458
7668,583350000,583370458,20458
7669,583400000,583420458,20458
7670,583450000,583470458,20458
7671,583500000,583520458,20458
7672,583550000,583570458,20458
7673,583600000,583620458,20458
7674,583650000,583670458,20458
7675,583700000,583720458,20458
7676,583750000,583770458,20458
7677,583800000,583820458,20458
7678,583850000,583870458,20458
7679,583900000,583920458,20458
7680,583950000,583970458,20458
7681,584000000,584020458,20458
7682,584050000,584070458,20458
7683,584100000,584120458,20458
7684,584150000,584170458,20458
7685,584200000,584220458,20458
7686,584250000,584270458,20458
7687,584300000,584320458,20458
7688,584350000,584370458,20458
7689,584400000,584420458,20458
7690,584450000,584470458,20458
7691,584500000,584520458,20458
7692,584550000,584570458,20458
7693,584600000,584620458,20458
7694,584650000,584670458,20458
7695,584700000,584720458,20458
7696,584750000,584770458,20458
7697,584800000,584820458,20458
7698,584850000,584870458,20458
7699,584900000,584920458,20458
7700,584950000,584970458,20458
7701,585000000,585020458,20458
7702,585050000,585070458,20458
7703,585100000,585120458,20458
7704,585150000,585170458,20458
7705,585200000,585220458,20458
7706,585250000,585270458,20458
7707,585300000,585320458,20458
7708,585350000,585370458,20458
7709,585400000,585420458,20458
7710,585450000,585470458,20458
7711,585500000,585520458,20458
7712,585550000,585570458,20458
7713,585600000,585620458,20458
7714,585650000,585670458,20458
7715,585700000,585720458,20458
7716,585750000,585770458,20458
7717,585800000,585820458,20458
7718,585850000,585870458,20458
7719,585900000,585920458,20458
7720,585950000,585970458,20458
7721,586000000,586020458,20458
7722,586050000,586070458,20458
7723,586100000,586120458,20458
7724,586150000,586170458,20458
7725,586200000,586220458,20458
7726,586250000,586270458,20458
7727,586300000,586320458,20458
7728,586350000,586370458,20458
7729,586400000,586420458,20458
7730,586450000,586470458,20458
7731,586500000,586520458,20458
7732,586550000,586570458,20458
7733,586600000,586620458,20458
7734,586650000,586670458,20458
7735,586700000,586720458,20458
7736,586750000,586770458,20458
7737,586800000,586820458,20458
7738,586850000,586870458,20458
7739,586900000,586920458,20458
7740,586950000,586970458,20458
7741,587000000,587020458,20458
7742,587050000,587070458,20458
7743,587100000,587120458,20458
7744,587150000,587170458,20458
7745,587200000,587220458,20458
7746,587250000,587270458,20458
7747,587300000,587320458,20458
7748,587350000,587370458,20458
7749,587400000,587420458,20458
7750,587450000,587470458,20458
7751,587500000,587520458,20458
7752,587550000,587570458,20458
7753,587600000,587620458,20458
7754,587650000,587670458,20458
7755,587700000,587720458,20458
7756,587750000,587770458,20458
7757,587800000,587820458,20458
7758,587850000,587870458,20458
7759,587900000,587920458,20458
7760,587950000,587970458,20458
7761,588000000,588020458,20458
7762,588050000,588070458,20458
7763,588100000,588120458,20458
7764,588150000,588170458,20458
7765,588200000,588220458,20458
7766,588250000,588270458,20458
7767,588300000,588320458,20458
7768,588350000,588370458,20458
7769,588400000,588420458,20458
7770,588450000,588470458,20458
7771,588500000,588520458,20458
7772,588550000,588570458,20458
7773,588600000,588620458,20458
7774,588650000,588670458,20458
7775,588700000,588720458,20458
7776,588750000,588770458,20458
7777,588800000,588820458,20458
7778,588850000,588870458,20458
7779,588900000,588920458,20458
7780,588950000,588970458,20458
7781,589000000,589020458,20458
7782,589050000,589070458,20458
7783,589100000,589120458,20458
7784,589150000,589170458,20458
7785,589200000,589220458,20458
7786,589250000,589270458,20458
7787,589300000,589320458,20458
7788,589350000,589370458,20458
7789,589400000,589420458,20458
7790,589450000,589470458,20458
7791,589500000,589520458,20458
7792,589550000,589570458,20458
7793,589600000,589620458,20458
7794,589650000,589670458,20458
7795,589700000,589720458,20458
7796,589750000,589770458,20458
7797,589800000,589820458,20458
7798,589850000,589870458,20458
7799,589900000,589920458,20458
7800,589950000,589970458,20458
7801,590000000,590020458,20458
7802,590050000,590070458,20458
7803,590100000,590120458,20458
7804,590150000,590170458,20458
7805,590200000,590220458,20458
7806,590250000,590270458,20458
7807,590300000,590320458,20458
7808,590350000,590370458,20458
7809,590400000,590420458,20458
7810,590450000,590470458,20458
7811,590500000,590520458,20458
7812,590550000,590570458,20458
7813,590600000,590620458,20458
7814,590650000,590670458,20458
7815,590700000,590720458,20458
7816,590750000,590770458,20458
7817,590800000,590820458,20458
7818,590850000,590870458,20458
7819,590900000,590920458,20458
7820,590950000,590970458,20458
7821,591000000,591020458,20458
7822,591050000,591070458,20458
7823,591100000,591120458,20458
7824,591150000,591170458,20458
7825,591200000,591220458,20458
7826,591250000,591270458,20458
7827,591300000,591320458,20458
7828,591350000,591370458,20458
7829,591400000,591420458,20458
7830,591450000,591470458,20458
7831,591500000,591520458,20458
7832,591550000,591570458,20458
7833,591600000,591620458,20458
7834,591650000,591670458,20458
7835,591700000,591720458,20458
7836,591750000,591770458,20458
7837,591800000,591820458,20458
7838,591850000,591870458,20458
7839,591900000,591920458,20458
7840,591950000,591970458,20458
7841,592000000,592020458,20458
7842,592050000,592070458,20458
7843,592100000,592120458,20458
7844,592150000,592170458,20458
7845,592200000,592220458,20458
7846,592250000,592270458,20458
7847,592300000,592320458,20458
7848,592350000,592370458,20458
7849,592400000,592420458,20458
7850,592450000,592470458,20458
7851,592500000,592520458,20458
7852,592550000,592570458,20458
7853,592600000,592620458,20458
7854,592650000,592670458,20458
7855,592700000,592720458,20458
7856,592750000,592770458,20458
7857,592800000,592820458,20458
7858,592850000,592870458,20458
7859,592900000,592920458,20458
7860,592950000,592970458,20458
7861,593000000,593020458,20458
7862,593050000,593070458,20458
7863,593100000,593120458,20458
7864,593150000,593170458,20458
7865,593200000,593220458,20458
7866,593250000,593270458,20458
7867,593300000,593320458,20458
7868,593350000,593370458,20458
7869,593400000,593420458,20458
7870,593450000,593470458,20458
7871,593500000,593520458,20458
7872,593550000,593570458,20458
7873,593600000,593620458,20458
7874,593650000,593670458,20458
7875,593700000,593720458,20458
7876,593750000,593770458,20458
7877,593800000,593820458,20458
7878,593850000,593870458,20458
7879,593900000,593920458,20458
7880,593950000,593970458,20458
7881,594000000,594020458,20458
7882,594050000,594070458,20458
7883,594100000,594120458,20458
7884,594150000,594170458,20458
7885,594200000,594220458,20458
7886,594250000,594270458,20458
7887,594300000,594320458,20458
7888,594350000,594370458,20458
7889,594400000,594420458,20458
7890,594450000,594470458,20458
7891,594500000,594520458,20458
7892,594550000,594570458,20458
7893,594600000,594620458,20458
7894,594650000,594670458,20458
7895,594700000,594720458,20458
7896,594750000,594770458,20458
7897,594800000,594820458,20458
7898,594850000,594870458,20458
7899,594900000,594920458,20458
7900,594950000,594970458,20458
7901,595000000,595020458,20458
7902,595050000,595070458,20458
7903,595100000,595120458,20458
7904,595150000,595170458,20458
7905,595200000,595220458,20458
7906,595250000,595270458,20458
7907,595300000,595320458,20458
7908,595350000,595370458,20458
7909,595400000,595420458,20458
7910,595450000,595470458,20458
7911,595500000,595520458,20458
7912,595550000,595570458,20458
7913,595600000,595620458,20458
7914,595650000,595670458,20458
7915,595700000,595720458,20458
7916,595750000,595770458,20458
7917,595800000,595820458,20458
7918,595850000,595870458,20458
7919,595900000,595920458,20458
7920,595950000,595970458,20458
7921,596000000,596020458,20458
7922,596050000,596070458,20458
7923,596100000,596120458,20458
7924,596150000,596170458,20458
7925,596200000,596220458,20458
7926,596250000,596270458,20458
7927,596300000,596320458,20458
7928,596350000,596370458,20458
7929,596400000,596420458,20458
7930,596450000,596470458,20458
7931,596500000,596520458,20458
7932,596550000,596570458,20458
7933,596600000,596620458,20458
7934,596650000,596670458,20458
7935,596700000,596720458,20458
7936,596750000,596770458,20458
7937,596800000,596820458,20458
7938,596850000,596870458,20458
7939,596900000,596920458,20458
7940,596950000,596970458,20458
7941,597000000,597020458,20458
7942,597050000,597070458,20458
7943,597100000,597120458,20458
7944,597150000,597170458,20458
7945,597200000,597220458,20458
7946,597250000,597270458,20458
7947,597300000,597320458,20458
7948,597350000,597370458,20458
7949,597400000,597420458,20458
7950,597450000,597470458,20458
7951,597500000,597520458,20458
7952,597550000,597570458,20458
7953,597600000,597620458,20458
7954,597650000,597670458,20458
7955,597700000,597720458,20458
7956,597750000,597770458,20458
7957,597800000,597820458,20458
7958,597850000,597870458,20458
7959,597900000,597920458,20458
7960,597950000,597970458,20458
7961,598000000,598020458,20458
7962,598050000,598070458,20458
7963,598100000,598120458,20458
7964,598150000,598170458,20458
7965,598200000,598220458,20458
7966,598250000,598270458,20458
7967,598300000,598320458,20458
7968,598350000,598370458,20458
7969,598400000,598420458,20458
7970,598450000,598470458,20458
7971,598500000,598520458,20458
7972,598550000,598570458,20458
7973,598600000,598620458,20458
7974,598650000,598670458,20458
7975,598700000,598720458,20458
7976,598750000,598770458,20458
7977,598800000,598820458,20458
7978,598850000,598870458,20458
7979,598900000,598920458,20458
7980,598950000,598970458,20458
7981,599000000,599020458,20458
7982,599050000,599070458,20458
7983,599100000,599120458,20458
7984,599150000,599170458,20458
7985,599200000,599220458,20458
7986,599250000,599270458,20458
7987,599300000,599320458,20458
7988,599350000,599370458,20458
7989,599400000,599420458,20458
7990,599450000,599470458,20458
7991,599500000,599520458,20458
7992,599550000,599570458,20458
7993,599600000,599620458,20458
7994,599650000,599670458,20458
7995,599700000,599720458,20458
7996,599750000,599770458,20458
7997,599800000,599820458,20458
7998,599850000,599870458,20458
7999,599900000,599920458,20458
8000,599950000,599970458,20458
8001,600000000,600020458,20458
8002,600050000,600070458,20458
8003,600100000,600120458,20458
8004,600150000,600170458,20458
8005,600200000,600220458,20458
8006,600250000,600270458,20458
8007,600300000,600320458,20458
8008,600350000,600370458,20458
8009,600400000,600420458,20458
8010,600450000,600470458,20458
8011,600500000,600520458,20458
8012,600550000,600570458,20458
8013,600600000,600620458,20458
8014,600650000,600670458,20458
8015,600700000,600720458,20458
8016,600750000,600770458,20458
8017,600800000,600820458,20458
8018,600850000,600870458,20458
8019,600900000,600920458,20458
8020,600950000,600970458,20458
8021,601000000,601020458,20458
8022,601050000,601070458,20458
8023,601100000,601120458,20458
8024,601150000,601170458,20458
8025,601200000,601220458,20458
8026,601250000,601270458,20458
8027,601300000,601320458,20458
8028,601350000,601370458,20458
8029,601400000,601420458,20458
8030,601450000,601470458,20458
8031,601500000,601520458,20458
8032,601550000,601570458,20458
8033,601600000,601620458,20458
8034,601650000,601670458,20458
8035,601700000,601720458,20458
8036,601750000,601770458,20458
8037,601800000,601820458,20458
8038,601850000,601870458,20458
8039,601900000,601920458,20458
8040,601950000,601970458,20458
8041,602000000,602020458,20458
8042,602050000,602070458,20458
8043,602100000,602120458,20458
8044,602150000,602170458,20458
8045,602200000,602220458,20458
8046,602250000,602270458,20458
8047,602300000,602320458,20458
8048,602350000,602370458,20458
8049,602400000,602420458,20458
8050,602450000,602470458,20458
8051,602500000,602520458,20458
8052,602550000,602570458,20458
8053,602600000,602620458,20458
8054,602650000,602670458,20458
8055,602700000,602720458,20458
8056,602750000,602770458,20458
8057,602800000,602820458,20458
8058,602850000,602870458,20458
8059,602900000,602920458,20458
8060,602950000,602970458,20458
8061,603000000,603020458,20458
8062,603050000,603070458,20458
8063,603100000,603120458,20458
8064,603150000,603170458,20458
8065,603200000,603220458,20458
8066,603250000,603270458,20458
8067,603300000,603320458,20458
8068,603350000,603370458,20458
8069,603400000,603420458,20458
8070,603450000,603470458,20458
8071,603500000,603520458,20458
8072,603550000,603570458,20458
8073,603600000,603620458,20458
8074,603650000,603670458,20458
8075,603700000,603720458,20458
8076,603750000,603770458,20458
8077,603800000,603820458,20458
8078,603850000,603870458,20458
8079,603900000,603920458,20458
8080,603950000,603970458,20458
8081,604000000,604020458,20458
8082,604050000,604070458,20458
8083,604100000,604120458,20458
8084,604150000,604170458,20458
8085,604200000,604220458,20458
8086,604250000,604270458,20458
8087,604300000,604320458,20458
8088,604350000,604370458,20458
8089,604400000,604420458,20458
8090,604450000,604470458,20458
8091,604500000,604520458,20458
8092,604550000,604570458,20458
8093,604600000,604620458,20458
8094,604650000,604670458,20458
8095,604700000,604720458,20458
8096,604750000,604770458,20458
8097,604800000,604820458,20458
8098,604850000,604870458,20458
8099,604900000,604920458,20458
8100,604950000,604970458,20458
8101,605000000,605020458,20458
8102,605050000,605070458,20458
8103,605100000,605120458,20458
8104,605150000,605170458,20458
8105,605200000,605220458,20458
8106,605250000,605270458,20458
8107,605300000,605320458,20458
8108,605350000,605370458,20458
8109,605400000,605420458,20458
8110,605450000,605470458,20458
8111,605500000,605520458,20458
8112,605550000,605570458,20458
8113,605600000,605620458,20458
8114,605650000,605670458,20458
8115,605700000,605720458,20458
8116,605750000,605770458,20458
8117,605800000,605820458,20458
8118,605850000,605870458,20458
8119,605900000,605920458,20458
8120,605950000,605970458,20458
8121,606000000,606020458,20458
8122,606050000,606070458,20458
8123,606100000,606120458,20458
8124,606150000,606170458,20458
8125,606200000,606220458,20458
8126,606250000,606270458,20458
8127,606300000,606320458,20458
8128,606350000,606370458,20458
8129,606400000,606420458,20458
8130,606450000,606470458,20458
8131,606500000,606520458,20458
8132,606550000,606570458,20458
8133,606600000,606620458,20458
8134,606650000,606670458,20458
8135,606700000,606720458,20458
8136,606750000,606770458,20458
8137,606800000,606820458,20458
8138,606850000,606870458,20458
8139,606900000,606920458,20458
8140,606950000,606970458,20458
8141,607000000,607020458,20458
8142,607050000,607070458,20458
8143,607100000,607120458,20458
8144,607150000,607170458,20458
8145,607200000,607220458,20458
8146,607250000,607270458,20458
8147,607300000,607320458,20458
8148,607350000,607370458,20458
8149,607400000,607420458,20458
8150,607450000,607470458,20458
8151,607500000,607520458,20458
8152,607550000,607570458,20458
8153,607600000,607620458,20458
8154,607650000,607670458,20458
8155,607700000,607720458,20458
8156,607750000,607770458,20458
8157,607800000,607820458,20458
8158,607850000,607870458,20458
8159,607900000,607920458,20458
8160,607950000,607970458,20458
8161,608000000,608020458,20458
8162,608050000,608070458,20458
8163,608100000,608120458,20458
8164,608150000,608170458,20458
8165,608200000,608220458,20458
8166,608250000,608270458,20458
8167,608300000,608320458,20458
8168,608350000,608370458,20458
8169,608400000,608420458,20458
8170,608450000,608470458,20458
8171,608500000,608520458,20458
8172,608550000,608570458,20458
8173,608600000,608620458,20458
8174,608650000,608670458,20458
8175,608700000,608720458,20458
8176,608750000,608770458,20458
8177,608800000,608820458,20458
8178,608850000,608870458,20458
8179,608900000,608920458,20458
8180,608950000,608970458,20458
8181,609000000,609020458,20458
8182,609050000,609070458,20458
8183,609100000,609120458,20458
8184,609150000,609170458,20458
8185,609200000,609220458,20458
8186,609250000,609270458,20458
8187,609300000,609320458,20458
8188,609350000,609370458,20458
8189,609400000,609420458,20458
8190,609450000,609470458,20458
8191,609500000,609520458,20458
8192,609550000,609570458,20458
8193,609600000,609620458,20458
8194,609650000,609670458,20458
8195,609700000,609720458,20458
8196,609750000,609770458,20458
8197,609800000,609820458,20458
8198,609850000,609870458,20458
8199,609900000,609920458,20458
8200,609950000,609970458,20458
8201,610000000,610020458,20458
8202,610050000,610070458,20458
8203,610100000,610120458,20458
8204,610150000,610170458,20458
8205,610200000,610220458,20458
8206,610250000,610270458,20458
8207,610300000,610320458,20458
8208,610350000,610370458,20458
8209,610400000,610420458,20458
8210,610450000,610470458,20458
8211,610500000,610520458,20458
8212,610550000,610570458,20458
8213,610600000,610620458,20458
8214,610650000,610670458,20458
8215,610700000,610720458,20458
8216,610750000,610770458,20458
8217,610800000,610820458,20458
8218,610850000,610870458,20458
8219,610900000,610920458,20458
8220,610950000,610970458,20458
8221,611000000,611020458,20458
8222,611050000,611070458,20458
8223,611100000,611120458,20458
8224,611150000,611170458,20458
8225,611200000,611220458,20458
8226,611250000,611270458,20458
8227,611300000,611320458,20458
8228,611350000,611370458,20458
8229,611400000,611420458,20458
8230,611450000,611470458,20458
8231,611500000,611520458,20458
8232,611550000,611570458,20458
8233,611600000,611620458,20458
8234,611650000,611670458,20458
8235,611700000,611720458,20458
8236,611750000,611770458,20458
8237,611800000,611820458,20458
8238,611850000,611870458,20458
8239,611900000,611920458,20458
8240,611950000,611970458,20458
8241,612000000,612020458,20458
8242,612050000,612070458,20458
8243,612100000,612120458,20458
8244,612150000,612170458,20458
8245,612200000,612220458,20458
8246,612250000,612270458,20458
8247,612300000,612320458,20458
8248,612350000,612370458,20458
8249,612400000,612420458,20458
8250,612450000,612470458,20458
8251,612500000,612520458,20458
8252,612550000,612570458,20458
8253,612600000,612620458,20458
8254,612650000,612670458,20458
8255,612700000,612720458,20458
8256,612750000,612770458,20458
8257,612800000,612820458,20458
8258,612850000,612870458,20458
8259,612900000,612920458,20458
8260,612950000,612970458,20458
8261,613000000,613020458,20458
8262,613050000,613070458,20458
8263,613100000,613120458,20458
8264,613150000,613170458,20458
8265,613200000,613220458,20458
8266,613250000,613270458,20458
8267,613300000,613320458,20458
8268,613350000,613370458,20458
8269,613400000,613420458,20458
8270,613450000,613470458,20458
8271,613500000,613520458,20458
8272,613550000,613570458,20458
8273,613600000,613620458,20458
8274,613650000,613670458,20458
8275,613700000,613720458,20458
8276,613750000,613770458,20458
8277,613800000,613820458,20458
8278,613850000,613870458,20458
8279,613900000,613920458,20458
8280,613950000,613970458,20458
8281,614000000,614020458,20458
8282,614050000,614070458,20458
8283,614100000,614120458,20458
8284,614150000,614170458,20458
8285,614200000,614220458,20458
8286,614250000,614270458,20458
8287,614300000,614320458,20458
8288,614350000,614370458,20458
8289,614400000,614420458,20458
8290,614450000,614470458,20458
8291,614500000,614520458,20458
8292,614550000,614570458,20458
8293,614600000,614620458,20458
8294,614650000,614670458,20458
8295,614700000,614720458,20458
8296,614750000,614770458,20458
8297,614800000,614820458,20458
8298,614850000,614870458,20458
8299,614900000,614920458,20458
8300,614950000,614970458,20458
8301,615000000,615020458,20458
8302,615050000,615070458,20458
8303,615100000,615120458,20458
8304,615150000,615170458,20458
8305,615200000,615220458,20458
8306,615250000,615270458,20458
8307,615300000,615320458,20458
8308,615350000,615370458,20458
8309,615400000,615420458,20458
8310,615450000,615470458,20458
8311,615500000,615520458,20458
8312,615550000,615570458,20458
8313,615600000,615620458,20458
8314,615650000,615670458,20458
8315,615700000,615720458,20458
8316,615750000,615770458,20458
8317,615800000,615820458,20458
8318,615850000,615870458,20458
8319,615900000,615920458,20458
8320,615950000,615970458,20458
8321,616000000,616020458,20458
8322,616050000,616070458,20458
8323,616100000,616120458,20458
8324,616150000,616170458,20458
8325,616200000,616220458,20458
8326,616250000,616270458,20458
8327,616300000,616320458,20458
8328,616350000,616370458,20458
8329,616400000,616420458,20458
8330,616450000,616470458,20458
8331,616500000,616520458,20458
8332,616550000,616570458,20458
8333,616600000,616620458,20458
8334,616650000,616670458,20458
8335,616700000,616720458,20458
8336,616750000,616770458,20458
8337,616800000,616820458,20458
8338,616850000,616870458,20458
8339,616900000,616920458,20458
8340,616950000,616970458,20458
8341,617000000,617020458,20458
8342,617050000,617070458,20458
8343,617100000,617120458,20458
8344,617150000,617170458,20458
8345,617200000,617220458,20458
8346,617250000,617270458,20458
8347,617300000,617320458,20458
8348,617350000,617370458,20458
8349,617400000,617420458,20458
8350,617450000,617470458,20458
8351,617500000,617520458,20458
8352,617550000,617570458,20458
8353,617600000,617620458,20458
8354,617650000,617670458,20458
8355,617700000,617720458,20458
8356,617750000,617770458,20458
8357,617800000,617820458,20458
8358,617850000,617870458,20458
8359,617900000,617920458,20458
8360,617950000,617970458,20458
8361,618000000,618020458,20458
8362,618050000,618070458,20458
8363,618100000,618120458,20458
8364,618150000,618170458,20458
8365,618200000,618220458,20458
8366,618250000,618270458,20458
8367,618300000,618320458,20458
8368,618350000,618370458,20458
8369,618400000,618420458,20458
8370,618450000,618470458,20458
8371,618500000,618520458,20458
8372,618550000,618570458,20458
8373,618600000,618620458,20458
8374,618650000,618670458,20458
8375,618700000,618720458,20458
8376,618750000,618770458,20458
8377,618800000,618820458,20458
8378,618850000,618870458,20458
8379,618900000,618920458,20458
8380,618950000,618970458,20458
8381,619000000,619020458,20458
8382,619050000,619070458,20458
8383,619100000,619120458,20458
8384,619150000,619170458,20458
8385,619200000,619220458,20458
8386,619250000,619270458,20458
8387,619300000,619320458,20458
8388,619350000,619370458,20458
8389,619400000,619420458,20458
8390,619450000,619470458,20458
8391,619500000,619520458,20458
8392,619550000,619570458,20458
8393,619600000,619620458,20458
8394,619650000,619670458,20458
8395,619700000,619720458,20458
8396,619750000,619770458,20458
8397,619800000,619820458,20458
8398,619850000,619870458,20458
8399,619900000,619920458,20458
8400,619950000,619970458,20458
8401,620000000,620020458,20458
8402,620050000,620070458,20458
8403,620100000,620120458,20458
8404,620150000,620170458,20458
8405,620200000,620220458,20458
8406,620250000,620270458,20458
8407,620300000,620320458,20458
8408,620350000,620370458,20458
8409,620400000,620420458,20458
8410,620450000,620470458,20458
8411,620500000,620520458,20458
8412,620550000,620570458,20458
8413,620600000,620620458,20458
8414,620650000,620670458,20458
8415,620700000,620720458,20458
8416,620750000,620770458,20458
8417,620800000,620820458,20458
8418,620850000,620870458,20458
8419,620900000,620920458,20458
8420,620950000,620970458,20458
8421,621000000,621020458,20458
8422,621050000,621070458,20458
8423,621100000,621120458,20458
8424,621150000,621170458,20458
8425,621200000,621220458,20458
8426,621250000,621270458,20458
8427,621300000,621320458,20458
8428,621350000,621370458,20458
8429,621400000,621420458,20458
8430,621450000,621470458,20458
8431,621500000,621520458,20458
8432,621550000,621570458,20458
8433,621600000,621620458,20458
8434,621650000,621670458,20458
8435,621700000,621720458,20458
8436,621750000,621770458,20458
8437,621800000,621820458,20458
8438,621850000,621870458,20458
8439,621900000,621920458,20458
8440,621950000,621970458,20458
8441,622000000,622020458,20458
8442,622050000,622070458,20458
8443,622100000,622120458,20458
8444,622150000,622170458,20458
8445,622200000,622220458,20458
8446,622250000,622270458,20458
8447,622300000,622320458,20458
8448,622350000,622370458,20458
8449,622400000,622420458,20458
8450,622450000,622470458,20458
8451,622500000,622520458,20458
8452,622550000,622570458,20458
8453,622600000,622620458,20458
8454,622650000,622670458,20458
8455,622700000,622720458,20458
8456,622750000,622770458,20458
8457,622800000,622820458,20458
8458,622850000,622870458,20458
8459,622900000,622920458,20458
8460,622950000,622970458,20458
8461,623000000,623020458,20458
8462,623050000,623070458,20458
8463,623100000,623120458,20458
8464,623150000,623170458,20458
8465,623200000,623220458,20458
8466,623250000,623270458,20458
8467,623300000,623320458,20458
8468,623350000,623370458,20458
8469,623400000,623420458,20458
8470,623450000,623470458,20458
8471,623500000,623520458,20458
8472,623550000,623570458,20458
8473,623600000,623620458,20458
8474,623650000,623670458,20458
8475,623700000,623720458,20458
8476,623750000,623770458,20458
8477,623800000,623820458,20458
8478,623850000,623870458,20458
8479,623900000,623920458,20458
8480,623950000,623970458,20458
8481,624000000,624020458,20458
8482,624050000,624070458,20458
8483,624100000,624120458,20458
8484,624150000,624170458,20458
8485,624200000,624220458,20458
8486,624250000,624270458,20458
8487,624300000,624320458,20458
8488,624350000,624370458,20458
8489,624400000,624420458,20458
8490,624450000,624470458,20458
8491,624500000,624520458,20458
8492,624550000,624570458,20458
8493,624600000,624620458,20458
8494,624650000,624670458,20458
8495,624700000,624720458,20458
8496,624750000,624770458,20458
8497,624800000,624820458,20458
8498,624850000,624870458,20458
8499,624900000,624920458,20458
8500,624950000,624970458,20458
8501,625000000,625020458,20458
8502,625050000,625070458,20458
8503,625100000,625120458,20458
8504,625150000,625170458,20458
8505,625200000,625220458,20458
8506,625250000,625270458,20458
8507,625300000,625320458,20458
8508,625350000,625370458,20458
8509,625400000,625420458,20458
8510,625450000,625470458,20458
8511,625500000,625520458,20458
8512,625550000,625570458,20458
8513,625600000,625620458,20458
8514,625650000,625670458,20458
8515,625700000,625720458,20458
8516,625750000,625770458,20458
8517,625800000,625820458,20458
8518,625850000,625870458,20458
8519,625900000,625920458,20458
8520,625950000,625970458,20458
8521,626000000,626020458,20458
8522,626050000,626070458,20458
8523,626100000,626120458,20458
8524,626150000,626170458,20458
8525,626200000,626220458,20458
8526,626250000,626270458,20458
8527,626300000,626320458,20458
8528,626350000,626370458,20458
8529,626400000,626420458,20458
8530,626450000,626470458,20458
8531,626500000,626520458,20458
8532,626550000,626570458,20458
8533,626600000,626620458,20458
8534,626650000,626670458,20458
8535,626700000,626720458,20458
8536,626750000,626770458,20458
8537,626800000,626820458,20458
8538,626850000,626870458,20458
8539,626900000,626920458,20458
8540,626950000,626970458,20458
8541,627000000,627020458,20458
8542,627050000,627070458,20458
8543,627100000,627120458,20458
8544,627150000,627170458,20458
8545,627200000,627220458,20458
8546,627250000,627270458,20458
8547,627300000,627320458,20458
8548,627350000,627370458,20458
8549,627400000,627420458,20458
8550,627450000,627470458,20458
8551,627500000,627520458,20458
8552,627550000,627570458,20458
8553,627600000,627620458,20458
8554,627650000,627670458,20458
8555,627700000,627720458,20458
8556,627750000,627770458,20458
8557,627800000,627820458,20458
8558,627850000,627870458,20458
8559,627900000,627920458,20458
8560,627950000,627970458,20458
8561,628000000,628020458,20458
8562,628050000,628070458,20458
8563,628100000,628120458,20458
8564,628150000,628170458,20458
8565,628200000,628220458,20458
8566,628250000,628270458,20458
8567,628300000,628320458,20458
8568,628350000,628370458,20458
8569,628400000,628420458,20458
8570,628450000,628470458,20458
8571,628500000,628520458,20458
8572,628550000,628570458,20458
8573,628600000,628620458,20458
8574,628650000,628670458,20458
8575,628700000,628720458,20458
8576,628750000,628770458,20458
8577,628800000,628820458,20458
8578,628850000,628870458,20458
8579,628900000,628920458,20458
8580,628950000,628970458,20458
8581,629000000,629020458,20458
8582,629050000,629070458,20458
8583,629100000,629120458,20458
8584,629150000,629170458,20458
8585,629200000,629220458,20458
8586,629250000,629270458,20458
8587,629300000,629320458,20458
8588,629350000,629370458,20458
8589,629400000,629420458,20458
8590,629450000,629470458,20458
8591,629500000,629520458,20458
8592,629550000,629570458,20458
8593,629600000,629620458,20458
8594,629650000,629670458,20458
8595,629700000,629720458,20458
8596,629750000,629770458,20458
8597,629800000,629820458,20458
8598,629850000,629870458,20458
8599,629900000,629920458,20458
8600,629950000,629970458,20458
8601,630000000,630020458,20458
8602,630050000,630070458,20458
8603,630100000,630120458,20458
8604,630150000,630170458,20458
8605,630200000,630220458,20458
8606,630250000,630270458,20458
8607,630300000,630320458,20458
8608,630350000,630370458,20458
8609,630400000,630420458,20458
8610,630450000,630470458,20458
8611,630500000,630520458,20458
8612,630550000,630570458,20458
8613,630600000,630620458,20458
8614,630650000,630670458,20458
8615,630700000,630720458,20458
8616,630750000,630770458,20458
8617,630800000,630820458,20458
8618,630850000,630870458,20458
8619,630900000,630920458,20458
8620,630950000,630970458,20458
8621,631000000,631020458,20458
8622,631050000,631070458,20458
8623,631100000,631120458,20458
8624,631150000,631170458,20458
8625,631200000,631220458,20458
8626,631250000,631270458,20458
8627,631300000,631320458,20458
8628,631350000,631370458,20458
8629,631400000,631420458,20458
8630,631450000,631470458,20458
8631,631500000,631520458,20458
8632,631550000,631570458,20458
8633,631600000,631620458,20458
8634,631650000,631670458,20458
8635,631700000,631720458,20458
8636,631750000,631770458,20458
8637,631800000,631820458,20458
8638,631850000,631870458,20458
8639,631900000,631920458,20458
8640,631950000,631970458,20458
8641,632000000,632020458,20458
8642,632050000,632070458,20458
8643,632100000,632120458,20458
8644,632150000,632170458,20458
8645,632200000,632220458,20458
8646,632250000,632270458,20458
8647,632300000,632320458,20458
8648,632350000,632370458,20458
8649,632400000,632420458,20458
8650,632450000,632470458,20458
8651,632500000,632520458,20458
8652,632550000,632570458,20458
8653,632600000,632620458,20458
8654,632650000,632670458,20458
8655,632700000,632720458,20458
8656,632750000,632770458,20458
8657,632800000,632820458,20458
8658,632850000,632870458,20458
8659,632900000,632920458,20458
8660,632950000,632970458,20458
8661,633000000,633020458,20458
8662,633050000,633070458,20458
8663,633100000,633120458,20458
8664,633150000,633170458,20458
8665,633200000,633220458,20458
8666,633250000,633270458,20458
8667,633300000,633320458,20458
8668,633350000,633370458,20458
8669,633400000,633420458,20458
8670,633450000,633470458,20458
8671,633500000,633520458,20458
8672,633550000,633570458,20458
8673,633600000,633620458,20458
8674,633650000,633670458,20458
8675,633700000,633720458,20458
8676,633750000,633770458,20458
8677,633800000,633820458,20458
8678,633850000,633870458,20458
8679,633900000,633920458,20458
8680,633950000,633970458,20458
8681,634000000,634020458,20458
8682,634050000,634070458,20458
8683,634100000,634120458,20458
8684,634150000,634170458,20458
8685,634200000,634220458,20458
8686,634250000,634270458,20458
8687,634300000,634320458,20458
8688,634350000,634370458,20458
8689,634400000,634420458,20458
8690,634450000,634470458,20458
8691,634500000,634520458,20458
8692,634550000,634570458,20458
8693,634600000,634620458,20458
8694,634650000,634670458,20458
8695,634700000,634720458,20458
8696,634750000,634770458,20458
8697,634800000,634820458,20458
8698,634850000,634870458,20458
8699,634900000,634920458,20458
8700,634950000,634970458,20458
8701,635000000,635020458,20458
8702,635050000,635070458,20458
8703,635100000,635120458,20458
8704,635150000,635170458,20458
8705,635200000,635220458,20458
8706,635250000,635270458,20458
8707,635300000,635320458,20458
8708,635350000,635370458,20458
8709,635400000,635420458,20458
8710,635450000,635470458,20458
8711,635500000,635520458,20458
8712,635550000,635570458,20458
8713,635600000,635620458,20458
8714,635650000,635670458,20458
8715,635700000,635720458,20458
8716,635750000,635770458,20458
8717,635800000,635820458,20458
8718,635850000,635870458,20458
8719,635900000,635920458,20458
8720,635950000,635970458,20458
8721,636000000,636020458,20458
8722,636050000,636070458,20458
8723,636100000,636120458,20458
8724,636150000,636170458,20458
8725,636200000,636220458,20458
8726,636250000,636270458,20458
8727,636300000,636320458,20458
8728,636350000,636370458,20458
8729,636400000,636420458,20458
8730,636450000,636470458,20458
8731,636500000,636520458,20458
8732,636550000,636570458,20458
8733,636600000,636620458,20458
8734,636650000,636670458,20458
8735,636700000,636720458,20458
8736,636750000,636770458,20458
8737,636800000,636820458,20458
8738,636850000,636870458,20458
8739,636900000,636920458,20458
8740,636950000,636970458,20458
8741,637000000,637020458,20458
8742,637050000,637070458,20458
8743,637100000,637120458,20458
8744,637150000,637170458,20458
8745,637200000,637220458,20458
8746,637250000,637270458,20458
8747,637300000,637320458,20458
8748,637350000,637370458,20458
8749,637400000,637420458,20458
8750,637450000,637470458,20458
8751,637500000,637520458,20458
8752,637550000,637570458,20458
8753,637600000,637620458,20458
8754,637650000,637670458,20458
8755,637700000,637720458,20458
8756,637750000,637770458,20458
8757,637800000,637820458,20458
8758,637850000,637870458,20458
8759,637900000,637920458,20458
8760,637950000,637970458,20458
8761,638000000,638020458,20458
8762,638050000,638070458,20458
8763,638100000,638120458,20458
8764,638150000,638170458,20458
8765,638200000,638220458,20458
8766,638250000,638270458,20458
8767,638300000,638320458,20458
8768,638350000,638370458,20458
8769,638400000,638420458,20458
8770,638450000,638470458,20458
8771,638500000,638520458,20458
8772,638550000,638570458,20458
8773,638600000,638620458,20458
8774,638650000,638670458,20458
8775,638700000,638720458,20458
8776,638750000,638770458,20458
8777,638800000,638820458,20458
8778,638850000,638870458,20458
8779,638900000,638920458,20458
8780,638950000,638970458,20458
8781,639000000,639020458,20458
8782,639050000,639070458,20458
8783,639100000,639120458,20458
8784,639150000,639170458,20458
8785,639200000,639220458,20458
8786,639250000,639270458,20458
8787,639300000,639320458,20458
8788,639350000,639370458,20458
8789,639400000,639420458,20458
8790,639450000,639470458,20458
8791,639500000,639520458,20458
8792,639550000,639570458,20458
8793,639600000,639620458,20458
8794,639650000,639670458,20458
8795,639700000,639720458,20458
8796,639750000,639770458,20458
8797,639800000,639820458,20458
8798,639850000,639870458,20458
8799,639900000,639920458,20458
8800,639950000,639970458,20458
8801,640000000,640020458,20458
8802,640050000,640070458,20458
8803,640100000,640120458,20458
8804,640150000,640170458,20458
8805,640200000,640220458,20458
8806,640250000,640270458,20458
8807,640300000,640320458,20458
8808,640350000,640370458,20458
8809,640400000,640420458,20458
8810,640450000,640470458,20458
8811,640500000,640520458,20458
8812,640550000,640570458,20458
8813,640600000,640620458,20458
8814,640650000,640670458,20458
8815,640700000,640720458,20458
8816,640750000,640770458,20458
8817,640800000,640820458,20458
8818,640850000,640870458,20458
8819,640900000,640920458,20458
8820,640950000,640970458,20458
8821,641000000,641020458,20458
8822,641050000,641070458,20458
8823,641100000,641120458,20458
8824,641150000,641170458,20458
8825,641200000,641220458,20458
8826,641250000,641270458,20458
8827,641300000,641320458,20458
8828,641350000,641370458,20458
8829,641400000,641420458,20458
8830,641450000,641470458,20458
8831,641500000,641520458,20458
8832,641550000,641570458,20458
8833,641600000,641620458,20458
8834,641650000,641670458,20458
8835,641700000,641720458,20458
8836,641750000,641770458,20458
8837,641800000,641820458,20458
8838,641850000,641870458,20458
8839,641900000,641920458,20458
8840,641950000,641970458,20458
8841,642000000,642020458,20458
8842,642050000,642070458,20458
8843,642100000,642120458,20458
8844,642150000,642170458,20458
8845,642200000,642220458,20458
8846,642250000,642270458,20458
8847,642300000,642320458,20458
8848,642350000,642370458,20458
8849,642400000,642420458,20458
8850,642450000,642470458,20458
8851,642500000,642520458,20458
8852,642550000,642570458,20458
8853,642600000,642620458,20458
8854,642650000,642670458,20458
8855,642700000,642720458,20458
8856,642750000,642770458,20458
8857,642800000,642820458,20458
8858,642850000,642870458,20458
8859,642900000,642920458,20458
8860,642950000,642970458,20458
8861,643000000,643020458,20458
8862,643050000,643070458,20458
8863,643100000,643120458,20458
8864,643150000,643170458,20458
8865,643200000,643220458,20458
8866,643250000,643270458,20458
8867,643300000,643320458,20458
8868,643350000,643370458,20458
8869,643400000,643420458,20458
8870,643450000,643470458,20458
8871,643500000,643520458,20458
8872,643550000,643570458,20458
8873,643600000,643620458,20458
8874,643650000,643670458,20458
8875,643700000,643720458,20458
8876,643750000,643770458,20458
8877,643800000,643820458,20458
8878,643850000,643870458,20458
8879,643900000,643920458,20458
8880,643950000,643970458,20458
8881,644000000,644020458,20458
8882,644050000,644070458,20458
8883,644100000,644120458,20458
8884,644150000,644170458,20458
8885,644200000,644220458,20458
8886,644250000,644270458,20458
8887,644300000,644320458,20458
8888,644350000,644370458,20458
8889,644400000,644420458,20458
8890,644450000,644470458,20458
8891,644500000,644520458,20458
8892,644550000,644570458,20458
8893,644600000,644620458,20458
8894,644650000,644670458,20458
8895,644700000,644720458,20458
8896,644750000,644770458,20458
8897,644800000,644820458,20458
8898,644850000,644870458,20458
8899,644900000,644920458,20458
8900,644950000,644970458,20458
8901,645000000,645020458,20458
8902,645050000,645070458,20458
8903,645100000,645120458,20458
8904,645150000,645170458,20458
8905,645200000,645220458,20458
8906,645250000,645270458,20458
8907,645300000,645320458,20458
8908,645350000,645370458,20458
8909,645400000,645420458,20458
8910,645450000,645470458,20458
8911,645500000,645520458,20458
8912,645550000,645570458,20458
8913,645600000,645620458,20458
8914,645650000,645670458,20458
8915,645700000,645720458,20458
8916,645750000,645770458,20458
8917,645800000,645820458,20458
8918,645850000,645870458,20458
8919,645900000,645920458,20458
8920,645950000,645970458,20458
8921,646000000,646020458,20458
8922,646050000,646070458,20458
8923,646100000,646120458,20458
8924,646150000,646170458,20458
8925,646200000,646220458,20458
8926,646250000,646270458,20458
8927,646300000,646320458,20458
8928,646350000,646370458,20458
8929,646400000,646420458,20458
8930,646450000,646470458,20458
8931,646500000,646520458,20458
8932,646550000,646570458,20458
8933,646600000,646620458,20458
8934,646650000,646670458,20458
8935,646700000,646720458,20458
8936,646750000,646770458,20458
8937,646800000,646820458,20458
8938,646850000,646870458,20458
8939,646900000,646920458,20458
8940,646950000,646970458,20458
8941,647000000,647020458,20458
8942,647050000,647070458,20458
8943,647100000,647120458,20458
8944,647150000,647170458,20458
8945,647200000,647220458,20458
8946,647250000,647270458,20458
8947,647300000,647320458,20458
8948,647350000,647370458,20458
8949,647400000,647420458,20458
8950,647450000,647470458,20458
8951,647500000,647520458,20458
8952,647550000,647570458,20458
8953,647600000,647620458,20458
8954,647650000,647670458,20458
8955,647700000,647720458,20458
8956,647750000,647770458,20458
8957,647800000,647820458,20458
8958,647850000,647870458,20458
8959,647900000,647920458,20458
8960,647950000,647970458,20458
8961,648000000,648020458,20458
8962,648050000,648070458,20458
8963,648100000,648120458,20458
8964,648150000,648170458,20458
8965,648200000,648220458,20458
8966,648250000,648270458,20458
8967,648300000,648320458,20458
8968,648350000,648370458,20458
8969,648400000,648420458,20458
8970,648450000,648470458,20458
8971,648500000,648520458,20458
8972,648550000,648570458,20458
8973,648600000,648620458,20458
8974,648650000,648670458,20458
8975,648700000,648720458,20458
8976,648750000,648770458,20458
8977,648800000,648820458,20458
8978,648850000,648870458,20458
8979,648900000,648920458,20458
8980,648950000,648970458,20458
8981,649000000,649020458,20458
8982,649050000,649070458,20458
8983,649100000,649120458,20458
8984,649150000,649170458,20458
8985,649200000,649220458,20458
8986,649250000,649270458,20458
8987,649300000,649320458,20458
8988,649350000,649370458,20458
8989,649400000,649420458,20458
8990,649450000,649470458,20458
8991,649500000,649520458,20458
8992,649550000,649570458,20458
8993,649600000,649620458,20458
8994,649650000,649670458,20458
8995,649700000,649720458,20458
8996,649750000,649770458,20458
8997,649800000,649820458,20458
8998,649850000,649870458,20458
8999,649900000,649920458,20458
9000,649950000,649970458,20458
9001,650000000,650020458,20458
9002,650050000,650070458,20458
9003,650100000,650120458,20458
9004,650150000,650170458,20458
9005,650200000,650220458,20458
9006,650250000,650270458,20458
9007,650300000,650320458,20458
9008,650350000,650370458,20458
9009,650400000,650420458,20458
9010,650450000,650470458,20458
9011,650500000,650520458,20458
9012,650550000,650570458,20458
9013,650600000,650620458,20458
9014,650650000,650670458,20458
9015,650700000,650720458,20458
9016,650750000,650770458,20458
9017,650800000,650820458,20458
9018,650850000,650870458,20458
9019,650900000,650920458,20458
9020,650950000,650970458,20458
9021,651000000,651020458,20458
9022,651050000,651070458,20458
9023,651100000,651120458,20458
9024,651150000,651170458,20458
9025,651200000,651220458,20458
9026,651250000,651270458,20458
9027,651300000,651320458,20458
9028,651350000,651370458,20458
9029,651400000,651420458,20458
9030,651450000,651470458,20458
9031,651500000,651520458,20458
9032,651550000,651570458,20458
9033,651600000,651620458,20458
9034,651650000,651670458,20458
9035,651700000,651720458,20458
9036,651750000,651770458,20458
9037,651800000,651820458,20458
9038,651850000,651870458,20458
9039,651900000,651920458,20458
9040,651950000,651970458,20458
9041,652000000,652020458,20458
9042,652050000,652070458,20458
9043,652100000,652120458,20458
9044,652150000,652170458,20458
9045,652200000,652220458,20458
9046,652250000,652270458,20458
9047,652300000,652320458,20458
9048,652350000,652370458,20458
9049,652400000,652420458,20458
9050,652450000,652470458,20458
9051,652500000,652520458,20458
9052,652550000,652570458,20458
9053,652600000,652620458,20458
9054,652650000,652670458,20458
9055,652700000,652720458,20458
9056,652750000,652770458,20458
9057,652800000,652820458,20458
9058,652850000,652870458,20458
9059,652900000,652920458,20458
9060,652950000,652970458,20458
9061,653000000,653020458,20458
9062,653050000,653070458,20458
9063,653100000,653120458,20458
9064,653150000,653170458,20458
9065,653200000,653220458,20458
9066,653250000,653270458,20458
9067,653300000,653320458,20458
9068,653350000,653370458,20458
9069,653400000,653420458,20458
9070,653450000,653470458,20458
9071,653500000,653520458,20458
9072,653550000,653570458,20458
9073,653600000,653620458,20458
9074,653650000,653670458,20458
9075,653700000,653720458,20458
9076,653750000,653770458,20458
9077,653800000,653820458,20458
9078,653850000,653870458,20458
9079,653900000,653920458,20458
9080,653950000,653970458,20458
9081,654000000,654020458,20458
9082,654050000,654070458,20458
9083,654100000,654120458,20458
9084,654150000,654170458,20458
9085,654200000,654220458,20458
9086,654250000,654270458,20458
9087,654300000,654320458,20458
9088,654350000,654370458,20458
9089,654400000,654420458,20458
9090,654450000,654470458,20458
9091,654500000,654520458,20458
9092,654550000,654570458,20458
9093,654600000,654620458,20458
9094,654650000,654670458,20458
9095,654700000,654720458,20458
9096,654750000,654770458,20458
9097,654800000,654820458,20458
9098,654850000,654870458,20458
9099,654900000,654920458,20458
9100,654950000,654970458,20458
9101,655000000,655020458,20458
9102,655050000,655070458,20458
9103,655100000,655120458,20458
9104,655150000,655170458,20458
9105,655200000,655220458,20458
9106,655250000,655270458,20458
9107,655300000,655320458,20458
9108,655350000,655370458,20458
9109,655400000,655420458,20458
9110,655450000,655470458,20458
9111,655500000,655520458,20458
9112,655550000,655570458,20458
9113,655600000,655620458,20458
9114,655650000,655670458,20458
9115,655700000,655720458,20458
9116,655750000,655770458,20458
9117,655800000,655820458,20458
9118,655850000,655870458,20458
9119,655900000,655920458,20458
9120,655950000,655970458,20458
9121,656000000,656020458,20458
9122,656050000,656070458,20458
9123,656100000,656120458,20458
9124,656150000,656170458,20458
9125,656200000,656220458,20458
9126,656250000,656270458,20458
9127,656300000,656320458,20458
9128,656350000,656370458,20458
9129,656400000,656420458,20458
9130,656450000,656470458,20458
9131,656500000,656520458,20458
9132,656550000,656570458,20458
9133,656600000,656620458,20458
9134,656650000,656670458,20458
9135,656700000,656720458,20458
9136,656750000,656770458,20458
9137,656800000,656820458,20458
9138,656850000,656870458,20458
9139,656900000,656920458,20458
9140,656950000,656970458,20458
9141,657000000,657020458,20458
9142,657050000,657070458,20458
9143,657100000,657120458,20458
9144,657150000,657170458,20458
9145,657200000,657220458,20458
9146,657250000,657270458,20458
9147,657300000,657320458,20458
9148,657350000,657370458,20458
9149,657400000,657420458,20458
9150,657450000,657470458,20458
9151,657500000,657520458,20458
9152,657550000,657570458,20458
9153,657600000,657620458,20458
9154,657650000,657670458,20458
9155,657700000,657720458,20458
9156,657750000,657770458,20458
9157,657800000,657820458,20458
9158,657850000,657870458,20458
9159,657900000,657920458,20458
9160,657950000,657970458,20458
9161,658000000,658020458,20458
9162,658050000,658070458,20458
9163,658100000,658120458,20458
9164,658150000,658170458,20458
9165,658200000,658220458,20458
9166,658250000,658270458,20458
9167,658300000,658320458,20458
9168,658350000,658370458,20458
9169,658400000,658420458,20458
9170,658450000,658470458,20458
9171,658500000,658520458,20458
9172,658550000,658570458,20458
9173,658600000,658620458,20458
9174,658650000,658670458,20458
9175,658700000,658720458,20458
9176,658750000,658770458,20458
9177,658800000,658820458,20458
9178,658850000,658870458,20458
9179,658900000,658920458,20458
9180,658950000,658970458,20458
9181,659000000,659020458,20458
9182,659050000,659070458,20458
9183,659100000,659120458,20458
9184,659150000,659170458,20458
9185,659200000,659220458,20458
9186,659250000,659270458,20458
9187,659300000,659320458,20458
9188,659350000,659370458,20458
9189,659400000,659420458,20458
9190,659450000,659470458,20458
9191,659500000,659520458,20458
9192,659550000,659570458,20458
9193,659600000,659620458,20458
9194,659650000,659670458,20458
9195,659700000,659720458,20458
9196,659750000,659770458,20458
9197,659800000,659820458,20458
9198,659850000,659870458,20458
9199,659900000,659920458,20458
9200,659950000,659970458,20458
9201,660000000,660020458,20458
9202,660050000,660070458,20458
9203,660100000,660120458,20458
9204,660150000,660170458,20458
9205,660200000,660220458,20458
9206,660250000,660270458,20458
9207,660300000,660320458,20458
9208,660350000,660370458,20458
9209,660400000,660420458,20458
9210,660450000,660470458,20458
9211,660500000,660520458,20458
9212,660550000,660570458,20458
9213,660600000,660620458,20458
9214,660650000,660670458,20458
9215,660700000,660720458,20458
9216,660750000,660770458,20458
9217,660800000,660820458,20458
9218,660850000,660870458,20458
9219,660900000,660920458,20458
9220,660950000,660970458,20458
9221,661000000,661020458,20458
9222,661050000,661070458,20458
9223,661100000,661120458,20458
9224,661150000,661170458,20458
9225,661200000,661220458,20458
9226,661250000,661270458,20458
9227,661300000,661320458,20458
9228,661350000,661370458,20458
9229,661400000,661420458,20458
9230,661450000,661470458,20458
9231,661500000,661520458,20458
9232,661550000,661570458,20458
9233,661600000,661620458,20458
9234,661650000,661670458,20458
9235,661700000,661720458,20458
9236,661750000,661770458,20458
9237,661800000,661820458,20458
9238,661850000,661870458,20458
9239,661900000,661920458,20458
9240,661950000,661970458,20458
9241,662000000,662020458,20458
9242,662050000,662070458,20458
9243,662100000,662120458,20458
9244,662150000,662170458,20458
9245,662200000,662220458,20458
9246,662250000,662270458,20458
9247,662300000,662320458,20458
9248,662350000,662370458,20458
9249,662400000,662420458,20458
9250,662450000,662470458,20458
9251,662500000,662520458,20458
9252,662550000,662570458,20458
9253,662600000,662620458,20458
9254,662650000,662670458,20458
9255,662700000,662720458,20458
9256,662750000,662770458,20458
9257,662800000,662820458,20458
9258,662850000,662870458,20458
9259,662900000,662920458,20458
9260,662950000,662970458,20458
9261,663000000,663020458,20458
9262,663050000,663070458,20458
9263,663100000,663120458,20458
9264,663150000,663170458,20458
9265,663200000,663220458,20458
9266,663250000,663270458,20458
9267,663300000,663320458,20458
9268,663350000,663370458,20458
9269,663400000,663420458,20458
9270,663450000,663470458,20458
9271,663500000,663520458,20458
9272,663550000,663570458,20458
9273,663600000,663620458,20458
9274,663650000,663670458,20458
9275,663700000,663720458,20458
9276,663750000,663770458,20458
9277,663800000,663820458,20458
9278,663850000,663870458,20458
9279,663900000,663920458,20458
9280,663950000,663970458,20458
9281,664000000,664020458,20458
9282,664050000,664070458,20458
9283,664100000,664120458,20458
9284,664150000,664170458,20458
9285,664200000,664220458,20458
9286,664250000,664270458,20458
9287,664300000,664320458,20458
9288,664350000,664370458,20458
9289,664400000,664420458,20458
9290,664450000,664470458,20458
9291,664500000,664520458,20458
9292,664550000,664570458,20458
9293,664600000,664620458,20458
9294,664650000,664670458,20458
9295,664700000,664720458,20458
9296,664750000,664770458,20458
9297,664800000,664820458,20458
9298,664850000,664870458,20458
9299,664900000,664920458,20458
9300,664950000,664970458,20458
9301,665000000,665020458,20458
9302,665050000,665070458,20458
9303,665100000,665120458,20458
9304,665150000,665170458,20458
9305,665200000,665220458,20458
9306,665250000,665270458,20458
9307,665300000,665320458,20458
9308,665350000,665370458,20458
9309,665400000,665420458,20458
9310,665450000,665470458,20458
9311,665500000,665520458,20458
9312,665550000,665570458,20458
9313,665600000,665620458,20458
9314,665650000,665670458,20458
9315,665700000,665720458,20458
9316,665750000,665770458,20458
9317,665800000,665820458,20458
9318,665850000,665870458,20458
9319,665900000,665920458,20458
9320,665950000,665970458,20458
9321,666000000,666020458,20458
9322,666050000,666070458,20458
9323,666100000,666120458,20458
9324,666150000,666170458,20458
9325,666200000,666220458,20458
9326,666250000,666270458,20458
9327,666300000,666320458,20458
9328,666350000,666370458,20458
9329,666400000,666420458,20458
9330,666450000,666470458,20458
9331,666500000,666520458,20458
9332,666550000,666570458,20458
9333,666600000,666620458,20458
9334,666650000,666670458,20458
9335,666700000,666720458,20458
9336,666750000,666770458,20458
9337,666800000,666820458,20458
9338,666850000,666870458,20458
9339,666900000,666920458,20458
9340,666950000,666970458,20458
9341,667000000,667020458,20458
9342,667050000,667070458,20458
9343,667100000,667120458,20458
9344,667150000,667170458,20458
9345,667200000,667220458,20458
9346,667250000,667270458,20458
9347,667300000,667320458,20458
9348,667350000,667370458,20458
9349,667400000,667420458,20458
9350,667450000,667470458,20458
9351,667500000,667520458,20458
9352,667550000,667570458,20458
9353,667600000,667620458,20458
9354,667650000,667670458,20458
9355,667700000,667720458,20458
9356,667750000,667770458,20458
9357,667800000,667820458,20458
9358,667850000,667870458,20458
9359,667900000,667920458,20458
9360,667950000,667970458,20458
9361,668000000,668020458,20458
9362,668050000,668070458,20458
9363,668100000,668120458,20458
9364,668150000,668170458,20458
9365,668200000,668220458,20458
9366,668250000,668270458,20458
9367,668300000,668320458,20458
9368,668350000,668370458,20458
9369,668400000,668420458,20458
9370,668450000,668470458,20458
9371,668500000,668520458,20458
9372,668550000,668570458,20458
9373,668600000,668620458,20458
9374,668650000,668670458,20458
9375,668700000,668720458,20458
9376,668750000,668770458,20458
9377,668800000,668820458,20458
9378,668850000,668870458,20458
9379,668900000,668920458,20458
9380,668950000,668970458,20458
9381,669000000,669020458,20458
9382,669050000,669070458,20458
9383,669100000,669120458,20458
9384,669150000,669170458,20458
9385,669200000,669220458,20458
9386,669250000,669270458,20458
9387,669300000,669320458,20458
9388,669350000,669370458,20458
9389,669400000,669420458,20458
9390,669450000,669470458,20458
9391,669500000,669520458,20458
9392,669550000,669570458,20458
9393,669600000,669620458,20458
9394,669650000,669670458,20458
9395,669700000,669720458,20458
9396,669750000,669770458,20458
9397,669800000,669820458,20458
9398,669850000,669870458,20458
9399,669900000,669920458,20458
9400,669950000,669970458,20458
9401,670000000,670020458,20458
9402,670050000,670070458,20458
9403,670100000,670120458,20458
9404,670150000,670170458,20458
9405,670200000,670220458,20458
9406,670250000,670270458,20458
9407,670300000,670320458,20458
9408,670350000,670370458,20458
9409,670400000,670420458,20458
9410,670450000,670470458,20458
9411,670500000,670520458,20458
9412,670550000,670570458,20458
9413,670600000,670620458,20458
9414,670650000,670670458,20458
9415,670700000,670720458,20458
9416,670750000,670770458,20458
9417,670800000,670820458,20458
9418,670850000,670870458,20458
9419,670900000,670920458,20458
9420,670950000,670970458,20458
9421,671000000,671020458,20458
9422,671050000,671070458,20458
9423,671100000,671120458,20458
9424,671150000,671170458,20458
9425,671200000,671220458,20458
9426,671250000,671270458,20458
9427,671300000,671320458,20458
9428,671350000,671370458,20458
9429,671400000,671420458,20458
9430,671450000,671470458,20458
9431,671500000,671520458,20458
9432,671550000,671570458,20458
9433,671600000,671620458,20458
9434,671650000,671670458,20458
9435,671700000,671720458,20458
9436,671750000,671770458,20458
9437,671800000,671820458,20458
9438,671850000,671870458,20458
9439,671900000,671920458,20458
9440,671950000,671970458,20458
9441,672000000,672020458,20458
9442,672050000,672070458,20458
9443,672100000,672120458,20458
9444,672150000,672170458,20458
9445,672200000,672220458,20458
9446,672250000,672270458,20458
9447,672300000,672320458,20458
9448,672350000,672370458,20458
9449,672400000,672420458,20458
9450,672450000,672470458,20458
9451,672500000,672520458,20458
9452,672550000,672570458,20458
9453,672600000,672620458,20458
9454,672650000,672670458,20458
9455,672700000,672720458,20458
9456,672750000,672770458,20458
9457,672800000,672820458,20458
9458,672850000,672870458,20458
9459,672900000,672920458,20458
9460,672950000,672970458,20458
9461,673000000,673020458,20458
9462,673050000,673070458,20458
9463,673100000,673120458,20458
9464,673150000,673170458,20458
9465,673200000,673220458,20458
9466,673250000,673270458,20458
9467,673300000,673320458,20458
9468,673350000,673370458,20458
9469,673400000,673420458,20458
9470,673450000,673470458,20458
9471,673500000,673520458,20458
9472,673550000,673570458,20458
9473,673600000,673620458,20458
9474,673650000,673670458,20458
9475,673700000,673720458,20458
9476,673750000,673770458,20458
9477,673800000,673820458,20458
9478,673850000,673870458,20458
9479,673900000,673920458,20458
9480,673950000,673970458,20458
9481,674000000,674020458,20458
9482,674050000,674070458,20458
9483,674100000,674120458,20458
9484,674150000,674170458,20458
9485,674200000,674220458,20458
9486,674250000,674270458,20458
9487,674300000,674320458,20458
9488,674350000,674370458,20458
9489,674400000,674420458,20458
9490,674450000,674470458,20458
9491,674500000,674520458,20458
9492,674550000,674570458,20458
9493,674600000,674620458,20458
9494,674650000,674670458,20458
9495,674700000,674720458,20458
9496,674750000,674770458,20458
9497,674800000,674820458,20458
9498,674850000,674870458,20458
9499,674900000,674920458,20458
9500,674950000,674970458,20458
9501,675000000,675020458,20458
9502,675050000,675070458,20458
9503,675100000,675120458,20458
9504,675150000,675170458,20458
9505,675200000,675220458,20458
9506,675250000,675270458,20458
9507,675300000,675320458,20458
9508,675350000,675370458,20458
9509,675400000,675420458,20458
9510,675450000,675470458,20458
9511,675500000,675520458,20458
9512,675550000,675570458,20458
9513,675600000,675620458,20458
9514,675650000,675670458,20458
9515,675700000,675720458,20458
9516,675750000,675770458,20458
9517,675800000,675820458,20458
9518,675850000,675870458,20458
9519,675900000,675920458,20458
9520,675950000,675970458,20458
9521,676000000,676020458,20458
9522,676050000,676070458,20458
9523,676100000,676120458,20458
9524,676150000,676170458,20458
9525,676200000,676220458,20458
9526,676250000,676270458,20458
9527,676300000,676320458,20458
9528,676350000,676370458,20458
9529,676400000,676420458,20458
9530,676450000,676470458,20458
9531,676500000,676520458,20458
9532,676550000,676570458,20458
9533,676600000,676620458,20458
9534,676650000,676670458,20458
9535,676700000,676720458,20458
9536,676750000,676770458,20458
9537,676800000,676820458,20458
9538,676850000,676870458,20458
9539,676900000,676920458,20458
9540,676950000,676970458,20458
9541,677000000,677020458,20458
9542,677050000,677070458,20458
9543,677100000,677120458,20458
9544,677150000,677170458,20458
9545,677200000,677220458,20458
9546,677250000,677270458,20458
9547,677300000,677320458,20458
9548,677350000,677370458,20458
9549,677400000,677420458,20458
9550,677450000,677470458,20458
9551,677500000,677520458,20458
9552,677550000,677570458,20458
9553,677600000,677620458,20458
9554,677650000,677670458,20458
9555,677700000,677720458,20458
9556,677750000,677770458,20458
9557,677800000,677820458,20458
9558,677850000,677870458,20458
9559,677900000,677920458,20458
9560,677950000,677970458,20458
9561,678000000,678020458,20458
9562,678050000,678070458,20458
9563,678100000,678120458,20458
9564,678150000,678170458,20458
9565,678200000,678220458,20458
9566,678250000,678270458,20458
9567,678300000,678320458,20458
9568,678350000,678370458,20458
9569,678400000,678420458,20458
9570,678450000,678470458,20458
9571,678500000,678520458,20458
9572,678550000,678570458,20458
9573,678600000,678620458,20458
9574,678650000,678670458,20458
9575,678700000,678720458,20458
9576,678750000,678770458,20458
9577,678800000,678820458,20458
9578,678850000,678870458,20458
9579,678900000,678920458,20458
9580,678950000,678970458,20458
9581,679000000,679020458,20458
9582,679050000,679070458,20458
9583,679100000,679120458,20458
9584,679150000,679170458,20458
9585,679200000,679220458,20458
9586,679250000,679270458,20458
9587,679300000,679320458,20458
9588,679350000,679370458,20458
9589,679400000,679420458,20458
9590,679450000,679470458,20458
9591,679500000,679520458,20458
9592,679550000,679570458,20458
9593,679600000,679620458,20458
9594,679650000,679670458,20458
9595,679700000,679720458,20458
9596,679750000,679770458,20458
9597,679800000,679820458,20458
9598,679850000,679870458,20458
9599,679900000,679920458,20458
9600,679950000,679970458,20458
9601,680000000,680020458,20458
9602,680050000,680070458,20458
9603,680100000,680120458,20458
9604,680150000,680170458,20458
9605,680200000,680220458,20458
9606,680250000,680270458,20458
9607,680300000,680320458,20458
9608,680350000,680370458,20458
9609,680400000,680420458,20458
9610,680450000,680470458,20458
9611,680500000,680520458,20458
9612,680550000,680570458,20458
9613,680600000,680620458,20458
9614,680650000,680670458,20458
9615,680700000,680720458,20458
9616,680750000,680770458,20458
9617,680800000,680820458,20458
9618,680850000,680870458,20458
9619,680900000,680920458,20458
9620,680950000,680970458,20458
9621,681000000,681020458,20458
9622,681050000,681070458,20458
9623,681100000,681120458,20458
9624,681150000,681170458,20458
9625,681200000,681220458,20458
9626,681250000,681270458,20458
9627,681300000,681320458,20458
9628,681350000,681370458,20458
9629,681400000,681420458,20458
9630,681450000,681470458,20458
9631,681500000,681520458,20458
9632,681550000,681570458,20458
9633,681600000,681620458,20458
9634,681650000,681670458,20458
9635,681700000,681720458,20458
9636,681750000,681770458,20458
9637,681800000,681820458,20458
9638,681850000,681870458,20458
9639,681900000,681920458,20458
9640,681950000,681970458,20458
9641,682000000,682020458,20458
9642,682050000,682070458,20458
9643,682100000,682120458,20458
9644,682150000,682170458,20458
9645,682200000,682220458,20458
9646,682250000,682270458,20458
9647,682300000,682320458,20458
9648,682350000,682370458,20458
9649,682400000,682420458,20458
9650,682450000,682470458,20458
9651,682500000,682520458,20458
9652,682550000,682570458,20458
9653,682600000,682620458,20458
9654,682650000,682670458,20458
9655,682700000,682720458,20458
9656,682750000,682770458,20458
9657,682800000,682820458,20458
9658,682850000,682870458,20458
9659,682900000,682920458,20458
9660,682950000,682970458,20458
9661,683000000,683020458,20458
9662,683050000,683070458,20458
9663,683100000,683120458,20458
9664,683150000,683170458,20458
9665,683200000,683220458,20458
9666,683250000,683270458,20458
9667,683300000,683320458,20458
9668,683350000,683370458,20458
9669,683400000,683420458,20458
9670,683450000,683470458,20458
9671,683500000,683520458,20458
9672,683550000,683570458,20458
9673,683600000,683620458,20458
9674,683650000,683670458,20458
9675,683700000,683720458,20458
9676,683750000,683770458,20458
9677,683800000,683820458,20458
9678,683850000,683870458,20458
9679,683900000,683920458,20458
9680,683950000,683970458,20458
9681,684000000,684020458,20458
9682,684050000,684070458,20458
9683,684100000,684120458,20458
9684,684150000,684170458,20458
9685,684200000,684220458,20458
9686,684250000,684270458,20458
9687,684300000,684320458,20458
9688,684350000,684370458,20458
9689,684400000,684420458,20458
9690,684450000,684470458,20458
9691,684500000,684520458,20458
9692,684550000,684570458,20458
9693,684600000,684620458,20458
9694,684650000,684670458,20458
9695,684700000,684720458,20458
9696,684750000,684770458,20458
9697,684800000,684820458,20458
9698,684850000,684870458,20458
9699,684900000,684920458,20458
9700,684950000,684970458,20458
9701,685000000,685020458,20458
9702,685050000,685070458,20458
9703,685100000,685120458,20458
9704,685150000,685170458,20458
9705,685200000,685220458,20458
9706,685250000,685270458,20458
9707,685300000,685320458,20458
9708,685350000,685370458,20458
9709,685400000,685420458,20458
9710,685450000,685470458,20458
9711,685500000,685520458,20458
9712,685550000,685570458,20458
9713,685600000,685620458,20458
9714,685650000,685670458,20458
9715,685700000,685720458,20458
9716,685750000,685770458,20458
9717,685800000,685820458,20458
9718,685850000,685870458,20458
9719,685900000,685920458,20458
9720,685950000,685970458,20458
9721,686000000,686020458,20458
9722,686050000,686070458,20458
9723,686100000,686120458,20458
9724,686150000,686170458,20458
9725,686200000,686220458,20458
9726,686250000,686270458,20458
9727,686300000,686320458,20458
9728,686350000,686370458,20458
9729,686400000,686420458,20458
9730,686450000,686470458,20458
9731,686500000,686520458,20458
9732,686550000,686570458,20458
9733,686600000,686620458,20458
9734,686650000,686670458,20458
9735,686700000,686720458,20458
9736,686750000,686770458,20458
9737,686800000,686820458,20458
9738,686850000,686870458,20458
9739,686900000,686920458,20458
9740,686950000,686970458,20458
9741,687000000,687020458,20458
9742,687050000,687070458,20458
9743,687100000,687120458,20458
9744,687150000,687170458,20458
9745,687200000,687220458,20458
9746,687250000,687270458,20458
9747,687300000,687320458,20458
9748,687350000,687370458,20458
9749,687400000,687420458,20458
9750,687450000,687470458,20458
9751,687500000,687520458,20458
9752,687550000,687570458,20458
9753,687600000,687620458,20458
9754,687650000,687670458,20458
9755,687700000,687720458,20458
9756,687750000,687770458,20458
9757,687800000,687820458,20458
9758,687850000,687870458,20458
9759,687900000,687920458,20458
9760,687950000,687970458,20458
9761,688000000,688020458,20458
9762,688050000,688070458,20458
9763,688100000,688120458,20458
9764,688150000,688170458,20458
9765,688200000,688220458,20458
9766,688250000,688270458,20458
9767,688300000,688320458,20458
9768,688350000,688370458,20458
9769,688400000,688420458,20458
9770,688450000,688470458,20458
9771,688500000,688520458,20458
9772,688550000,688570458,20458
9773,688600000,688620458,20458
9774,688650000,688670458,20458
9775,688700000,688720458,20458
9776,688750000,688770458,20458
9777,688800000,688820458,20458
9778,688850000,688870458,20458
9779,688900000,688920458,20458
9780,688950000,688970458,20458
9781,689000000,689020458,20458
9782,689050000,689070458,20458
9783,689100000,689120458,20458
9784,689150000,689170458,20458
9785,689200000,689220458,20458
9786,689250000,689270458,20458
9787,689300000,689320458,20458
9788,689350000,689370458,20458
9789,689400000,689420458,20458
9790,689450000,689470458,20458
9791,689500000,689520458,20458
9792,689550000,689570458,20458
9793,689600000,689620458,20458
9794,689650000,689670458,20458
9795,689700000,689720458,20458
9796,689750000,689770458,20458
9797,689800000,689820458,20458
9798,689850000,689870458,20458
9799,689900000,689920458,20458
9800,689950000,689970458,20458
9801,690000000,690020458,20458
9802,690050000,690070458,20458
9803,690100000,690120458,20458
9804,690150000,690170458,20458
9805,690200000,690220458,20458
9806,690250000,690270458,20458
9807,690300000,690320458,20458
9808,690350000,690370458,20458
9809,690400000,690420458,20458
9810,690450000,690470458,20458
9811,690500000,690520458,20458
9812,690550000,690570458,20458
9813,690600000,690620458,20458
9814,690650000,690670458,20458
9815,690700000,690720458,20458
9816,690750000,690770458,20458
9817,690800000,690820458,20458
9818,690850000,690870458,20458
9819,690900000,690920458,20458
9820,690950000,690970458,20458
9821,691000000,691020458,20458
9822,691050000,691070458,20458
9823,691100000,691120458,20458
9824,691150000,691170458,20458
9825,691200000,691220458,20458
9826,691250000,691270458,20458
9827,691300000,691320458,20458
9828,691350000,691370458,20458
9829,691400000,691420458,20458
9830,691450000,691470458,20458
9831,691500000,691520458,20458
9832,691550000,691570458,20458
9833,691600000,691620458,20458
9834,691650000,691670458,20458
9835,691700000,691720458,20458
9836,691750000,691770458,20458
9837,691800000,691820458,20458
9838,691850000,691870458,20458
9839,691900000,691920458,20458
9840,691950000,691970458,20458
9841,692000000,692020458,20458
9842,692050000,692070458,20458
9843,692100000,692120458,20458
9844,692150000,692170458,20458
9845,692200000,692220458,20458
9846,692250000,692270458,20458
9847,692300000,692320458,20458
9848,692350000,692370458,20458
9849,692400000,692420458,20458
9850,692450000,692470458,20458
9851,692500000,692520458,20458
9852,692550000,692570458,20458
9853,692600000,692620458,20458
9854,692650000,692670458,20458
9855,692700000,692720458,20458
9856,692750000,692770458,20458
9857,692800000,692820458,20458
9858,692850000,692870458,20458
9859,692900000,692920458,20458
9860,692950000,692970458,20458
9861,693000000,693020458,20458
9862,693050000,693070458,20458
9863,693100000,693120458,20458
9864,693150000,693170458,20458
9865,693200000,693220458,20458
9866,693250000,693270458,20458
9867,693300000,693320458,20458
9868,693350000,693370458,20458
9869,693400000,693420458,20458
9870,693450000,693470458,20458
9871,693500000,693520458,20458
9872,693550000,693570458,20458
9873,693600000,693620458,20458
9874,693650000,693670458,20458
9875,693700000,693720458,20458
9876,693750000,693770458,20458
9877,693800000,693820458,20458
9878,693850000,693870458,20458
9879,693900000,693920458,20458
9880,693950000,693970458,20458
9881,694000000,694020458,20458
9882,694050000,694070458,20458
9883,694100000,694120458,20458
9884,694150000,694170458,20458
9885,694200000,694220458,20458
9886,694250000,694270458,20458
9887,694300000,694320458,20458
9888,694350000,694370458,20458
9889,694400000,694420458,20458
9890,694450000,694470458,20458
9891,694500000,694520458,20458
9892,694550000,694570458,20458
9893,694600000,694620458,20458
9894,694650000,694670458,20458
9895,694700000,694720458,20458
9896,694750000,694770458,20458
9897,694800000,694820458,20458
9898,694850000,694870458,20458
9899,694900000,694920458,20458
9900,694950000,694970458,20458
9901,695000000,695020458,20458
9902,695050000,695070458,20458
9903,695100000,695120458,20458
9904,695150000,695170458,20458
9905,695200000,695220458,20458
9906,695250000,695270458,20458
9907,695300000,695320458,20458
9908,695350000,695370458,20458
9909,695400000,695420458,20458
9910,695450000,695470458,20458
9911,695500000,695520458,20458
9912,695550000,695570458,20458
9913,695600000,695620458,20458
9914,695650000,695670458,20458
9915,695700000,695720458,20458
9916,695750000,695770458,20458
9917,695800000,695820458,20458
9918,695850000,695870458,20458
9919,695900000,695920458,20458
9920,695950000,695970458,20458
9921,696000000,696020458,20458
9922,696050000,696070458,20458
9923,696100000,696120458,20458
9924,696150000,696170458,20458
9925,696200000,696220458,20458
9926,696250000,696270458,20458
9927,696300000,696320458,20458
9928,696350000,696370458,20458
9929,696400000,696420458,20458
9930,696450000,696470458,20458
9931,696500000,696520458,20458
9932,696550000,696570458,20458
9933,696600000,696620458,20458
9934,696650000,696670458,20458
9935,696700000,696720458,20458
9936,696750000,696770458,20458
9937,696800000,696820458,20458
9938,696850000,696870458,20458
9939,696900000,696920458,20458
9940,696950000,696970458,20458
9941,697000000,697020458,20458
9942,697050000,697070458,20458
9943,697100000,697120458,20458
9944,697150000,697170458,20458
9945,697200000,697220458,20458
9946,697250000,697270458,20458
9947,697300000,697320458,20458
9948,697350000,697370458,20458
9949,697400000,697420458,20458
9950,697450000,697470458,20458
9951,697500000,697520458,20458
9952,697550000,697570458,20458
9953,697600000,697620458,20458
9954,697650000,697670458,20458
9955,697700000,697720458,20458
9956,697750000,697770458,20458
9957,697800000,697820458,20458
9958,697850000,697870458,20458
9959,697900000,697920458,20458
9960,697950000,697970458,20458
9961,698000000,698020458,20458
9962,698050000,698070458,20458
9963,698100000,698120458,20458
9964,698150000,698170458,20458
9965,698200000,698220458,20458
9966,698250000,698270458,20458
9967,698300000,698320458,20458
9968,698350000,698370458,20458
9969,698400000,698420458,20458
9970,698450000,698470458,20458
9971,698500000,698520458,20458
9972,698550000,698570458,20458
9973,698600000,698620458,20458
9974,698650000,698670458,20458
9975,698700000,698720458,20458
9976,698750000,698770458,20458
9977,698800000,698820458,20458
9978,698850000,698870458,20458
9979,698900000,698920458,20458
9980,698950000,698970458,20458
9981,699000000,699020458,20458
9982,699050000,699070458,20458
9983,699100000,699120458,20458
9984,699150000,699170458,20458
9985,699200000,699220458,20458
9986,699250000,699270458,20458
9987,699300000,699320458,20458
9988,699350000,699370458,20458
9989,699400000,699420458,20458
9990,699450000,699470458,20458
9991,699500000,699520458,20458
9992,699550000,699570458,20458
9993,699600000,699620458,20458
9994,699650000,699670458,20458
9995,699700000,699720458,20458
9996,699750000,699770458,20458
9997,699800000,699820458,20458
9998,699850000,699870458,20458
9999,699900000,699920458,20458
10000,699950000,699970458,20458
10001,700000000,700020458,20458
10002,700050000,700070458,20458
10003,700100000,700120458,20458
10004,700150000,700170458,20458
10005,700200000,700220458,20458
10006,700250000,700270458,20458
10007,700300000,700320458,20458
10008,700350000,700370458,20458
10009,700400000,700420458,20458
10010,700450000,700470458,20458
10011,700500000,700520458,20458
10012,700550000,700570458,20458
10013,700600000,700620458,20458
10014,700650000,700670458,20458
10015,700700000,700720458,20458
10016,700750000,700770458,20458
10017,700800000,700820458,20458
10018,700850000,700870458,20458
10019,700900000,700920458,20458
10020,700950000,700970458,20458
10021,701000000,701020458,20458
10022,701050000,701070458,20458
10023,701100000,701120458,20458
10024,701150000,701170458,20458
10025,701200000,701220458,20458
10026,701250000,701270458,20458
10027,701300000,701320458,20458
10028,701350000,701370458,20458
10029,701400000,701420458,20458
10030,701450000,701470458,20458
10031,701500000,701520458,20458
10032,701550000,701570458,20458
10033,701600000,701620458,20458
10034,701650000,701670458,20458
10035,701700000,701720458,20458
10036,701750000,701770458,20458
10037,701800000,701820458,20458
10038,701850000,701870458,20458
10039,701900000,701920458,20458
10040,701950000,701970458,20458
10041,702000000,702020458,20458
10042,702050000,702070458,20458
10043,702100000,702120458,20458
10044,702150000,702170458,20458
10045,702200000,702220458,20458
10046,702250000,702270458,20458
10047,702300000,702320458,20458
10048,702350000,702370458,20458
10049,702400000,702420458,20458
10050,702450000,702470458,20458
10051,702500000,702520458,20458
10052,702550000,702570458,20458
10053,702600000,702620458,20458
10054,702650000,702670458,20458
10055,702700000,702720458,20458
10056,702750000,702770458,20458
10057,702800000,702820458,20458
10058,702850000,702870458,20458
10059,702900000,702920458,20458
10060,702950000,702970458,20458
10061,703000000,703020458,20458
10062,703050000,703070458,20458
10063,703100000,703120458,20458
10064,703150000,703170458,20458
10065,703200000,703220458,20458
10066,703250000,703270458,20458
10067,703300000,703320458,20458
10068,703350000,703370458,20458
10069,703400000,703420458,20458
10070,703450000,703470458,20458
10071,703500000,703520458,20458
10072,703550000,703570458,20458
10073,703600000,703620458,20458
10074,703650000,703670458,20458
10075,703700000,703720458,20458
10076,703750000,703770458,20458
10077,703800000,703820458,20458
10078,703850000,703870458,20458
10079,703900000,703920458,20458
10080,703950000,703970458,20458
10081,704000000,704020458,20458
10082,704050000,704070458,20458
10083,704100000,704120458,20458
10084,704150000,704170458,20458
10085,704200000,704220458,20458
10086,704250000,704270458,20458
10087,704300000,704320458,20458
10088,704350000,704370458,20458
10089,704400000,704420458,20458
10090,704450000,704470458,20458
10091,704500000,704520458,20458
10092,704550000,704570458,20458
10093,704600000,704620458,20458
10094,704650000,704670458,20458
10095,704700000,704720458,20458
10096,704750000,704770458,20458
10097,704800000,704820458,20458
10098,704850000,704870458,20458
10099,704900000,704920458,20458
10100,704950000,704970458,20458
10101,705000000,705020458,20458
10102,705050000,705070458,20458
10103,705100000,705120458,20458
10104,705150000,705170458,20458
10105,705200000,705220458,20458
10106,705250000,705270458,20458
10107,705300000,705320458,20458
10108,705350000,705370458,20458
10109,705400000,705420458,20458
10110,705450000,705470458,20458
10111,705500000,705520458,20458
10112,705550000,705570458,20458
10113,705600000,705620458,20458
10114,705650000,705670458,20458
10115,705700000,705720458,20458
10116,705750000,705770458,20458
10117,705800000,705820458,20458
10118,705850000,705870458,20458
10119,705900000,705920458,20458
10120,705950000,705970458,20458
10121,706000000,706020458,20458
10122,706050000,706070458,20458
10123,706100000,706120458,20458
10124,706150000,706170458,20458
10125,706200000,706220458,20458
10126,706250000,706270458,20458
10127,706300000,706320458,20458
10128,706350000,706370458,20458
10129,706400000,706420458,20458
10130,706450000,706470458,20458
10131,706500000,706520458,20458
10132,706550000,706570458,20458
10133,706600000,706620458,20458
10134,706650000,706670458,20458
10135,706700000,706720458,20458
10136,706750000,706770458,20458
10137,706800000,706820458,20458
10138,706850000,706870458,20458
10139,706900000,706920458,20458
10140,706950000,706970458,20458
10141,707000000,707020458,20458
10142,707050000,707070458,20458
10143,707100000,707120458,20458
10144,707150000,707170458,20458
10145,707200000,707220458,20458
10146,707250000,707270458,20458
10147,707300000,707320458,20458
10148,707350000,707370458,20458
10149,707400000,707420458,20458
10150,707450000,707470458,20458
10151,707500000,707520458,20458
10152,707550000,707570458,20458
10153,707600000,707620458,20458
10154,707650000,707670458,20458
10155,707700000,707720458,20458
10156,707750000,707770458,20458
10157,707800000,707820458,20458
10158,707850000,707870458,20458
10159,707900000,707920458,20458
10160,707950000,707970458,20458
10161,708000000,708020458,20458
10162,708050000,708070458,20458
10163,708100000,708120458,20458
10164,708150000,708170458,20458
10165,708200000,708220458,20458
10166,708250000,708270458,20458
10167,708300000,708320458,20458
10168,708350000,708370458,20458
10169,708400000,708420458,20458
10170,708450000,708470458,20458
10171,708500000,708520458,20458
10172,708550000,708570458,20458
10173,708600000,708620458,20458
10174,708650000,708670458,20458
10175,708700000,708720458,20458
10176,708750000,708770458,20458
10177,708800000,708820458,20458
10178,708850000,708870458,20458
10179,708900000,708920458,20458
10180,708950000,708970458,20458
10181,709000000,709020458,20458
10182,709050000,709070458,20458
10183,709100000,709120458,20458
10184,709150000,709170458,20458
10185,709200000,709220458,20458
10186,709250000,709270458,20458
10187,709300000,709320458,20458
10188,709350000,709370458,20458
10189,709400000,709420458,20458
10190,709450000,709470458,20458
10191,709500000,709520458,20458
10192,709550000,709570458,20458
10193,709600000,709620458,20458
10194,709650000,709670458,20458
10195,709700000,709720458,20458
10196,709750000,709770458,20458
10197,709800000,709820458,20458
10198,709850000,709870458,20458
10199,709900000,709920458,20458
10200,709950000,709970458,20458
10201,710000000,710020458,20458
10202,710050000,710070458,20458
10203,710100000,710120458,20458
10204,710150000,710170458,20458
10205,710200000,710220458,20458
10206,710250000,710270458,20458
10207,710300000,710320458,20458
10208,710350000,710370458,20458
10209,710400000,710420458,20458
10210,710450000,710470458,20458
10211,710500000,710520458,20458
10212,710550000,710570458,20458
10213,710600000,710620458,20458
10214,710650000,710670458,20458
10215,710700000,710720458,20458
10216,710750000,710770458,20458
10217,710800000,710820458,20458
10218,710850000,710870458,20458
10219,710900000,710920458,20458
10220,710950000,710970458,20458
10221,711000000,711020458,20458
10222,711050000,711070458,20458
10223,711100000,711120458,20458
10224,711150000,711170458,20458
10225,711200000,711220458,20458
10226,711250000,711270458,20458
10227,711300000,711320458,20458
10228,711350000,711370458,20458
10229,711400000,711420458,20458
10230,711450000,711470458,20458
10231,711500000,711520458,20458
10232,711550000,711570458,20458
10233,711600000,711620458,20458
10234,711650000,711670458,20458
10235,711700000,711720458,20458
10236,711750000,711770458,20458
10237,711800000,711820458,20458
10238,711850000,711870458,20458
10239,711900000,711920458,20458
10240,711950000,711970458,20458
10241,712000000,712020458,20458
10242,712050000,712070458,20458
10243,712100000,712120458,20458
10244,712150000,712170458,20458
10245,712200000,712220458,20458
10246,712250000,712270458,20458
10247,712300000,712320458,20458
10248,712350000,712370458,20458
10249,712400000,712420458,20458
10250,712450000,712470458,20458
10251,712500000,712520458,20458
10252,712550000,712570458,20458
10253,712600000,712620458,20458
10254,712650000,712670458,20458
10255,712700000,712720458,20458
10256,712750000,712770458,20458
10257,712800000,712820458,20458
10258,712850000,712870458,20458
10259,712900000,712920458,20458
10260,712950000,712970458,20458
10261,713000000,713020458,20458
10262,713050000,713070458,20458
10263,713100000,713120458,20458
10264,713150000,713170458,20458
10265,713200000,713220458,20458
10266,713250000,713270458,20458
10267,713300000,713320458,20458
10268,713350000,713370458,20458
10269,713400000,713420458,20458
10270,713450000,713470458,20458
10271,713500000,713520458,20458
10272,713550000,713570458,20458
10273,713600000,713620458,20458
10274,713650000,713670458,20458
10275,713700000,713720458,20458
10276,713750000,713770458,20458
10277,713800000,713820458,20458
10278,713850000,713870458,20458
10279,713900000,713920458,20458
10280,713950000,713970458,20458
10281,714000000,714020458,20458
10282,714050000,714070458,20458
10283,714100000,714120458,20458
10284,714150000,714170458,20458
10285,714200000,714220458,20458
10286,714250000,714270458,20458
10287,714300000,714320458,20458
10288,714350000,714370458,20458
10289,714400000,714420458,20458
10290,714450000,714470458,20458
10291,714500000,714520458,20458
10292,714550000,714570458,20458
10293,714600000,714620458,20458
10294,714650000,714670458,20458
10295,714700000,714720458,20458
10296,714750000,714770458,20458
10297,714800000,714820458,20458
10298,714850000,714870458,20458
10299,714900000,714920458,20458
10300,714950000,714970458,20458
10301,715000000,715020458,20458
10302,715050000,715070458,20458
10303,715100000,715120458,20458
10304,715150000,715170458,20458
10305,715200000,715220458,20458
10306,715250000,715270458,20458
10307,715300000,715320458,20458
10308,715350000,715370458,20458
10309,715400000,715420458,20458
10310,715450000,715470458,20458
10311,715500000,715520458,20458
10312,715550000,715570458,20458
10313,715600000,715620458,20458
10314,715650000,715670458,20458
10315,715700000,715720458,20458
10316,715750000,715770458,20458
10317,715800000,715820458,20458
10318,715850000,715870458,20458
10319,715900000,715920458,20458
10320,715950000,715970458,20458
10321,716000000,716020458,20458
10322,716050000,716070458,20458
10323,716100000,716120458,20458
10324,716150000,716170458,20458
10325,716200000,716220458,20458
10326,716250000,716270458,20458
10327,716300000,716320458,20458
10328,716350000,716370458,20458
10329,716400000,716420458,20458
10330,716450000,716470458,20458
10331,716500000,716520458,20458
10332,716550000,716570458,20458
10333,716600000,716620458,20458
10334,716650000,716670458,20458
10335,716700000,716720458,20458
10336,716750000,716770458,20458
10337,716800000,716820458,20458
10338,716850000,716870458,20458
10339,716900000,716920458,20458
10340,716950000,716970458,20458
10341,717000000,717020458,20458
10342,717050000,717070458,20458
10343,717100000,717120458,20458
10344,717150000,717170458,20458
10345,717200000,717220458,20458
10346,717250000,717270458,20458
10347,717300000,717320458,20458
10348,717350000,717370458,20458
10349,717400000,717420458,20458
10350,717450000,717470458,20458
10351,717500000,717520458,20458
10352,717550000,717570458,20458
10353,717600000,717620458,20458
10354,717650000,717670458,20458
10355,717700000,717720458,20458
10356,717750000,717770458,20458
10357,717800000,717820458,20458
10358,717850000,717870458,20458
10359,717900000,717920458,20458
10360,717950000,717970458,20458
10361,718000000,718020458,20458
10362,718050000,718070458,20458
10363,718100000,718120458,20458
10364,718150000,718170458,20458
10365,718200000,718220458,20458
10366,718250000,718270458,20458
10367,718300000,718320458,20458
10368,718350000,718370458,20458
10369,718400000,718420458,20458
10370,718450000,718470458,20458
10371,718500000,718520458,20458
10372,718550000,718570458,20458
10373,718600000,718620458,20458
10374,718650000,718670458,20458
10375,718700000,718720458,20458
10376,718750000,718770458,20458
10377,718800000,718820458,20458
10378,718850000,718870458,20458
10379,718900000,718920458,20458
10380,718950000,718970458,20458
10381,719000000,719020458,20458
10382,719050000,719070458,20458
10383,719100000,719120458,20458
10384,719150000,719170458,20458
10385,719200000,719220458,20458
10386,719250000,719270458,20458
10387,719300000,719320458,20458
10388,719350000,719370458,20458
10389,719400000,719420458,20458
10390,719450000,719470458,20458
10391,719500000,719520458,20458
10392,719550000,719570458,20458
10393,719600000,719620458,20458
10394,719650000,719670458,20458
10395,719700000,719720458,20458
10396,719750000,719770458,20458
10397,719800000,719820458,20458
10398,719850000,719870458,20458
10399,719900000,719920458,20458
10400,719950000,719970458,20458
10401,720000000,720020458,20458
10402,720050000,720070458,20458
10403,720100000,720120458,20458
10404,720150000,720170458,20458
10405,720200000,720220458,20458
10406,720250000,720270458,20458
10407,720300000,720320458,20458
10408,720350000,720370458,20458
10409,720400000,720420458,20458
10410,720450000,720470458,20458
10411,720500000,720520458,20458
10412,720550000,720570458,20458
10413,720600000,720620458,20458
10414,720650000,720670458,20458
10415,720700000,720720458,20458
10416,720750000,720770458,20458
10417,720800000,720820458,20458
10418,720850000,720870458,20458
10419,720900000,720920458,20458
10420,720950000,720970458,20458
10421,721000000,721020458,20458
10422,721050000,721070458,20458
10423,721100000,721120458,20458
10424,721150000,721170458,20458
10425,721200000,721220458,20458
10426,721250000,721270458,20458
10427,721300000,721320458,20458
10428,721350000,721370458,20458
10429,721400000,721420458,20458
10430,721450000,721470458,20458
10431,721500000,721520458,20458
10432,721550000,721570458,20458
10433,721600000,721620458,20458
10434,721650000,721670458,20458
10435,721700000,721720458,20458
10436,721750000,721770458,20458
10437,721800000,721820458,20458
10438,721850000,721870458,20458
10439,721900000,721920458,20458
10440,721950000,721970458,20458
10441,722000000,722020458,20458
10442,722050000,722070458,20458
10443,722100000,722120458,20458
10444,722150000,722170458,20458
10445,722200000,722220458,20458
10446,722250000,722270458,20458
10447,722300000,722320458,20458
10448,722350000,722370458,20458
10449,722400000,722420458,20458
10450,722450000,722470458,20458
10451,722500000,722520458,20458
10452,722550000,722570458,20458
10453,722600000,722620458,20458
10454,722650000,722670458,20458
10455,722700000,722720458,20458
10456,722750000,722770458,20458
10457,722800000,722820458,20458
10458,722850000,722870458,20458
10459,722900000,722920458,20458
10460,722950000,722970458,20458
10461,723000000,723020458,20458
10462,723050000,723070458,20458
10463,723100000,723120458,20458
10464,723150000,723170458,20458
10465,723200000,723220458,20458
10466,723250000,723270458,20458
10467,723300000,723320458,20458
10468,723350000,723370458,20458
10469,723400000,723420458,20458
10470,723450000,723470458,20458
10471,723500000,723520458,20458
10472,723550000,723570458,20458
10473,723600000,723620458,20458
10474,723650000,723670458,20458
10475,723700000,723720458,20458
10476,723750000,723770458,20458
10477,723800000,723820458,20458
10478,723850000,723870458,20458
10479,723900000,723920458,20458
10480,723950000,723970458,20458
10481,724000000,724020458,20458
10482,724050000,724070458,20458
10483,724100000,724120458,20458
10484,724150000,724170458,20458
10485,724200000,724220458,20458
10486,724250000,724270458,20458
10487,724300000,724320458,20458
10488,724350000,724370458,20458
10489,724400000,724420458,20458
10490,724450000,724470458,20458
10491,724500000,724520458,20458
10492,724550000,724570458,20458
10493,724600000,724620458,20458
10494,724650000,724670458,20458
10495,724700000,724720458,20458
10496,724750000,724770458,20458
10497,724800000,724820458,20458
10498,724850000,724870458,20458
10499,724900000,724920458,20458
10500,724950000,724970458,20458
10501,725000000,725020458,20458
10502,725050000,725070458,20458
10503,725100000,725120458,20458
10504,725150000,725170458,20458
10505,725200000,725220458,20458
10506,725250000,725270458,20458
10507,725300000,725320458,20458
10508,725350000,725370458,20458
10509,725400000,725420458,20458
10510,725450000,725470458,20458
10511,725500000,725520458,20458
10512,725550000,725570458,20458
10513,725600000,725620458,20458
10514,725650000,725670458,20458
10515,725700000,725720458,20458
10516,725750000,725770458,20458
10517,725800000,725820458,20458
10518,725850000,725870458,20458
10519,725900000,725920458,20458
10520,725950000,725970458,20458
10521,726000000,726020458,20458
10522,726050000,726070458,20458
10523,726100000,726120458,20458
10524,726150000,726170458,20458
10525,726200000,726220458,20458
10526,726250000,726270458,20458
10527,726300000,726320458,20458
10528,726350000,726370458,20458
10529,726400000,726420458,20458
10530,726450000,726470458,20458
10531,726500000,726520458,20458
10532,726550000,726570458,20458
10533,726600000,726620458,20458
10534,726650000,726670458,20458
10535,726700000,726720458,20458
10536,726750000,726770458,20458
10537,726800000,726820458,20458
10538,726850000,726870458,20458
10539,726900000,726920458,20458
10540,726950000,726970458,20458
10541,727000000,727020458,20458
10542,727050000,727070458,20458
10543,727100000,727120458,20458
10544,727150000,727170458,20458
10545,727200000,727220458,20458
10546,727250000,727270458,20458
10547,727300000,727320458,20458
10548,727350000,727370458,20458
10549,727400000,727420458,20458
10550,727450000,727470458,20458
10551,727500000,727520458,20458
10552,727550000,727570458,20458
10553,727600000,727620458,20458
10554,727650000,727670458,20458
10555,727700000,727720458,20458
10556,727750000,727770458,20458
10557,727800000,727820458,20458
10558,727850000,727870458,20458
10559,727900000,727920458,20458
10560,727950000,727970458,20458
10561,728000000,728020458,20458
10562,728050000,728070458,20458
10563,728100000,728120458,20458
10564,728150000,728170458,20458
10565,728200000,728220458,20458
10566,728250000,728270458,20458
10567,728300000,728320458,20458
10568,728350000,728370458,20458
10569,728400000,728420458,20458
10570,728450000,728470458,20458
10571,728500000,728520458,20458
10572,728550000,728570458,20458
10573,728600000,728620458,20458
10574,728650000,728670458,20458
10575,728700000,728720458,20458
10576,728750000,728770458,20458
10577,728800000,728820458,20458
10578,728850000,728870458,20458
10579,728900000,728920458,20458
10580,728950000,728970458,20458
10581,729000000,729020458,20458
10582,729050000,729070458,20458
10583,729100000,729120458,20458
10584,729150000,729170458,20458
10585,729200000,729220458,20458
10586,729250000,729270458,20458
10587,729300000,729320458,20458
10588,729350000,729370458,20458
10589,729400000,729420458,20458
10590,729450000,729470458,20458
10591,729500000,729520458,20458
10592,729550000,729570458,20458
10593,729600000,729620458,20458
10594,729650000,729670458,20458
10595,729700000,729720458,20458
10596,729750000,729770458,20458
10597,729800000,729820458,20458
10598,729850000,729870458,20458
10599,729900000,729920458,20458
10600,729950000,729970458,20458
10601,730000000,730020458,20458
10602,730050000,730070458,20458
10603,730100000,730120458,20458
10604,730150000,730170458,20458
10605,730200000,730220458,20458
10606,730250000,730270458,20458
10607,730300000,730320458,20458
10608,730350000,730370458,20458
10609,730400000,730420458,20458
10610,730450000,730470458,20458
10611,730500000,730520458,20458
10612,730550000,730570458,20458
10613,730600000,730620458,20458
10614,730650000,730670458,20458
10615,730700000,730720458,20458
10616,730750000,730770458,20458
10617,730800000,730820458,20458
10618,730850000,730870458,20458
10619,730900000,730920458,20458
10620,730950000,730970458,20458
10621,731000000,731020458,20458
10622,731050000,731070458,20458
10623,731100000,731120458,20458
10624,731150000,731170458,20458
10625,731200000,731220458,20458
10626,731250000,731270458,20458
10627,731300000,731320458,20458
10628,731350000,731370458,20458
10629,731400000,731420458,20458
10630,731450000,731470458,20458
10631,731500000,731520458,20458
10632,731550000,731570458,20458
10633,731600000,731620458,20458
10634,731650000,731670458,20458
10635,731700000,731720458,20458
10636,731750000,731770458,20458
10637,731800000,731820458,20458
10638,731850000,731870458,20458
10639,731900000,731920458,20458
10640,731950000,731970458,20458
10641,732000000,732020458,20458
10642,732050000,732070458,20458
10643,732100000,732120458,20458
10644,732150000,732170458,20458
10645,732200000,732220458,20458
10646,732250000,732270458,20458
10647,732300000,732320458,20458
10648,732350000,732370458,20458
10649,732400000,732420458,20458
10650,732450000,732470458,20458
10651,732500000,732520458,20458
10652,732550000,732570458,20458
10653,732600000,732620458,20458
10654,732650000,732670458,20458
10655,732700000,732720458,20458
10656,732750000,732770458,20458
10657,732800000,732820458,20458
10658,732850000,732870458,20458
10659,732900000,732920458,20458
10660,732950000,732970458,20458
10661,733000000,733020458,20458
10662,733050000,733070458,20458
10663,733100000,733120458,20458
10664,733150000,733170458,20458
10665,733200000,733220458,20458
10666,733250000,733270458,20458
10667,733300000,733320458,20458
10668,733350000,733370458,20458
10669,733400000,733420458,20458
10670,733450000,733470458,20458
10671,733500000,733520458,20458
10672,733550000,733570458,20458
10673,733600000,733620458,20458
10674,733650000,733670458,20458
10675,733700000,733720458,20458
10676,733750000,733770458,20458
10677,733800000,733820458,20458
10678,733850000,733870458,20458
10679,733900000,733920458,20458
10680,733950000,733970458,20458
10681,734000000,734020458,20458
10682,734050000,734070458,20458
10683,734100000,734120458,20458
10684,734150000,734170458,20458
10685,734200000,734220458,20458
10686,734250000,734270458,20458
10687,734300000,734320458,20458
10688,734350000,734370458,20458
10689,734400000,734420458,20458
10690,734450000,734470458,20458
10691,734500000,734520458,20458
10692,734550000,734570458,20458
10693,734600000,734620458,20458
10694,734650000,734670458,20458
10695,734700000,734720458,20458
10696,734750000,734770458,20458
10697,734800000,734820458,20458
10698,734850000,734870458,20458
10699,734900000,734920458,20458
10700,734950000,734970458,20458
10701,735000000,735020458,20458
10702,735050000,735070458,20458
10703,735100000,735120458,20458
10704,735150000,735170458,20458
10705,735200000,735220458,20458
10706,735250000,735270458,20458
10707,735300000,735320458,20458
10708,735350000,735370458,20458
10709,735400000,735420458,20458
10710,735450000,735470458,20458
10711,735500000,735520458,20458
10712,735550000,735570458,20458
10713,735600000,735620458,20458
10714,735650000,735670458,20458
10715,735700000,735720458,20458
10716,735750000,735770458,20458
10717,735800000,735820458,20458
10718,735850000,735870458,20458
10719,735900000,735920458,20458
10720,735950000,735970458,20458
10721,736000000,736020458,20458
10722,736050000,736070458,20458
10723,736100000,736120458,20458
10724,736150000,736170458,20458
10725,736200000,736220458,20458
10726,736250000,736270458,20458
10727,736300000,736320458,20458
10728,736350000,736370458,20458
10729,736400000,736420458,20458
10730,736450000,736470458,20458
10731,736500000,736520458,20458
10732,736550000,736570458,20458
10733,736600000,736620458,20458
10734,736650000,736670458,20458
10735,736700000,736720458,20458
10736,736750000,736770458,20458
10737,736800000,736820458,20458
10738,736850000,736870458,20458
10739,736900000,736920458,20458
10740,736950000,736970458,20458
10741,737000000,737020458,20458
10742,737050000,737070458,20458
10743,737100000,737120458,20458
10744,737150000,737170458,20458
10745,737200000,737220458,20458
10746,737250000,737270458,20458
10747,737300000,737320458,20458
10748,737350000,737370458,20458
10749,737400000,737420458,20458
10750,737450000,737470458,20458
10751,737500000,737520458,20458
10752,737550000,737570458,20458
10753,737600000,737620458,20458
10754,737650000,737670458,20458
10755,737700000,737720458,20458
10756,737750000,737770458,20458
10757,737800000,737820458,20458
10758,737850000,737870458,20458
10759,737900000,737920458,20458
10760,737950000,737970458,20458
10761,738000000,738020458,20458
10762,738050000,738070458,20458
10763,738100000,738120458,20458
10764,738150000,738170458,20458
10765,738200000,738220458,20458
10766,738250000,738270458,20458
10767,738300000,738320458,20458
10768,738350000,738370458,20458
10769,738400000,738420458,20458
10770,738450000,738470458,20458
10771,738500000,738520458,20458
10772,738550000,738570458,20458
10773,738600000,738620458,20458
10774,738650000,738670458,20458
10775,738700000,738720458,20458
10776,738750000,738770458,20458
10777,738800000,738820458,20458
10778,738850000,738870458,20458
10779,738900000,738920458,20458
10780,738950000,738970458,20458
10781,739000000,739020458,20458
10782,739050000,739070458,20458
10783,739100000,739120458,20458
10784,739150000,739170458,20458
10785,739200000,739220458,20458
10786,739250000,739270458,20458
10787,739300000,739320458,20458
10788,739350000,739370458,20458
10789,739400000,739420458,20458
10790,739450000,739470458,20458
10791,739500000,739520458,20458
10792,739550000,739570458,20458
10793,739600000,739620458,20458
10794,739650000,739670458,20458
10795,739700000,739720458,20458
10796,739750000,739770458,20458
10797,739800000,739820458,20458
10798,739850000,739870458,20458
10799,739900000,739920458,20458
10800,739950000,739970458,20458
10801,740000000,740020458,20458
10802,740050000,740070458,20458
10803,740100000,740120458,20458
10804,740150000,740170458,20458
10805,740200000,740220458,20458
10806,740250000,740270458,20458
10807,740300000,740320458,20458
10808,740350000,740370458,20458
10809,740400000,740420458,20458
10810,740450000,740470458,20458
10811,740500000,740520458,20458
10812,740550000,740570458,20458
10813,740600000,740620458,20458
10814,740650000,740670458,20458
10815,740700000,740720458,20458
10816,740750000,740770458,20458
10817,740800000,740820458,20458
10818,740850000,740870458,20458
10819,740900000,740920458,20458
10820,740950000,740970458,20458
10821,741000000,741020458,20458
10822,741050000,741070458,20458
10823,741100000,741120458,20458
10824,741150000,741170458,20458
10825,741200000,741220458,20458
10826,741250000,741270458,20458
10827,741300000,741320458,20458
10828,741350000,741370458,20458
10829,741400000,741420458,20458
10830,741450000,741470458,20458
10831,741500000,741520458,20458
10832,741550000,741570458,20458
10833,741600000,741620458,20458
10834,741650000,741670458,20458
10835,741700000,741720458,20458
10836,741750000,741770458,20458
10837,741800000,741820458,20458
10838,741850000,741870458,20458
10839,741900000,741920458,20458
10840,741950000,741970458,20458
10841,742000000,742020458,20458
10842,742050000,742070458,20458
10843,742100000,742120458,20458
10844,742150000,742170458,20458
10845,742200000,742220458,20458
10846,742250000,742270458,20458
10847,742300000,742320458,20458
10848,742350000,742370458,20458
10849,742400000,742420458,20458
10850,742450000,742470458,20458
10851,742500000,742520458,20458
10852,742550000,742570458,20458
10853,742600000,742620458,20458
10854,742650000,742670458,20458
10855,742700000,742720458,20458
10856,742750000,742770458,20458
10857,742800000,742820458,20458
10858,742850000,742870458,20458
10859,742900000,742920458,20458
10860,742950000,742970458,20458
10861,743000000,743020458,20458
10862,743050000,743070458,20458
10863,743100000,743120458,20458
10864,743150000,743170458,20458
10865,743200000,743220458,20458
10866,743250000,743270458,20458
10867,743300000,743320458,20458
10868,743350000,743370458,20458
10869,743400000,743420458,20458
10870,743450000,743470458,20458
10871,743500000,743520458,20458
10872,743550000,743570458,20458
10873,743600000,743620458,20458
10874,743650000,743670458,20458
10875,743700000,743720458,20458
10876,743750000,743770458,20458
10877,743800000,743820458,20458
10878,743850000,743870458,20458
10879,743900000,743920458,20458
10880,743950000,743970458,20458
10881,744000000,744020458,20458
10882,744050000,744070458,20458
10883,744100000,744120458,20458
10884,744150000,744170458,20458
10885,744200000,744220458,20458
10886,744250000,744270458,20458
10887,744300000,744320458,20458
10888,744350000,744370458,20458
10889,744400000,744420458,20458
10890,744450000,744470458,20458
10891,744500000,744520458,20458
10892,744550000,744570458,20458
10893,744600000,744620458,20458
10894,744650000,744670458,20458
10895,744700000,744720458,20458
10896,744750000,744770458,20458
10897,744800000,744820458,20458
10898,744850000,744870458,20458
10899,744900000,744920458,20458
10900,744950000,744970458,20458
10901,745000000,745020458,20458
10902,745050000,745070458,20458
10903,745100000,745120458,20458
10904,745150000,745170458,20458
10905,745200000,745220458,20458
10906,745250000,745270458,20458
10907,745300000,745320458,20458
10908,745350000,745370458,20458
10909,745400000,745420458,20458
10910,745450000,745470458,20458
10911,745500000,745520458,20458
10912,745550000,745570458,20458
10913,745600000,745620458,20458
10914,745650000,745670458,20458
10915,745700000,745720458,20458
10916,745750000,745770458,20458
10917,745800000,745820458,20458
10918,745850000,745870458,20458
10919,745900000,745920458,20458
10920,745950000,745970458,20458
10921,746000000,746020458,20458
10922,746050000,746070458,20458
10923,746100000,746120458,20458
10924,746150000,746170458,20458
10925,746200000,746220458,20458
10926,746250000,746270458,20458
10927,746300000,746320458,20458
10928,746350000,746370458,20458
10929,746400000,746420458,20458
10930,746450000,746470458,20458
10931,746500000,746520458,20458
10932,746550000,746570458,20458
10933,746600000,746620458,20458
10934,746650000,746670458,20458
10935,746700000,746720458,20458
10936,746750000,746770458,20458
10937,746800000,746820458,20458
10938,746850000,746870458,20458
10939,746900000,746920458,20458
10940,746950000,746970458,20458
10941,747000000,747020458,20458
10942,747050000,747070458,20458
10943,747100000,747120458,20458
10944,747150000,747170458,20458
10945,747200000,747220458,20458
10946,747250000,747270458,20458
10947,747300000,747320458,20458
10948,747350000,747370458,20458
10949,747400000,747420458,20458
10950,747450000,747470458,20458
10951,747500000,747520458,20458
10952,747550000,747570458,20458
10953,747600000,747620458,20458
10954,747650000,747670458,20458
10955,747700000,747720458,20458
10956,747750000,747770458,20458
10957,747800000,747820458,20458
10958,747850000,747870458,20458
10959,747900000,747920458,20458
10960,747950000,747970458,20458
10961,748000000,748020458,20458
10962,748050000,748070458,20458
10963,748100000,748120458,20458
10964,748150000,748170458,20458
10965,748200000,748220458,20458
10966,748250000,748270458,20458
10967,748300000,748320458,20458
10968,748350000,748370458,20458
10969,748400000,748420458,20458
10970,748450000,748470458,20458
10971,748500000,748520458,20458
10972,748550000,748570458,20458
10973,748600000,748620458,20458
10974,748650000,748670458,20458
10975,748700000,748720458,20458
10976,748750000,748770458,20458
10977,748800000,748820458,20458
10978,748850000,748870458,20458
10979,748900000,748920458,20458
10980,748950000,748970458,20458
10981,749000000,749020458,20458
10982,749050000,749070458,20458
10983,749100000,749120458,20458
10984,749150000,749170458,20458
10985,749200000,749220458,20458
10986,749250000,749270458,20458
10987,749300000,749320458,20458
10988,749350000,749370458,20458
10989,749400000,749420458,20458
10990,749450000,749470458,20458
10991,749500000,749520458,20458
10992,749550000,749570458,20458
10993,749600000,749620458,20458
10994,749650000,749670458,20458
10995,749700000,749720458,20458
10996,749750000,749770458,20458
10997,749800000,749820458,20458
10998,749850000,749870458,20458
10999,749900000,749920458,20458
11000,749950000,749970458,20458
11001,750000000,750020458,20458
11002,750050000,750070458,20458
11003,750100000,750120458,20458
11004,750150000,750170458,20458
11005,750200000,750220458,20458
11006,750250000,750270458,20458
11007,750300000,750320458,20458
11008,750350000,750370458,20458
11009,750400000,750420458,20458
11010,750450000,750470458,20458
11011,750500000,750520458,20458
11012,750550000,750570458,20458
11013,750600000,750620458,20458
11014,750650000,750670458,20458
11015,750700000,750720458,20458
11016,750750000,750770458,20458
11017,750800000,750820458,20458
11018,750850000,750870458,20458
11019,750900000,750920458,20458
11020,750950000,750970458,20458
11021,751000000,751020458,20458
11022,751050000,751070458,20458
11023,751100000,751120458,20458
11024,751150000,751170458,20458
11025,751200000,751220458,20458
11026,751250000,751270458,20458
11027,751300000,751320458,20458
11028,751350000,751370458,20458
11029,751400000,751420458,20458
11030,751450000,751470458,20458
11031,751500000,751520458,20458
11032,751550000,751570458,20458
11033,751600000,751620458,20458
11034,751650000,751670458,20458
11035,751700000,751720458,20458
11036,751750000,751770458,20458
11037,751800000,751820458,20458
11038,751850000,751870458,20458
11039,751900000,751920458,20458
11040,751950000,751970458,20458
11041,752000000,752020458,20458
11042,752050000,752070458,20458
11043,752100000,752120458,20458
11044,752150000,752170458,20458
11045,752200000,752220458,20458
11046,752250000,752270458,20458
11047,752300000,752320458,20458
11048,752350000,752370458,20458
11049,752400000,752420458,20458
11050,752450000,752470458,20458
11051,752500000,752520458,20458
11052,752550000,752570458,20458
11053,752600000,752620458,20458
11054,752650000,752670458,20458
11055,752700000,752720458,20458
11056,752750000,752770458,20458
11057,752800000,752820458,20458
11058,752850000,752870458,20458
11059,752900000,752920458,20458
11060,752950000,752970458,20458
11061,753000000,753020458,20458
11062,753050000,753070458,20458
11063,753100000,753120458,20458
11064,753150000,753170458,20458
11065,753200000,753220458,20458
11066,753250000,753270458,20458
11067,753300000,753320458,20458
11068,753350000,753370458,20458
11069,753400000,753420458,20458
11070,753450000,753470458,20458
11071,753500000,753520458,20458
11072,753550000,753570458,20458
11073,753600000,753620458,20458
11074,753650000,753670458,20458
11075,753700000,753720458,20458
11076,753750000,753770458,20458
11077,753800000,753820458,20458
11078,753850000,753870458,20458
11079,753900000,753920458,20458
11080,753950000,753970458,20458
11081,754000000,754020458,20458
11082,754050000,754070458,20458
11083,754100000,754120458,20458
11084,754150000,754170458,20458
11085,754200000,754220458,20458
11086,754250000,754270458,20458
11087,754300000,754320458,20458
11088,754350000,754370458,20458
11089,754400000,754420458,20458
11090,754450000,754470458,20458
11091,754500000,754520458,20458
11092,754550000,754570458,20458
11093,754600000,754620458,20458
11094,754650000,754670458,20458
11095,754700000,754720458,20458
11096,754750000,754770458,20458
11097,754800000,754820458,20458
11098,754850000,754870458,20458
11099,754900000,754920458,20458
11100,754950000,754970458,20458
11101,755000000,755020458,20458
11102,755050000,755070458,20458
11103,755100000,755120458,20458
11104,755150000,755170458,20458
11105,755200000,755220458,20458
11106,755250000,755270458,20458
11107,755300000,755320458,20458
11108,755350000,755370458,20458
11109,755400000,755420458,20458
11110,755450000,755470458,20458
11111,755500000,755520458,20458
11112,755550000,755570458,20458
11113,755600000,755620458,20458
11114,755650000,755670458,20458
11115,755700000,755720458,20458
11116,755750000,755770458,20458
11117,755800000,755820458,20458
11118,755850000,755870458,20458
11119,755900000,755920458,20458
11120,755950000,755970458,20458
11121,756000000,756020458,20458
11122,756050000,756070458,20458
11123,756100000,756120458,20458
11124,756150000,756170458,20458
11125,756200000,756220458,20458
11126,756250000,756270458,20458
11127,756300000,756320458,20458
11128,756350000,756370458,20458
11129,756400000,756420458,20458
11130,756450000,756470458,20458
11131,756500000,756520458,20458
11132,756550000,756570458,20458
11133,756600000,756620458,20458
11134,756650000,756670458,20458
11135,756700000,756720458,20458
11136,756750000,756770458,20458
11137,756800000,756820458,20458
11138,756850000,756870458,20458
11139,756900000,756920458,20458
11140,756950000,756970458,20458
11141,757000000,757020458,20458
11142,757050000,757070458,20458
11143,757100000,757120458,20458
11144,757150000,757170458,20458
11145,757200000,757220458,20458
11146,757250000,757270458,20458
11147,757300000,757320458,20458
11148,757350000,757370458,20458
11149,757400000,757420458,20458
11150,757450000,757470458,20458
11151,757500000,757520458,20458
11152,757550000,757570458,20458
11153,757600000,757620458,20458
11154,757650000,757670458,20458
11155,757700000,757720458,20458
11156,757750000,757770458,20458
11157,757800000,757820458,20458
11158,757850000,757870458,20458
11159,757900000,757920458,20458
11160,757950000,757970458,20458
11161,758000000,758020458,20458
11162,758050000,758070458,20458
11163,758100000,758120458,20458
11164,758150000,758170458,20458
11165,758200000,758220458,20458
11166,758250000,758270458,20458
11167,758300000,758320458,20458
11168,758350000,758370458,20458
11169,758400000,758420458,20458
11170,758450000,758470458,20458
11171,758500000,758520458,20458
11172,758550000,758570458,20458
11173,758600000,758620458,20458
11174,758650000,758670458,20458
11175,758700000,758720458,20458
11176,758750000,758770458,20458
11177,758800000,758820458,20458
11178,758850000,758870458,20458
11179,758900000,758920458,20458
11180,758950000,758970458,20458
11181,759000000,759020458,20458
11182,759050000,759070458,20458
11183,759100000,759120458,20458
11184,759150000,759170458,20458
11185,759200000,759220458,20458
11186,759250000,759270458,20458
11187,759300000,759320458,20458
11188,759350000,759370458,20458
11189,759400000,759420458,20458
11190,759450000,759470458,20458
11191,759500000,759520458,20458
11192,759550000,759570458,20458
11193,759600000,759620458,20458
11194,759650000,759670458,20458
11195,759700000,759720458,20458
11196,759750000,759770458,20458
11197,759800000,759820458,20458
11198,759850000,759870458,20458
11199,759900000,759920458,20458
11200,759950000,759970458,20458
11201,760000000,760020458,20458
11202,760050000,760070458,20458
11203,760100000,760120458,20458
11204,760150000,760170458,20458
11205,760200000,760220458,20458
11206,760250000,760270458,20458
11207,760300000,760320458,20458
11208,760350000,760370458,20458
11209,760400000,760420458,20458
11210,760450000,760470458,20458
11211,760500000,760520458,20458
11212,760550000,760570458,20458
11213,760600000,760620458,20458
11214,760650000,760670458,20458
11215,760700000,760720458,20458
11216,760750000,760770458,20458
11217,760800000,760820458,20458
11218,760850000,760870458,20458
11219,760900000,760920458,20458
11220,760950000,760970458,20458
11221,761000000,761020458,20458
11222,761050000,761070458,20458
11223,761100000,761120458,20458
11224,761150000,761170458,20458
11225,761200000,761220458,20458
11226,761250000,761270458,20458
11227,761300000,761320458,20458
11228,761350000,761370458,20458
11229,761400000,761420458,20458
11230,761450000,761470458,20458
11231,761500000,761520458,20458
11232,761550000,761570458,20458
11233,761600000,761620458,20458
11234,761650000,761670458,20458
11235,761700000,761720458,20458
11236,761750000,761770458,20458
11237,761800000,761820458,20458
11238,761850000,761870458,20458
11239,761900000,761920458,20458
11240,761950000,761970458,20458
11241,762000000,762020458,20458
11242,762050000,762070458,20458
11243,762100000,762120458,20458
11244,762150000,762170458,20458
11245,762200000,762220458,20458
11246,762250000,762270458,20458
11247,762300000,762320458,20458
11248,762350000,762370458,20458
11249,762400000,762420458,20458
11250,762450000,762470458,20458
11251,762500000,762520458,20458
11252,762550000,762570458,20458
11253,762600000,762620458,20458
11254,762650000,762670458,20458
11255,762700000,762720458,20458
11256,762750000,762770458,20458
11257,762800000,762820458,20458
11258,762850000,762870458,20458
11259,762900000,762920458,20458
11260,762950000,762970458,20458
11261,763000000,763020458,20458
11262,763050000,763070458,20458
11263,763100000,763120458,20458
11264,763150000,763170458,20458
11265,763200000,763220458,20458
11266,763250000,763270458,20458
11267,763300000,763320458,20458
11268,763350000,763370458,20458
11269,763400000,763420458,20458
11270,763450000,763470458,20458
11271,763500000,763520458,20458
11272,763550000,763570458,20458
11273,763600000,763620458,20458
11274,763650000,763670458,20458
11275,763700000,763720458,20458
11276,763750000,763770458,20458
11277,763800000,763820458,20458
11278,763850000,763870458,20458
11279,763900000,763920458,20458
11280,763950000,763970458,20458
11281,764000000,764020458,20458
11282,764050000,764070458,20458
11283,764100000,764120458,20458
11284,764150000,764170458,20458
11285,764200000,764220458,20458
11286,764250000,764270458,20458
11287,764300000,764320458,20458
11288,764350000,764370458,20458
11289,764400000,764420458,20458
11290,764450000,764470458,20458
11291,764500000,764520458,20458
11292,764550000,764570458,20458
11293,764600000,764620458,20458
11294,764650000,764670458,20458
11295,764700000,764720458,20458
11296,764750000,764770458,20458
11297,764800000,764820458,20458
11298,764850000,764870458,20458
11299,764900000,764920458,20458
11300,764950000,764970458,20458
11301,765000000,765020458,20458
11302,765050000,765070458,20458
11303,765100000,765120458,20458
11304,765150000,765170458,20458
11305,765200000,765220458,20458
11306,765250000,765270458,20458
11307,765300000,765320458,20458
11308,765350000,765370458,20458
11309,765400000,765420458,20458
11310,765450000,765470458,20458
11311,765500000,765520458,20458
11312,765550000,765570458,20458
11313,765600000,765620458,20458
11314,765650000,765670458,20458
11315,765700000,765720458,20458
11316,765750000,765770458,20458
11317,765800000,765820458,20458
11318,765850000,765870458,20458
11319,765900000,765920458,20458
11320,765950000,765970458,20458
11321,766000000,766020458,20458
11322,766050000,766070458,20458
11323,766100000,766120458,20458
11324,766150000,766170458,20458
11325,766200000,766220458,20458
11326,766250000,766270458,20458
11327,766300000,766320458,20458
11328,766350000,766370458,20458
11329,766400000,766420458,20458
11330,766450000,766470458,20458
11331,766500000,766520458,20458
11332,766550000,766570458,20458
11333,766600000,766620458,20458
11334,766650000,766670458,20458
11335,766700000,766720458,20458
11336,766750000,766770458,20458
11337,766800000,766820458,20458
11338,766850000,766870458,20458
11339,766900000,766920458,20458
11340,766950000,766970458,20458
11341,767000000,767020458,20458
11342,767050000,767070458,20458
11343,767100000,767120458,20458
11344,767150000,767170458,20458
11345,767200000,767220458,20458
11346,767250000,767270458,20458
11347,767300000,767320458,20458
11348,767350000,767370458,20458
11349,767400000,767420458,20458
11350,767450000,767470458,20458
11351,767500000,767520458,20458
11352,767550000,767570458,20458
11353,767600000,767620458,20458
11354,767650000,767670458,20458
11355,767700000,767720458,20458
11356,767750000,767770458,20458
11357,767800000,767820458,20458
11358,767850000,767870458,20458
11359,767900000,767920458,20458
11360,767950000,767970458,20458
11361,768000000,768020458,20458
11362,768050000,768070458,20458
11363,768100000,768120458,20458
11364,768150000,768170458,20458
11365,768200000,768220458,20458
11366,768250000,768270458,20458
11367,768300000,768320458,20458
11368,768350000,768370458,20458
11369,768400000,768420458,20458
11370,768450000,768470458,20458
11371,768500000,768520458,20458
11372,768550000,768570458,20458
11373,768600000,768620458,20458
11374,768650000,768670458,20458
11375,768700000,768720458,20458
11376,768750000,768770458,20458
11377,768800000,768820458,20458
11378,768850000,768870458,20458
11379,768900000,768920458,20458
11380,768950000,768970458,20458
11381,769000000,769020458,20458
11382,769050000,769070458,20458
11383,769100000,769120458,20458
11384,769150000,769170458,20458
11385,769200000,769220458,20458
11386,769250000,769270458,20458
11387,769300000,769320458,20458
11388,769350000,769370458,20458
11389,769400000,769420458,20458
11390,769450000,769470458,20458
11391,769500000,769520458,20458
11392,769550000,769570458,20458
11393,769600000,769620458,20458
11394,769650000,769670458,20458
11395,769700000,769720458,20458
11396,769750000,769770458,20458
11397,769800000,769820458,20458
11398,769850000,769870458,20458
11399,769900000,769920458,20458
11400,769950000,769970458,20458
11401,770000000,770020458,20458
11402,770050000,770070458,20458
11403,770100000,770120458,20458
11404,770150000,770170458,20458
11405,770200000,770220458,20458
11406,770250000,770270458,20458
11407,770300000,770320458,20458
11408,770350000,770370458,20458
11409,770400000,770420458,20458
11410,770450000,770470458,20458
11411,770500000,770520458,20458
11412,770550000,770570458,20458
11413,770600000,770620458,20458
11414,770650000,770670458,20458
11415,770700000,770720458,20458
11416,770750000,770770458,20458
11417,770800000,770820458,20458
11418,770850000,770870458,20458
11419,770900000,770920458,20458
11420,770950000,770970458,20458
11421,771000000,771020458,20458
11422,771050000,771070458,20458
11423,771100000,771120458,20458
11424,771150000,771170458,20458
11425,771200000,771220458,20458
11426,771250000,771270458,20458
11427,771300000,771320458,20458
11428,771350000,771370458,20458
11429,771400000,771420458,20458
11430,771450000,771470458,20458
11431,771500000,771520458,20458
11432,771550000,771570458,20458
11433,771600000,771620458,20458
11434,771650000,771670458,20458
11435,771700000,771720458,20458
11436,771750000,771770458,20458
11437,771800000,771820458,20458
11438,771850000,771870458,20458
11439,771900000,771920458,20458
11440,771950000,771970458,20458
11441,772000000,772020458,20458
11442,772050000,772070458,20458
11443,772100000,772120458,20458
11444,772150000,772170458,20458
11445,772200000,772220458,20458
11446,772250000,772270458,20458
11447,772300000,772320458,20458
11448,772350000,772370458,20458
11449,772400000,772420458,20458
11450,772450000,772470458,20458
11451,772500000,772520458,20458
11452,772550000,772570458,20458
11453,772600000,772620458,20458
11454,772650000,772670458,20458
11455,772700000,772720458,20458
11456,772750000,772770458,20458
11457,772800000,772820458,20458
11458,772850000,772870458,20458
11459,772900000,772920458,20458
11460,772950000,772970458,20458
11461,773000000,773020458,20458
11462,773050000,773070458,20458
11463,773100000,773120458,20458
11464,773150000,773170458,20458
11465,773200000,773220458,20458
11466,773250000,773270458,20458
11467,773300000,773320458,20458
11468,773350000,773370458,20458
11469,773400000,773420458,20458
11470,773450000,773470458,20458
11471,773500000,773520458,20458
11472,773550000,773570458,20458
11473,773600000,773620458,20458
11474,773650000,773670458,20458
11475,773700000,773720458,20458
11476,773750000,773770458,20458
11477,773800000,773820458,20458
11478,773850000,773870458,20458
11479,773900000,773920458,20458
11480,773950000,773970458,20458
11481,774000000,774020458,20458
11482,774050000,774070458,20458
11483,774100000,774120458,20458
11484,774150000,774170458,20458
11485,774200000,774220458,20458
11486,774250000,774270458,20458
11487,774300000,774320458,20458
11488,774350000,774370458,20458
11489,774400000,774420458,20458
11490,774450000,774470458,20458
11491,774500000,774520458,20458
11492,774550000,774570458,20458
11493,774600000,774620458,20458
11494,774650000,774670458,20458
11495,774700000,774720458,20458
11496,774750000,774770458,20458
11497,774800000,774820458,20458
11498,774850000,774870458,20458
11499,774900000,774920458,20458
11500,774950000,774970458,20458
11501,775000000,775020458,20458
11502,775050000,775070458,20458
11503,775100000,775120458,20458
11504,775150000,775170458,20458
11505,775200000,775220458,20458
11506,775250000,775270458,20458
11507,775300000,775320458,20458
11508,775350000,775370458,20458
11509,775400000,775420458,20458
11510,775450000,775470458,20458
11511,775500000,775520458,20458
11512,775550000,775570458,20458
11513,775600000,775620458,20458
11514,775650000,775670458,20458
11515,775700000,775720458,20458
11516,775750000,775770458,20458
11517,775800000,775820458,20458
11518,775850000,775870458,20458
11519,775900000,775920458,20458
11520,775950000,775970458,20458
11521,776000000,776020458,20458
11522,776050000,776070458,20458
11523,776100000,776120458,20458
11524,776150000,776170458,20458
11525,776200000,776220458,20458
11526,776250000,776270458,20458
11527,776300000,776320458,20458
11528,776350000,776370458,20458
11529,776400000,776420458,20458
11530,776450000,776470458,20458
11531,776500000,776520458,20458
11532,776550000,776570458,20458
11533,776600000,776620458,20458
11534,776650000,776670458,20458
11535,776700000,776720458,20458
11536,776750000,776770458,20458
11537,776800000,776820458,20458
11538,776850000,776870458,20458
11539,776900000,776920458,20458
11540,776950000,776970458,20458
11541,777000000,777020458,20458
11542,777050000,777070458,20458
11543,777100000,777120458,20458
11544,777150000,777170458,20458
11545,777200000,777220458,20458
11546,777250000,777270458,20458
11547,777300000,777320458,20458
11548,777350000,777370458,20458
11549,777400000,777420458,20458
11550,777450000,777470458,20458
11551,777500000,777520458,20458
11552,777550000,777570458,20458
11553,777600000,777620458,20458
11554,777650000,777670458,20458
11555,777700000,777720458,20458
11556,777750000,777770458,20458
11557,777800000,777820458,20458
11558,777850000,777870458,20458
11559,777900000,777920458,20458
11560,777950000,777970458,20458
11561,778000000,778020458,20458
11562,778050000,778070458,20458
11563,778100000,778120458,20458
11564,778150000,778170458,20458
11565,778200000,778220458,20458
11566,778250000,778270458,20458
11567,778300000,778320458,20458
11568,778350000,778370458,20458
11569,778400000,778420458,20458
11570,778450000,778470458,20458
11571,778500000,778520458,20458
11572,778550000,778570458,20458
11573,778600000,778620458,20458
11574,778650000,778670458,20458
11575,778700000,778720458,20458
11576,778750000,778770458,20458
11577,778800000,778820458,20458
11578,778850000,778870458,20458
11579,778900000,778920458,20458
11580,778950000,778970458,20458
11581,779000000,779020458,20458
11582,779050000,779070458,20458
11583,779100000,779120458,20458
11584,779150000,779170458,20458
11585,779200000,779220458,20458
11586,779250000,779270458,20458
11587,779300000,779320458,20458
11588,779350000,779370458,20458
11589,779400000,779420458,20458
11590,779450000,779470458,20458
11591,779500000,779520458,20458
11592,779550000,779570458,20458
11593,779600000,779620458,20458
11594,779650000,779670458,20458
11595,779700000,779720458,20458
11596,779750000,779770458,20458
11597,779800000,779820458,20458
11598,779850000,779870458,20458
11599,779900000,779920458,20458
11600,779950000,779970458,20458
11601,780000000,780020458,20458
11602,780050000,780070458,20458
11603,780100000,780120458,20458
11604,780150000,780170458,20458
11605,780200000,780220458,20458
11606,780250000,780270458,20458
11607,780300000,780320458,20458
11608,780350000,780370458,20458
11609,780400000,780420458,20458
11610,780450000,780470458,20458
11611,780500000,780520458,20458
11612,780550000,780570458,20458
11613,780600000,780620458,20458
11614,780650000,780670458,20458
11615,780700000,780720458,20458
11616,780750000,780770458,20458
11617,780800000,780820458,20458
11618,780850000,780870458,20458
11619,780900000,780920458,20458
11620,780950000,780970458,20458
11621,781000000,781020458,20458
11622,781050000,781070458,20458
11623,781100000,781120458,20458
11624,781150000,781170458,20458
11625,781200000,781220458,20458
11626,781250000,781270458,20458
11627,781300000,781320458,20458
11628,781350000,781370458,20458
11629,781400000,781420458,20458
11630,781450000,781470458,20458
11631,781500000,781520458,20458
11632,781550000,781570458,20458
11633,781600000,781620458,20458
11634,781650000,781670458,20458
11635,781700000,781720458,20458
11636,781750000,781770458,20458
11637,781800000,781820458,20458
11638,781850000,781870458,20458
11639,781900000,781920458,20458
11640,781950000,781970458,20458
11641,782000000,782020458,20458
11642,782050000,782070458,20458
11643,782100000,782120458,20458
11644,782150000,782170458,20458
11645,782200000,782220458,20458
11646,782250000,782270458,20458
11647,782300000,782320458,20458
11648,782350000,782370458,20458
11649,782400000,782420458,20458
11650,782450000,782470458,20458
11651,782500000,782520458,20458
11652,782550000,782570458,20458
11653,782600000,782620458,20458
11654,782650000,782670458,20458
11655,782700000,782720458,20458
11656,782750000,782770458,20458
11657,782800000,782820458,20458
11658,782850000,782870458,20458
11659,782900000,782920458,20458
11660,782950000,782970458,20458
11661,783000000,783020458,20458
11662,783050000,783070458,20458
11663,783100000,783120458,20458
11664,783150000,783170458,20458
11665,783200000,783220458,20458
11666,783250000,783270458,20458
11667,783300000,783320458,20458
11668,783350000,783370458,20458
11669,783400000,783420458,20458
11670,783450000,783470458,20458
11671,783500000,783520458,20458
11672,783550000,783570458,20458
11673,783600000,783620458,20458
11674,783650000,783670458,20458
11675,783700000,783720458,20458
11676,783750000,783770458,20458
11677,783800000,783820458,20458
11678,783850000,783870458,20458
11679,783900000,783920458,20458
11680,783950000,783970458,20458
11681,784000000,784020458,20458
11682,784050000,784070458,20458
11683,784100000,784120458,20458
11684,784150000,784170458,20458
11685,784200000,784220458,20458
11686,784250000,784270458,20458
11687,784300000,784320458,20458
11688,784350000,784370458,20458
11689,784400000,784420458,20458
11690,784450000,784470458,20458
11691,784500000,784520458,20458
11692,784550000,784570458,20458
11693,784600000,784620458,20458
11694,784650000,784670458,20458
11695,784700000,784720458,20458
11696,784750000,784770458,20458
11697,784800000,784820458,20458
11698,784850000,784870458,20458
11699,784900000,784920458,20458
11700,784950000,784970458,20458
11701,785000000,785020458,20458
11702,785050000,785070458,20458
11703,785100000,785120458,20458
11704,785150000,785170458,20458
11705,785200000,785220458,20458
11706,785250000,785270458,20458
11707,785300000,785320458,20458
11708,785350000,785370458,20458
11709,785400000,785420458,20458
11710,785450000,785470458,20458
11711,785500000,785520458,20458
11712,785550000,785570458,20458
11713,785600000,785620458,20458
11714,785650000,785670458,20458
11715,785700000,785720458,20458
11716,785750000,785770458,20458
11717,785800000,785820458,20458
11718,785850000,785870458,20458
11719,785900000,785920458,20458
11720,785950000,785970458,20458
11721,786000000,786020458,20458
11722,786050000,786070458,20458
11723,786100000,786120458,20458
11724,786150000,786170458,20458
11725,786200000,786220458,20458
11726,786250000,786270458,20458
11727,786300000,786320458,20458
11728,786350000,786370458,20458
11729,786400000,786420458,20458
11730,786450000,786470458,20458
11731,786500000,786520458,20458
11732,786550000,786570458,20458
11733,786600000,786620458,20458
11734,786650000,786670458,20458
11735,786700000,786720458,20458
11736,786750000,786770458,20458
11737,786800000,786820458,20458
11738,786850000,786870458,20458
11739,786900000,786920458,20458
11740,786950000,786970458,20458
11741,787000000,787020458,20458
11742,787050000,787070458,20458
11743,787100000,787120458,20458
11744,787150000,787170458,20458
11745,787200000,787220458,20458
11746,787250000,787270458,20458
11747,787300000,787320458,20458
11748,787350000,787370458,20458
11749,787400000,787420458,20458
11750,787450000,787470458,20458
11751,787500000,787520458,20458
11752,787550000,787570458,20458
11753,787600000,787620458,20458
11754,787650000,787670458,20458
11755,787700000,787720458,20458
11756,787750000,787770458,20458
11757,787800000,787820458,20458
11758,787850000,787870458,20458
11759,787900000,787920458,20458
11760,787950000,787970458,20458
11761,788000000,788020458,20458
11762,788050000,788070458,20458
11763,788100000,788120458,20458
11764,788150000,788170458,20458
11765,788200000,788220458,20458
11766,788250000,788270458,20458
11767,788300000,788320458,20458
11768,788350000,788370458,20458
11769,788400000,788420458,20458
11770,788450000,788470458,20458
11771,788500000,788520458,20458
11772,788550000,788570458,20458
11773,788600000,788620458,20458
11774,788650000,788670458,20458
11775,788700000,788720458,20458
11776,788750000,788770458,20458
11777,788800000,788820458,20458
11778,788850000,788870458,20458
11779,788900000,788920458,20458
11780,788950000,788970458,20458
11781,789000000,789020458,20458
11782,789050000,789070458,20458
11783,789100000,789120458,20458
11784,789150000,789170458,20458
11785,789200000,789220458,20458
11786,789250000,789270458,20458
11787,789300000,789320458,20458
11788,789350000,789370458,20458
11789,789400000,789420458,20458
11790,789450000,789470458,20458
11791,789500000,789520458,20458
11792,789550000,789570458,20458
11793,789600000,789620458,20458
11794,789650000,789670458,20458
11795,789700000,789720458,20458
11796,789750000,789770458,20458
11797,789800000,789820458,20458
11798,789850000,789870458,20458
11799,789900000,789920458,20458
11800,789950000,789970458,20458
11801,790000000,790020458,20458
11802,790050000,790070458,20458
11803,790100000,790120458,20458
11804,790150000,790170458,20458
11805,790200000,790220458,20458
11806,790250000,790270458,20458
11807,790300000,790320458,20458
11808,790350000,790370458,20458
11809,790400000,790420458,20458
11810,790450000,790470458,20458
11811,790500000,790520458,20458
11812,790550000,790570458,20458
11813,790600000,790620458,20458
11814,790650000,790670458,20458
11815,790700000,790720458,20458
11816,790750000,790770458,20458
11817,790800000,790820458,20458
11818,790850000,790870458,20458
11819,790900000,790920458,20458
11820,790950000,790970458,20458
11821,791000000,791020458,20458
11822,791050000,791070458,20458
11823,791100000,791120458,20458
11824,791150000,791170458,20458
11825,791200000,791220458,20458
11826,791250000,791270458,20458
11827,791300000,791320458,20458
11828,791350000,791370458,20458
11829,791400000,791420458,20458
11830,791450000,791470458,20458
11831,791500000,791520458,20458
11832,791550000,791570458,20458
11833,791600000,791620458,20458
11834,791650000,791670458,20458
11835,791700000,791720458,20458
11836,791750000,791770458,20458
11837,791800000,791820458,20458
11838,791850000,791870458,20458
11839,791900000,791920458,20458
11840,791950000,791970458,20458
11841,792000000,792020458,20458
11842,792050000,792070458,20458
11843,792100000,792120458,20458
11844,792150000,792170458,20458
11845,792200000,792220458,20458
11846,792250000,792270458,20458
11847,792300000,792320458,20458
11848,792350000,792370458,20458
11849,792400000,792420458,20458
11850,792450000,792470458,20458
11851,792500000,792520458,20458
11852,792550000,792570458,20458
11853,792600000,792620458,20458
11854,792650000,792670458,20458
11855,792700000,792720458,20458
11856,792750000,792770458,20458
11857,792800000,792820458,20458
11858,792850000,792870458,20458
11859,792900000,792920458,20458
11860,792950000,792970458,20458
11861,793000000,793020458,20458
11862,793050000,793070458,20458
11863,793100000,793120458,20458
11864,793150000,793170458,20458
11865,793200000,793220458,20458
11866,793250000,793270458,20458
11867,793300000,793320458,20458
11868,793350000,793370458,20458
11869,793400000,793420458,20458
11870,793450000,793470458,20458
11871,793500000,793520458,20458
11872,793550000,793570458,20458
11873,793600000,793620458,20458
11874,793650000,793670458,20458
11875,793700000,793720458,20458
11876,793750000,793770458,20458
11877,793800000,793820458,20458
11878,793850000,793870458,20458
11879,793900000,793920458,20458
11880,793950000,793970458,20458
11881,794000000,794020458,20458
11882,794050000,794070458,20458
11883,794100000,794120458,20458
11884,794150000,794170458,20458
11885,794200000,794220458,20458
11886,794250000,794270458,20458
11887,794300000,794320458,20458
11888,794350000,794370458,20458
11889,794400000,794420458,20458
11890,794450000,794470458,20458
11891,794500000,794520458,20458
11892,794550000,794570458,20458
11893,794600000,794620458,20458
11894,794650000,794670458,20458
11895,794700000,794720458,20458
11896,794750000,794770458,20458
11897,794800000,794820458,20458
11898,794850000,794870458,20458
11899,794900000,794920458,20458
11900,794950000,794970458,20458
11901,795000000,795020458,20458
11902,795050000,795070458,20458
11903,795100000,795120458,20458
11904,795150000,795170458,20458
11905,795200000,795220458,20458
11906,795250000,795270458,20458
11907,795300000,795320458,20458
11908,795350000,795370458,20458
11909,795400000,795420458,20458
11910,795450000,795470458,20458
11911,795500000,795520458,20458
11912,795550000,795570458,20458
11913,795600000,795620458,20458
11914,795650000,795670458,20458
11915,795700000,795720458,20458
11916,795750000,795770458,20458
11917,795800000,795820458,20458
11918,795850000,795870458,20458
11919,795900000,795920458,20458
11920,795950000,795970458,20458
11921,796000000,796020458,20458
11922,796050000,796070458,20458
11923,796100000,796120458,20458
11924,796150000,796170458,20458
11925,796200000,796220458,20458
11926,796250000,796270458,20458
11927,796300000,796320458,20458
11928,796350000,796370458,20458
11929,796400000,796420458,20458
11930,796450000,796470458,20458
11931,796500000,796520458,20458
11932,796550000,796570458,20458
11933,796600000,796620458,20458
11934,796650000,796670458,20458
11935,796700000,796720458,20458
11936,796750000,796770458,20458
11937,796800000,796820458,20458
11938,796850000,796870458,20458
11939,796900000,796920458,20458
11940,796950000,796970458,20458
11941,797000000,797020458,20458
11942,797050000,797070458,20458
11943,797100000,797120458,20458
11944,797150000,797170458,20458
11945,797200000,797220458,20458
11946,797250000,797270458,20458
11947,797300000,797320458,20458
11948,797350000,797370458,20458
11949,797400000,797420458,20458
11950,797450000,797470458,20458
11951,797500000,797520458,20458
11952,797550000,797570458,20458
11953,797600000,797620458,20458
11954,797650000,797670458,20458
11955,797700000,797720458,20458
11956,797750000,797770458,20458
11957,797800000,797820458,20458
11958,797850000,797870458,20458
11959,797900000,797920458,20458
11960,797950000,797970458,20458
11961,798000000,798020458,20458
11962,798050000,798070458,20458
11963,798100000,798120458,20458
11964,798150000,798170458,20458
11965,798200000,798220458,20458
11966,798250000,798270458,20458
11967,798300000,798320458,20458
11968,798350000,798370458,20458
11969,798400000,798420458,20458
11970,798450000,798470458,20458
11971,798500000,798520458,20458
11972,798550000,798570458,20458
11973,798600000,798620458,20458
11974,798650000,798670458,20458
11975,798700000,798720458,20458
11976,798750000,798770458,20458
11977,798800000,798820458,20458
11978,798850000,798870458,20458
11979,798900000,798920458,20458
11980,798950000,798970458,20458
11981,799000000,799020458,20458
11982,799050000,799070458,20458
11983,799100000,799120458,20458
11984,799150000,799170458,20458
11985,799200000,799220458,20458
11986,799250000,799270458,20458
11987,799300000,799320458,20458
11988,799350000,799370458,20458
11989,799400000,799420458,20458
11990,799450000,799470458,20458
11991,799500000,799520458,20458
11992,799550000,799570458,20458
11993,799600000,799620458,20458
11994,799650000,799670458,20458
11995,799700000,799720458,20458
11996,799750000,799770458,20458
11997,799800000,799820458,20458
11998,799850000,799870458,20458
11999,799900000,799920458,20458
12000,799950000,799970458,20458
12001,800000000,800020458,20458
12002,800050000,800070458,20458
12003,800100000,800120458,20458
12004,800150000,800170458,20458
12005,800200000,800220458,20458
12006,800250000,800270458,20458
12007,800300000,800320458,20458
12008,800350000,800370458,20458
12009,800400000,800420458,20458
12010,800450000,800470458,20458
12011,800500000,800520458,20458
12012,800550000,800570458,20458
12013,800600000,800620458,20458
12014,800650000,800670458,20458
12015,800700000,800720458,20458
12016,800750000,800770458,20458
12017,800800000,800820458,20458
12018,800850000,800870458,20458
12019,800900000,800920458,20458
12020,800950000,800970458,20458
12021,801000000,801020458,20458
12022,801050000,801070458,20458
12023,801100000,801120458,20458
12024,801150000,801170458,20458
12025,801200000,801220458,20458
12026,801250000,801270458,20458
12027,801300000,801320458,20458
12028,801350000,801370458,20458
12029,801400000,801420458,20458
12030,801450000,801470458,20458
12031,801500000,801520458,20458
12032,801550000,801570458,20458
12033,801600000,801620458,20458
12034,801650000,801670458,20458
12035,801700000,801720458,20458
12036,801750000,801770458,20458
12037,801800000,801820458,20458
12038,801850000,801870458,20458
12039,801900000,801920458,20458
12040,801950000,801970458,20458
12041,802000000,802020458,20458
12042,802050000,802070458,20458
12043,802100000,802120458,20458
12044,802150000,802170458,20458
12045,802200000,802220458,20458
12046,802250000,802270458,20458
12047,802300000,802320458,20458
12048,802350000,802370458,20458
12049,802400000,802420458,20458
12050,802450000,802470458,20458
12051,802500000,802520458,20458
12052,802550000,802570458,20458
12053,802600000,802620458,20458
12054,802650000,802670458,20458
12055,802700000,802720458,20458
12056,802750000,802770458,20458
12057,802800000,802820458,20458
12058,802850000,802870458,20458
12059,802900000,802920458,20458
12060,802950000,802970458,20458
12061,803000000,803020458,20458
12062,803050000,803070458,20458
12063,803100000,803120458,20458
12064,803150000,803170458,20458
12065,803200000,803220458,20458
12066,803250000,803270458,20458
12067,803300000,803320458,20458
12068,803350000,803370458,20458
12069,803400000,803420458,20458
12070,803450000,803470458,20458
12071,803500000,803520458,20458
12072,803550000,803570458,20458
12073,803600000,803620458,20458
12074,803650000,803670458,20458
12075,803700000,803720458,20458
12076,803750000,803770458,20458
12077,803800000,803820458,20458
12078,803850000,803870458,20458
12079,803900000,803920458,20458
12080,803950000,803970458,20458
12081,804000000,804020458,20458
12082,804050000,804070458,20458
12083,804100000,804120458,20458
12084,804150000,804170458,20458
12085,804200000,804220458,20458
12086,804250000,804270458,20458
12087,804300000,804320458,20458
12088,804350000,804370458,20458
12089,804400000,804420458,20458
12090,804450000,804470458,20458
12091,804500000,804520458,20458
12092,804550000,804570458,20458
12093,804600000,804620458,20458
12094,804650000,804670458,20458
12095,804700000,804720458,20458
12096,804750000,804770458,20458
12097,804800000,804820458,20458
12098,804850000,804870458,20458
12099,804900000,804920458,20458
12100,804950000,804970458,20458
12101,805000000,805020458,20458
12102,805050000,805070458,20458
12103,805100000,805120458,20458
12104,805150000,805170458,20458
12105,805200000,805220458,20458
12106,805250000,805270458,20458
12107,805300000,805320458,20458
12108,805350000,805370458,20458
12109,805400000,805420458,20458
12110,805450000,805470458,20458
12111,805500000,805520458,20458
12112,805550000,805570458,20458
12113,805600000,805620458,20458
12114,805650000,805670458,20458
12115,805700000,805720458,20458
12116,805750000,805770458,20458
12117,805800000,805820458,20458
12118,805850000,805870458,20458
12119,805900000,805920458,20458
12120,805950000,805970458,20458
12121,806000000,806020458,20458
12122,806050000,806070458,20458
12123,806100000,806120458,20458
12124,806150000,806170458,20458
12125,806200000,806220458,20458
12126,806250000,806270458,20458
12127,806300000,806320458,20458
12128,806350000,806370458,20458
12129,806400000,806420458,20458
12130,806450000,806470458,20458
12131,806500000,806520458,20458
12132,806550000,806570458,20458
12133,806600000,806620458,20458
12134,806650000,806670458,20458
12135,806700000,806720458,20458
12136,806750000,806770458,20458
12137,806800000,806820458,20458
12138,806850000,806870458,20458
12139,806900000,806920458,20458
12140,806950000,806970458,20458
12141,807000000,807020458,20458
12142,807050000,807070458,20458
12143,807100000,807120458,20458
12144,807150000,807170458,20458
12145,807200000,807220458,20458
12146,807250000,807270458,20458
12147,807300000,807320458,20458
12148,807350000,807370458,20458
12149,807400000,807420458,20458
12150,807450000,807470458,20458
12151,807500000,807520458,20458
12152,807550000,807570458,20458
12153,807600000,807620458,20458
12154,807650000,807670458,20458
12155,807700000,807720458,20458
12156,807750000,807770458,20458
12157,807800000,807820458,20458
12158,807850000,807870458,20458
12159,807900000,807920458,20458
12160,807950000,807970458,20458
12161,808000000,808020458,20458
12162,808050000,808070458,20458
12163,808100000,808120458,20458
12164,808150000,808170458,20458
12165,808200000,808220458,20458
12166,808250000,808270458,20458
12167,808300000,808320458,20458
12168,808350000,808370458,20458
12169,808400000,808420458,20458
12170,808450000,808470458,20458
12171,808500000,808520458,20458
12172,808550000,808570458,20458
12173,808600000,808620458,20458
12174,808650000,808670458,20458
12175,808700000,808720458,20458
12176,808750000,808770458,20458
12177,808800000,808820458,20458
12178,808850000,808870458,20458
12179,808900000,808920458,20458
12180,808950000,808970458,20458
12181,809000000,809020458,20458
12182,809050000,809070458,20458
12183,809100000,809120458,20458
12184,809150000,809170458,20458
12185,809200000,809220458,20458
12186,809250000,809270458,20458
12187,809300000,809320458,20458
12188,809350000,809370458,20458
12189,809400000,809420458,20458
12190,809450000,809470458,20458
12191,809500000,809520458,20458
12192,809550000,809570458,20458
12193,809600000,809620458,20458
12194,809650000,809670458,20458
12195,809700000,809720458,20458
12196,809750000,809770458,20458
12197,809800000,809820458,20458
12198,809850000,809870458,20458
12199,809900000,809920458,20458
12200,809950000,809970458,20458
12201,810000000,810020458,20458
12202,810050000,810070458,20458
12203,810100000,810120458,20458
12204,810150000,810170458,20458
12205,810200000,810220458,20458
12206,810250000,810270458,20458
12207,810300000,810320458,20458
12208,810350000,810370458,20458
12209,810400000,810420458,20458
12210,810450000,810470458,20458
12211,810500000,810520458,20458
12212,810550000,810570458,20458
12213,810600000,810620458,20458
12214,810650000,810670458,20458
12215,810700000,810720458,20458
12216,810750000,810770458,20458
12217,810800000,810820458,20458
12218,810850000,810870458,20458
12219,810900000,810920458,20458
12220,810950000,810970458,20458
12221,811000000,811020458,20458
12222,811050000,811070458,20458
12223,811100000,811120458,20458
12224,811150000,811170458,20458
12225,811200000,811220458,20458
12226,811250000,811270458,20458
12227,811300000,811320458,20458
12228,811350000,811370458,20458
12229,811400000,811420458,20458
12230,811450000,811470458,20458
12231,811500000,811520458,20458
12232,811550000,811570458,20458
12233,811600000,811620458,20458
12234,811650000,811670458,20458
12235,811700000,811720458,20458
12236,811750000,811770458,20458
12237,811800000,811820458,20458
12238,811850000,811870458,20458
12239,811900000,811920458,20458
12240,811950000,811970458,20458
12241,812000000,812020458,20458
12242,812050000,812070458,20458
12243,812100000,812120458,20458
12244,812150000,812170458,20458
12245,812200000,812220458,20458
12246,812250000,812270458,20458
12247,812300000,812320458,20458
12248,812350000,812370458,20458
12249,812400000,812420458,20458
12250,812450000,812470458,20458
12251,812500000,812520458,20458
12252,812550000,812570458,20458
12253,812600000,812620458,20458
12254,812650000,812670458,20458
12255,812700000,812720458,20458
12256,812750000,812770458,20458
12257,812800000,812820458,20458
12258,812850000,812870458,20458
12259,812900000,812920458,20458
12260,812950000,812970458,20458
12261,813000000,813020458,20458
12262,813050000,813070458,20458
12263,813100000,813120458,20458
12264,813150000,813170458,20458
12265,813200000,813220458,20458
12266,813250000,813270458,20458
12267,813300000,813320458,20458
12268,813350000,813370458,20458
12269,813400000,813420458,20458
12270,813450000,813470458,20458
12271,813500000,813520458,20458
12272,813550000,813570458,20458
12273,813600000,813620458,20458
12274,813650000,813670458,20458
12275,813700000,813720458,20458
12276,813750000,813770458,20458
12277,813800000,813820458,20458
12278,813850000,813870458,20458
12279,813900000,813920458,20458
12280,813950000,813970458,20458
12281,814000000,814020458,20458
12282,814050000,814070458,20458
12283,814100000,814120458,20458
12284,814150000,814170458,20458
12285,814200000,814220458,20458
12286,814250000,814270458,20458
12287,814300000,814320458,20458
12288,814350000,814370458,20458
12289,814400000,814420458,20458
12290,814450000,814470458,20458
12291,814500000,814520458,20458
12292,814550000,814570458,20458
12293,814600000,814620458,20458
12294,814650000,814670458,20458
12295,814700000,814720458,20458
12296,814750000,814770458,20458
12297,814800000,814820458,20458
12298,814850000,814870458,20458
12299,814900000,814920458,20458
12300,814950000,814970458,20458
12301,815000000,815020458,20458
12302,815050000,815070458,20458
12303,815100000,815120458,20458
12304,815150000,815170458,20458
12305,815200000,815220458,20458
12306,815250000,815270458,20458
12307,815300000,815320458,20458
12308,815350000,815370458,20458
12309,815400000,815420458,20458
12310,815450000,815470458,20458
12311,815500000,815520458,20458
12312,815550000,815570458,20458
12313,815600000,815620458,20458
12314,815650000,815670458,20458
12315,815700000,815720458,20458
12316,815750000,815770458,20458
12317,815800000,815820458,20458
12318,815850000,815870458,20458
12319,815900000,815920458,20458
12320,815950000,815970458,20458
12321,816000000,816020458,20458
12322,816050000,816070458,20458
12323,816100000,816120458,20458
12324,816150000,816170458,20458
12325,816200000,816220458,20458
12326,816250000,816270458,20458
12327,816300000,816320458,20458
12328,816350000,816370458,20458
12329,816400000,816420458,20458
12330,816450000,816470458,20458
12331,816500000,816520458,20458
12332,816550000,816570458,20458
12333,816600000,816620458,20458
12334,816650000,816670458,20458
12335,816700000,816720458,20458
12336,816750000,816770458,20458
12337,816800000,816820458,20458
12338,816850000,816870458,20458
12339,816900000,816920458,20458
12340,816950000,816970458,20458
12341,817000000,817020458,20458
12342,817050000,817070458,20458
12343,817100000,817120458,20458
12344,817150000,817170458,20458
12345,817200000,817220458,20458
12346,817250000,817270458,20458
12347,817300000,817320458,20458
12348,817350000,817370458,20458
12349,817400000,817420458,20458
12350,817450000,817470458,20458
12351,817500000,817520458,20458
12352,817550000,817570458,20458
12353,817600000,817620458,20458
12354,817650000,817670458,20458
12355,817700000,817720458,20458
12356,817750000,817770458,20458
12357,817800000,817820458,20458
12358,817850000,817870458,20458
12359,817900000,817920458,20458
12360,817950000,817970458,20458
12361,818000000,818020458,20458
12362,818050000,818070458,20458
12363,818100000,818120458,20458
12364,818150000,818170458,20458
12365,818200000,818220458,20458
12366,818250000,818270458,20458
12367,818300000,818320458,20458
12368,818350000,818370458,20458
12369,818400000,818420458,20458
12370,818450000,818470458,20458
12371,818500000,818520458,20458
12372,818550000,818570458,20458
12373,818600000,818620458,20458
12374,818650000,818670458,20458
12375,818700000,818720458,20458
12376,818750000,818770458,20458
12377,818800000,818820458,20458
12378,818850000,818870458,20458
12379,818900000,818920458,20458
12380,818950000,818970458,20458
12381,819000000,819020458,20458
12382,819050000,819070458,20458
12383,819100000,819120458,20458
12384,819150000,819170458,20458
12385,819200000,819220458,20458
12386,819250000,819270458,20458
12387,819300000,819320458,20458
12388,819350000,819370458,20458
12389,819400000,819420458,20458
12390,819450000,819470458,20458
12391,819500000,819520458,20458
12392,819550000,819570458,20458
12393,819600000,819620458,20458
12394,819650000,819670458,20458
12395,819700000,819720458,20458
12396,819750000,819770458,20458
12397,819800000,819820458,20458
12398,819850000,819870458,20458
12399,819900000,819920458,20458
12400,819950000,819970458,20458
12401,820000000,820020458,20458
12402,820050000,820070458,20458
12403,820100000,820120458,20458
12404,820150000,820170458,20458
12405,820200000,820220458,20458
12406,820250000,820270458,20458
12407,820300000,820320458,20458
12408,820350000,820370458,20458
12409,820400000,820420458,20458
12410,820450000,820470458,20458
12411,820500000,820520458,20458
12412,820550000,820570458,20458
12413,820600000,820620458,20458
12414,820650000,820670458,20458
12415,820700000,820720458,20458
12416,820750000,820770458,20458
12417,820800000,820820458,20458
12418,820850000,820870458,20458
12419,820900000,820920458,20458
12420,820950000,820970458,20458
12421,821000000,821020458,20458
12422,821050000,821070458,20458
12423,821100000,821120458,20458
12424,821150000,821170458,20458
12425,821200000,821220458,20458
12426,821250000,821270458,20458
12427,821300000,821320458,20458
12428,821350000,821370458,20458
12429,821400000,821420458,20458
12430,821450000,821470458,20458
12431,821500000,821520458,20458
12432,821550000,821570458,20458
12433,821600000,821620458,20458
12434,821650000,821670458,20458
12435,821700000,821720458,20458
12436,821750000,821770458,20458
12437,821800000,821820458,20458
12438,821850000,821870458,20458
12439,821900000,821920458,20458
12440,821950000,821970458,20458
12441,822000000,822020458,20458
12442,822050000,822070458,20458
12443,822100000,822120458,20458
12444,822150000,822170458,20458
12445,822200000,822220458,20458
12446,822250000,822270458,20458
12447,822300000,822320458,20458
12448,822350000,822370458,20458
12449,822400000,822420458,20458
12450,822450000,822470458,20458
12451,822500000,822520458,20458
12452,822550000,822570458,20458
12453,822600000,822620458,20458
12454,822650000,822670458,20458
12455,822700000,822720458,20458
12456,822750000,822770458,20458
12457,822800000,822820458,20458
12458,822850000,822870458,20458
12459,822900000,822920458,20458
12460,822950000,822970458,20458
12461,823000000,823020458,20458
12462,823050000,823070458,20458
12463,823100000,823120458,20458
12464,823150000,823170458,20458
12465,823200000,823220458,20458
12466,823250000,823270458,20458
12467,823300000,823320458,20458
12468,823350000,823370458,20458
12469,823400000,823420458,20458
12470,823450000,823470458,20458
12471,823500000,823520458,20458
12472,823550000,823570458,20458
12473,823600000,823620458,20458
12474,823650000,823670458,20458
12475,823700000,823720458,20458
12476,823750000,823770458,20458
12477,823800000,823820458,20458
12478,823850000,823870458,20458
12479,823900000,823920458,20458
12480,823950000,823970458,20458
12481,824000000,824020458,20458
12482,824050000,824070458,20458
12483,824100000,824120458,20458
12484,824150000,824170458,20458
12485,824200000,824220458,20458
12486,824250000,824270458,20458
12487,824300000,824320458,20458
12488,824350000,824370458,20458
12489,824400000,824420458,20458
12490,824450000,824470458,20458
12491,824500000,824520458,20458
12492,824550000,824570458,20458
12493,824600000,824620458,20458
12494,824650000,824670458,20458
12495,824700000,824720458,20458
12496,824750000,824770458,20458
12497,824800000,824820458,20458
12498,824850000,824870458,20458
12499,824900000,824920458,20458
12500,824950000,824970458,20458
12501,825000000,825020458,20458
12502,825050000,825070458,20458
12503,825100000,825120458,20458
12504,825150000,825170458,20458
12505,825200000,825220458,20458
12506,825250000,825270458,20458
12507,825300000,825320458,20458
12508,825350000,825370458,20458
12509,825400000,825420458,20458
12510,825450000,825470458,20458
12511,825500000,825520458,20458
12512,825550000,825570458,20458
12513,825600000,825620458,20458
12514,825650000,825670458,20458
12515,825700000,825720458,20458
12516,825750000,825770458,20458
12517,825800000,825820458,20458
12518,825850000,825870458,20458
12519,825900000,825920458,20458
12520,825950000,825970458,20458
12521,826000000,826020458,20458
12522,826050000,826070458,20458
12523,826100000,826120458,20458
12524,826150000,826170458,20458
12525,826200000,826220458,20458
12526,826250000,826270458,20458
12527,826300000,826320458,20458
12528,826350000,826370458,20458
12529,826400000,826420458,20458
12530,826450000,826470458,20458
12531,826500000,826520458,20458
12532,826550000,826570458,20458
12533,826600000,826620458,20458
12534,826650000,826670458,20458
12535,826700000,826720458,20458
12536,826750000,826770458,20458
12537,826800000,826820458,20458
12538,826850000,826870458,20458
12539,826900000,826920458,20458
12540,826950000,826970458,20458
12541,827000000,827020458,20458
12542,827050000,827070458,20458
12543,827100000,827120458,20458
12544,827150000,827170458,20458
12545,827200000,827220458,20458
12546,827250000,827270458,20458
12547,827300000,827320458,20458
12548,827350000,827370458,20458
12549,827400000,827420458,20458
12550,827450000,827470458,20458
12551,827500000,827520458,20458
12552,827550000,827570458,20458
12553,827600000,827620458,20458
12554,827650000,827670458,20458
12555,827700000,827720458,20458
12556,827750000,827770458,20458
12557,827800000,827820458,20458
12558,827850000,827870458,20458
12559,827900000,827920458,20458
12560,827950000,827970458,20458
12561,828000000,828020458,20458
12562,828050000,828070458,20458
12563,828100000,828120458,20458
12564,828150000,828170458,20458
12565,828200000,828220458,20458
12566,828250000,828270458,20458
12567,828300000,828320458,20458
12568,828350000,828370458,20458
12569,828400000,828420458,20458
12570,828450000,828470458,20458
12571,828500000,828520458,20458
12572,828550000,828570458,20458
12573,828600000,828620458,20458
12574,828650000,828670458,20458
12575,828700000,828720458,20458
12576,828750000,828770458,20458
12577,828800000,828820458,20458
12578,828850000,828870458,20458
12579,828900000,828920458,20458
12580,828950000,828970458,20458
12581,829000000,829020458,20458
12582,829050000,829070458,20458
12583,829100000,829120458,20458
12584,829150000,829170458,20458
12585,829200000,829220458,20458
12586,829250000,829270458,20458
12587,829300000,829320458,20458
12588,829350000,829370458,20458
12589,829400000,829420458,20458
12590,829450000,829470458,20458
12591,829500000,829520458,20458
12592,829550000,829570458,20458
12593,829600000,829620458,20458
12594,829650000,829670458,20458
12595,829700000,829720458,20458
12596,829750000,829770458,20458
12597,829800000,829820458,20458
12598,829850000,829870458,20458
12599,829900000,829920458,20458
12600,829950000,829970458,20458
12601,830000000,830020458,20458
12602,830050000,830070458,20458
12603,830100000,830120458,20458
12604,830150000,830170458,20458
12605,830200000,830220458,20458
12606,830250000,830270458,20458
12607,830300000,830320458,20458
12608,830350000,830370458,20458
12609,830400000,830420458,20458
12610,830450000,830470458,20458
12611,830500000,830520458,20458
12612,830550000,830570458,20458
12613,830600000,830620458,20458
12614,830650000,830670458,20458
12615,830700000,830720458,20458
12616,830750000,830770458,20458
12617,830800000,830820458,20458
12618,830850000,830870458,20458
12619,830900000,830920458,20458
12620,830950000,830970458,20458
12621,831000000,831020458,20458
12622,831050000,831070458,20458
12623,831100000,831120458,20458
12624,831150000,831170458,20458
12625,831200000,831220458,20458
12626,831250000,831270458,20458
12627,831300000,831320458,20458
12628,831350000,831370458,20458
12629,831400000,831420458,20458
12630,831450000,831470458,20458
12631,831500000,831520458,20458
12632,831550000,831570458,20458
12633,831600000,831620458,20458
12634,831650000,831670458,20458
12635,831700000,831720458,20458
12636,831750000,831770458,20458
12637,831800000,831820458,20458
12638,831850000,831870458,20458
12639,831900000,831920458,20458
12640,831950000,831970458,20458
12641,832000000,832020458,20458
12642,832050000,832070458,20458
12643,832100000,832120458,20458
12644,832150000,832170458,20458
12645,832200000,832220458,20458
12646,832250000,832270458,20458
12647,832300000,832320458,20458
12648,832350000,832370458,20458
12649,832400000,832420458,20458
12650,832450000,832470458,20458
12651,832500000,832520458,20458
12652,832550000,832570458,20458
12653,832600000,832620458,20458
12654,832650000,832670458,20458
12655,832700000,832720458,20458
12656,832750000,832770458,20458
12657,832800000,832820458,20458
12658,832850000,832870458,20458
12659,832900000,832920458,20458
12660,832950000,832970458,20458
12661,833000000,833020458,20458
12662,833050000,833070458,20458
12663,833100000,833120458,20458
12664,833150000,833170458,20458
12665,833200000,833220458,20458
12666,833250000,833270458,20458
12667,833300000,833320458,20458
12668,833350000,833370458,20458
12669,833400000,833420458,20458
12670,833450000,833470458,20458
12671,833500000,833520458,20458
12672,833550000,833570458,20458
12673,833600000,833620458,20458
12674,833650000,833670458,20458
12675,833700000,833720458,20458
12676,833750000,833770458,20458
12677,833800000,833820458,20458
12678,833850000,833870458,20458
12679,833900000,833920458,20458
12680,833950000,833970458,20458
12681,834000000,834020458,20458
12682,834050000,834070458,20458
12683,834100000,834120458,20458
12684,834150000,834170458,20458
12685,834200000,834220458,20458
12686,834250000,834270458,20458
12687,834300000,834320458,20458
12688,834350000,834370458,20458
12689,834400000,834420458,20458
12690,834450000,834470458,20458
12691,834500000,834520458,20458
12692,834550000,834570458,20458
12693,834600000,834620458,20458
12694,834650000,834670458,20458
12695,834700000,834720458,20458
12696,834750000,834770458,20458
12697,834800000,834820458,20458
12698,834850000,834870458,20458
12699,834900000,834920458,20458
12700,834950000,834970458,20458
12701,835000000,835020458,20458
12702,835050000,835070458,20458
12703,835100000,835120458,20458
12704,835150000,835170458,20458
12705,835200000,835220458,20458
12706,835250000,835270458,20458
12707,835300000,835320458,20458
12708,835350000,835370458,20458
12709,835400000,835420458,20458
12710,835450000,835470458,20458
12711,835500000,835520458,20458
12712,835550000,835570458,20458
12713,835600000,835620458,20458
12714,835650000,835670458,20458
12715,835700000,835720458,20458
12716,835750000,835770458,20458
12717,835800000,835820458,20458
12718,835850000,835870458,20458
12719,835900000,835920458,20458
12720,835950000,835970458,20458
12721,836000000,836020458,20458
12722,836050000,836070458,20458
12723,836100000,836120458,20458
12724,836150000,836170458,20458
12725,836200000,836220458,20458
12726,836250000,836270458,20458
12727,836300000,836320458,20458
12728,836350000,836370458,20458
12729,836400000,836420458,20458
12730,836450000,836470458,20458
12731,836500000,836520458,20458
12732,836550000,836570458,20458
12733,836600000,836620458,20458
12734,836650000,836670458,20458
12735,836700000,836720458,20458
12736,836750000,836770458,20458
12737,836800000,836820458,20458
12738,836850000,836870458,20458
12739,836900000,836920458,20458
12740,836950000,836970458,20458
12741,837000000,837020458,20458
12742,837050000,837070458,20458
12743,837100000,837120458,20458
12744,837150000,837170458,20458
12745,837200000,837220458,20458
12746,837250000,837270458,20458
12747,837300000,837320458,20458
12748,837350000,837370458,20458
12749,837400000,837420458,20458
12750,837450000,837470458,20458
12751,837500000,837520458,20458
12752,837550000,837570458,20458
12753,837600000,837620458,20458
12754,837650000,837670458,20458
12755,837700000,837720458,20458
12756,837750000,837770458,20458
12757,837800000,837820458,20458
12758,837850000,837870458,20458
12759,837900000,837920458,20458
12760,837950000,837970458,20458
12761,838000000,838020458,20458
12762,838050000,838070458,20458
12763,838100000,838120458,20458
12764,838150000,838170458,20458
12765,838200000,838220458,20458
12766,838250000,838270458,20458
12767,838300000,838320458,20458
12768,838350000,838370458,20458
12769,838400000,838420458,20458
12770,838450000,838470458,20458
12771,838500000,838520458,20458
12772,838550000,838570458,20458
12773,838600000,838620458,20458
12774,838650000,838670458,20458
12775,838700000,838720458,20458
12776,838750000,838770458,20458
12777,838800000,838820458,20458
12778,838850000,838870458,20458
12779,838900000,838920458,20458
12780,838950000,838970458,20458
12781,839000000,839020458,20458
12782,839050000,839070458,20458
12783,839100000,839120458,20458
12784,839150000,839170458,20458
12785,839200000,839220458,20458
12786,839250000,839270458,20458
12787,839300000,839320458,20458
12788,839350000,839370458,20458
12789,839400000,839420458,20458
12790,839450000,839470458,20458
12791,839500000,839520458,20458
12792,839550000,839570458,20458
12793,839600000,839620458,20458
12794,839650000,839670458,20458
12795,839700000,839720458,20458
12796,839750000,839770458,20458
12797,839800000,839820458,20458
12798,839850000,839870458,20458
12799,839900000,839920458,20458
12800,839950000,839970458,20458
12801,840000000,840020458,20458
12802,840050000,840070458,20458
12803,840100000,840120458,20458
12804,840150000,840170458,20458
12805,840200000,840220458,20458
12806,840250000,840270458,20458
12807,840300000,840320458,20458
12808,840350000,840370458,20458
12809,840400000,840420458,20458
12810,840450000,840470458,20458
12811,840500000,840520458,20458
12812,840550000,840570458,20458
12813,840600000,840620458,20458
12814,840650000,840670458,20458
12815,840700000,840720458,20458
12816,840750000,840770458,20458
12817,840800000,840820458,20458
12818,840850000,840870458,20458
12819,840900000,840920458,20458
12820,840950000,840970458,20458
12821,841000000,841020458,20458
12822,841050000,841070458,20458
12823,841100000,841120458,20458
12824,841150000,841170458,20458
12825,841200000,841220458,20458
12826,841250000,841270458,20458
12827,841300000,841320458,20458
12828,841350000,841370458,20458
12829,841400000,841420458,20458
12830,841450000,841470458,20458
12831,841500000,841520458,20458
12832,841550000,841570458,20458
12833,841600000,841620458,20458
12834,841650000,841670458,20458
12835,841700000,841720458,20458
12836,841750000,841770458,20458
12837,841800000,841820458,20458
12838,841850000,841870458,20458
12839,841900000,841920458,20458
12840,841950000,841970458,20458
12841,842000000,842020458,20458
12842,842050000,842070458,20458
12843,842100000,842120458,20458
12844,842150000,842170458,20458
12845,842200000,842220458,20458
12846,842250000,842270458,20458
12847,842300000,842320458,20458
12848,842350000,842370458,20458
12849,842400000,842420458,20458
12850,842450000,842470458,20458
12851,842500000,842520458,20458
12852,842550000,842570458,20458
12853,842600000,842620458,20458
12854,842650000,842670458,20458
12855,842700000,842720458,20458
12856,842750000,842770458,20458
12857,842800000,842820458,20458
12858,842850000,842870458,20458
12859,842900000,842920458,20458
12860,842950000,842970458,20458
12861,843000000,843020458,20458
12862,843050000,843070458,20458
12863,843100000,843120458,20458
12864,843150000,843170458,20458
12865,843200000,843220458,20458
12866,843250000,843270458,20458
12867,843300000,843320458,20458
12868,843350000,843370458,20458
12869,843400000,843420458,20458
12870,843450000,843470458,20458
12871,843500000,843520458,20458
12872,843550000,843570458,20458
12873,843600000,843620458,20458
12874,843650000,843670458,20458
12875,843700000,843720458,20458
12876,843750000,843770458,20458
12877,843800000,843820458,20458
12878,843850000,843870458,20458
12879,843900000,843920458,20458
12880,843950000,843970458,20458
12881,844000000,844020458,20458
12882,844050000,844070458,20458
12883,844100000,844120458,20458
12884,844150000,844170458,20458
12885,844200000,844220458,20458
12886,844250000,844270458,20458
12887,844300000,844320458,20458
12888,844350000,844370458,20458
12889,844400000,844420458,20458
12890,844450000,844470458,20458
12891,844500000,844520458,20458
12892,844550000,844570458,20458
12893,844600000,844620458,20458
12894,844650000,844670458,20458
12895,844700000,844720458,20458
12896,844750000,844770458,20458
12897,844800000,844820458,20458
12898,844850000,844870458,20458
12899,844900000,844920458,20458
12900,844950000,844970458,20458
12901,845000000,845020458,20458
12902,845050000,845070458,20458
12903,845100000,845120458,20458
12904,845150000,845170458,20458
12905,845200000,845220458,20458
12906,845250000,845270458,20458
12907,845300000,845320458,20458
12908,845350000,845370458,20458
12909,845400000,845420458,20458
12910,845450000,845470458,20458
12911,845500000,845520458,20458
12912,845550000,845570458,20458
12913,845600000,845620458,20458
12914,845650000,845670458,20458
12915,845700000,845720458,20458
12916,845750000,845770458,20458
12917,845800000,845820458,20458
12918,845850000,845870458,20458
12919,845900000,845920458,20458
12920,845950000,845970458,20458
12921,846000000,846020458,20458
12922,846050000,846070458,20458
12923,846100000,846120458,20458
12924,846150000,846170458,20458
12925,846200000,846220458,20458
12926,846250000,846270458,20458
12927,846300000,846320458,20458
12928,846350000,846370458,20458
12929,846400000,846420458,20458
12930,846450000,846470458,20458
12931,846500000,846520458,20458
12932,846550000,846570458,20458
12933,846600000,846620458,20458
12934,846650000,846670458,20458
12935,846700000,846720458,20458
12936,846750000,846770458,20458
12937,846800000,846820458,20458
12938,846850000,846870458,20458
12939,846900000,846920458,20458
12940,846950000,846970458,20458
12941,847000000,847020458,20458
12942,847050000,847070458,20458
12943,847100000,847120458,20458
12944,847150000,847170458,20458
12945,847200000,847220458,20458
12946,847250000,847270458,20458
12947,847300000,847320458,20458
12948,847350000,847370458,20458
12949,847400000,847420458,20458
12950,847450000,847470458,20458
12951,847500000,847520458,20458
12952,847550000,847570458,20458
12953,847600000,847620458,20458
12954,847650000,847670458,20458
12955,847700000,847720458,20458
12956,847750000,847770458,20458
12957,847800000,847820458,20458
12958,847850000,847870458,20458
12959,847900000,847920458,20458
12960,847950000,847970458,20458
12961,848000000,848020458,20458
12962,848050000,848070458,20458
12963,848100000,848120458,20458
12964,848150000,848170458,20458
12965,848200000,848220458,20458
12966,848250000,848270458,20458
12967,848300000,848320458,20458
12968,848350000,848370458,20458
12969,848400000,848420458,20458
12970,848450000,848470458,20458
12971,848500000,848520458,20458
12972,848550000,848570458,20458
12973,848600000,848620458,20458
12974,848650000,848670458,20458
12975,848700000,848720458,20458
12976,848750000,848770458,20458
12977,848800000,848820458,20458
12978,848850000,848870458,20458
12979,848900000,848920458,20458
12980,848950000,848970458,20458
12981,849000000,849020458,20458
12982,849050000,849070458,20458
12983,849100000,849120458,20458
12984,849150000,849170458,20458
12985,849200000,849220458,20458
12986,849250000,849270458,20458
12987,849300000,849320458,20458
12988,849350000,849370458,20458
12989,849400000,849420458,20458
12990,849450000,849470458,20458
12991,849500000,849520458,20458
12992,849550000,849570458,20458
12993,849600000,849620458,20458
12994,849650000,849670458,20458
12995,849700000,849720458,20458
12996,849750000,849770458,20458
12997,849800000,849820458,20458
12998,849850000,849870458,20458
12999,849900000,849920458,20458
13000,849950000,849970458,20458
13001,850000000,850020458,20458
13002,850050000,850070458,20458
13003,850100000,850120458,20458
13004,850150000,850170458,20458
13005,850200000,850220458,20458
13006,850250000,850270458,20458
13007,850300000,850320458,20458
13008,850350000,850370458,20458
13009,850400000,850420458,20458
13010,850450000,850470458,20458
13011,850500000,850520458,20458
13012,850550000,850570458,20458
13013,850600000,850620458,20458
13014,850650000,850670458,20458
13015,850700000,850720458,20458
13016,850750000,850770458,20458
13017,850800000,850820458,20458
13018,850850000,850870458,20458
13019,850900000,850920458,20458
13020,850950000,850970458,20458
13021,851000000,851020458,20458
13022,851050000,851070458,20458
13023,851100000,851120458,20458
13024,851150000,851170458,20458
13025,851200000,851220458,20458
13026,851250000,851270458,20458
13027,851300000,851320458,20458
13028,851350000,851370458,20458
13029,851400000,851420458,20458
13030,851450000,851470458,20458
13031,851500000,851520458,20458
13032,851550000,851570458,20458
13033,851600000,851620458,20458
13034,851650000,851670458,20458
13035,851700000,851720458,20458
13036,851750000,851770458,20458
13037,851800000,851820458,20458
13038,851850000,851870458,20458
13039,851900000,851920458,20458
13040,851950000,851970458,20458
13041,852000000,852020458,20458
13042,852050000,852070458,20458
13043,852100000,852120458,20458
13044,852150000,852170458,20458
13045,852200000,852220458,20458
13046,852250000,852270458,20458
13047,852300000,852320458,20458
13048,852350000,852370458,20458
13049,852400000,852420458,20458
13050,852450000,852470458,20458
13051,852500000,852520458,20458
13052,852550000,852570458,20458
13053,852600000,852620458,20458
13054,852650000,852670458,20458
13055,852700000,852720458,20458
13056,852750000,852770458,20458
13057,852800000,852820458,20458
13058,852850000,852870458,20458
13059,852900000,852920458,20458
13060,852950000,852970458,20458
13061,853000000,853020458,20458
13062,853050000,853070458,20458
13063,853100000,853120458,20458
13064,853150000,853170458,20458
13065,853200000,853220458,20458
13066,853250000,853270458,20458
13067,853300000,853320458,20458
13068,853350000,853370458,20458
13069,853400000,853420458,20458
13070,853450000,853470458,20458
13071,853500000,853520458,20458
13072,853550000,853570458,20458
13073,853600000,853620458,20458
13074,853650000,853670458,20458
13075,853700000,853720458,20458
13076,853750000,853770458,20458
13077,853800000,853820458,20458
13078,853850000,853870458,20458
13079,853900000,853920458,20458
13080,853950000,853970458,20458
13081,854000000,854020458,20458
13082,854050000,854070458,20458
13083,854100000,854120458,20458
13084,854150000,854170458,20458
13085,854200000,854220458,20458
13086,854250000,854270458,20458
13087,854300000,854320458,20458
13088,854350000,854370458,20458
13089,854400000,854420458,20458
13090,854450000,854470458,20458
13091,854500000,854520458,20458
13092,854550000,854570458,20458
13093,854600000,854620458,20458
13094,854650000,854670458,20458
13095,854700000,854720458,20458
13096,854750000,854770458,20458
13097,854800000,854820458,20458
13098,854850000,854870458,20458
13099,854900000,854920458,20458
13100,854950000,854970458,20458
13101,855000000,855020458,20458
13102,855050000,855070458,20458
13103,855100000,855120458,20458
13104,855150000,855170458,20458
13105,855200000,855220458,20458
13106,855250000,855270458,20458
13107,855300000,855320458,20458
13108,855350000,855370458,20458
13109,855400000,855420458,20458
13110,855450000,855470458,20458
13111,855500000,855520458,20458
13112,855550000,855570458,20458
13113,855600000,855620458,20458
13114,855650000,855670458,20458
13115,855700000,855720458,20458
13116,855750000,855770458,20458
13117,855800000,855820458,20458
13118,855850000,855870458,20458
13119,855900000,855920458,20458
13120,855950000,855970458,20458
13121,856000000,856020458,20458
13122,856050000,856070458,20458
13123,856100000,856120458,20458
13124,856150000,856170458,20458
13125,856200000,856220458,20458
13126,856250000,856270458,20458
13127,856300000,856320458,20458
13128,856350000,856370458,20458
13129,856400000,856420458,20458
13130,856450000,856470458,20458
13131,856500000,856520458,20458
13132,856550000,856570458,20458
13133,856600000,856620458,20458
13134,856650000,856670458,20458
13135,856700000,856720458,20458
13136,856750000,856770458,20458
13137,856800000,856820458,20458
13138,856850000,856870458,20458
13139,856900000,856920458,20458
13140,856950000,856970458,20458
13141,857000000,857020458,20458
13142,857050000,857070458,20458
13143,857100000,857120458,20458
13144,857150000,857170458,20458
13145,857200000,857220458,20458
13146,857250000,857270458,20458
13147,857300000,857320458,20458
13148,857350000,857370458,20458
13149,857400000,857420458,20458
13150,857450000,857470458,20458
13151,857500000,857520458,20458
13152,857550000,857570458,20458
13153,857600000,857620458,20458
13154,857650000,857670458,20458
13155,857700000,857720458,20458
13156,857750000,857770458,20458
13157,857800000,857820458,20458
13158,857850000,857870458,20458
13159,857900000,857920458,20458
13160,857950000,857970458,20458
13161,858000000,858020458,20458
13162,858050000,858070458,20458
13163,858100000,858120458,20458
13164,858150000,858170458,20458
13165,858200000,858220458,20458
13166,858250000,858270458,20458
13167,858300000,858320458,20458
13168,858350000,858370458,20458
13169,858400000,858420458,20458
13170,858450000,858470458,20458
13171,858500000,858520458,20458
13172,858550000,858570458,20458
13173,858600000,858620458,20458
13174,858650000,858670458,20458
13175,858700000,858720458,20458
13176,858750000,858770458,20458
13177,858800000,858820458,20458
13178,858850000,858870458,20458
13179,858900000,858920458,20458
13180,858950000,858970458,20458
13181,859000000,859020458,20458
13182,859050000,859070458,20458
13183,859100000,859120458,20458
13184,859150000,859170458,20458
13185,859200000,859220458,20458
13186,859250000,859270458,20458
13187,859300000,859320458,20458
13188,859350000,859370458,20458
13189,859400000,859420458,20458
13190,859450000,859470458,20458
13191,859500000,859520458,20458
13192,859550000,859570458,20458
13193,859600000,859620458,20458
13194,859650000,859670458,20458
13195,859700000,859720458,20458
13196,859750000,859770458,20458
13197,859800000,859820458,20458
13198,859850000,859870458,20458
13199,859900000,859920458,20458
13200,859950000,859970458,20458
13201,860000000,860020458,20458
13202,860050000,860070458,20458
13203,860100000,860120458,20458
13204,860150000,860170458,20458
13205,860200000,860220458,20458
13206,860250000,860270458,20458
13207,860300000,860320458,20458
13208,860350000,860370458,20458
13209,860400000,860420458,20458
13210,860450000,860470458,20458
13211,860500000,860520458,20458
13212,860550000,860570458,20458
13213,860600000,860620458,20458
13214,860650000,860670458,20458
13215,860700000,860720458,20458
13216,860750000,860770458,20458
13217,860800000,860820458,20458
13218,860850000,860870458,20458
13219,860900000,860920458,20458
13220,860950000,860970458,20458
13221,861000000,861020458,20458
13222,861050000,861070458,20458
13223,861100000,861120458,20458
13224,861150000,861170458,20458
13225,861200000,861220458,20458
13226,861250000,861270458,20458
13227,861300000,861320458,20458
13228,861350000,861370458,20458
13229,861400000,861420458,20458
13230,861450000,861470458,20458
13231,861500000,861520458,20458
13232,861550000,861570458,20458
13233,861600000,861620458,20458
13234,861650000,861670458,20458
13235,861700000,861720458,20458
13236,861750000,861770458,20458
13237,861800000,861820458,20458
13238,861850000,861870458,20458
13239,861900000,861920458,20458
13240,861950000,861970458,20458
13241,862000000,862020458,20458
13242,862050000,862070458,20458
13243,862100000,862120458,20458
13244,862150000,862170458,20458
13245,862200000,862220458,20458
13246,862250000,862270458,20458
13247,862300000,862320458,20458
13248,862350000,862370458,20458
13249,862400000,862420458,20458
13250,862450000,862470458,20458
13251,862500000,862520458,20458
13252,862550000,862570458,20458
13253,862600000,862620458,20458
13254,862650000,862670458,20458
13255,862700000,862720458,20458
13256,862750000,862770458,20458
13257,862800000,862820458,20458
13258,862850000,862870458,20458
13259,862900000,862920458,20458
13260,862950000,862970458,20458
13261,863000000,863020458,20458
13262,863050000,863070458,20458
13263,863100000,863120458,20458
13264,863150000,863170458,20458
13265,863200000,863220458,20458
13266,863250000,863270458,20458
13267,863300000,863320458,20458
13268,863350000,863370458,20458
13269,863400000,863420458,20458
13270,863450000,863470458,20458
13271,863500000,863520458,20458
13272,863550000,863570458,20458
13273,863600000,863620458,20458
13274,863650000,863670458,20458
13275,863700000,863720458,20458
13276,863750000,863770458,20458
13277,863800000,863820458,20458
13278,863850000,863870458,20458
13279,863900000,863920458,20458
13280,863950000,863970458,20458
13281,864000000,864020458,20458
13282,864050000,864070458,20458
13283,864100000,864120458,20458
13284,864150000,864170458,20458
13285,864200000,864220458,20458
13286,864250000,864270458,20458
13287,864300000,864320458,20458
13288,864350000,864370458,20458
13289,864400000,864420458,20458
13290,864450000,864470458,20458
13291,864500000,864520458,20458
13292,864550000,864570458,20458
13293,864600000,864620458,20458
13294,864650000,864670458,20458
13295,864700000,864720458,20458
13296,864750000,864770458,20458
13297,864800000,864820458,20458
13298,864850000,864870458,20458
13299,864900000,864920458,20458
13300,864950000,864970458,20458
13301,865000000,865020458,20458
13302,865050000,865070458,20458
13303,865100000,865120458,20458
13304,865150000,865170458,20458
13305,865200000,865220458,20458
13306,865250000,865270458,20458
13307,865300000,865320458,20458
13308,865350000,865370458,20458
13309,865400000,865420458,20458
13310,865450000,865470458,20458
13311,865500000,865520458,20458
13312,865550000,865570458,20458
13313,865600000,865620458,20458
13314,865650000,865670458,20458
13315,865700000,865720458,20458
13316,865750000,865770458,20458
13317,865800000,865820458,20458
13318,865850000,865870458,20458
13319,865900000,865920458,20458
13320,865950000,865970458,20458
13321,866000000,866020458,20458
13322,866050000,866070458,20458
13323,866100000,866120458,20458
13324,866150000,866170458,20458
13325,866200000,866220458,20458
13326,866250000,866270458,20458
13327,866300000,866320458,20458
13328,866350000,866370458,20458
13329,866400000,866420458,20458
13330,866450000,866470458,20458
13331,866500000,866520458,20458
13332,866550000,866570458,20458
13333,866600000,866620458,20458
13334,866650000,866670458,20458
13335,866700000,866720458,20458
13336,866750000,866770458,20458
13337,866800000,866820458,20458
13338,866850000,866870458,20458
13339,866900000,866920458,20458
13340,866950000,866970458,20458
13341,867000000,867020458,20458
13342,867050000,867070458,20458
13343,867100000,867120458,20458
13344,867150000,867170458,20458
13345,867200000,867220458,20458
13346,867250000,867270458,20458
13347,867300000,867320458,20458
13348,867350000,867370458,20458
13349,867400000,867420458,20458
13350,867450000,867470458,20458
13351,867500000,867520458,20458
13352,867550000,867570458,20458
13353,867600000,867620458,20458
13354,867650000,867670458,20458
13355,867700000,867720458,20458
13356,867750000,867770458,20458
13357,867800000,867820458,20458
13358,867850000,867870458,20458
13359,867900000,867920458,20458
13360,867950000,867970458,20458
13361,868000000,868020458,20458
13362,868050000,868070458,20458
13363,868100000,868120458,20458
13364,868150000,868170458,20458
13365,868200000,868220458,20458
13366,868250000,868270458,20458
13367,868300000,868320458,20458
13368,868350000,868370458,20458
13369,868400000,868420458,20458
13370,868450000,868470458,20458
13371,868500000,868520458,20458
13372,868550000,868570458,20458
13373,868600000,868620458,20458
13374,868650000,868670458,20458
13375,868700000,868720458,20458
13376,868750000,868770458,20458
13377,868800000,868820458,20458
13378,868850000,868870458,20458
13379,868900000,868920458,20458
13380,868950000,868970458,20458
13381,869000000,869020458,20458
13382,869050000,869070458,20458
13383,869100000,869120458,20458
13384,869150000,869170458,20458
13385,869200000,869220458,20458
13386,869250000,869270458,20458
13387,869300000,869320458,20458
13388,869350000,869370458,20458
13389,869400000,869420458,20458
13390,869450000,869470458,20458
13391,869500000,869520458,20458
13392,869550000,869570458,20458
13393,869600000,869620458,20458
13394,869650000,869670458,20458
13395,869700000,869720458,20458
13396,869750000,869770458,20458
13397,869800000,869820458,20458
13398,869850000,869870458,20458
13399,869900000,869920458,20458
13400,869950000,869970458,20458
13401,870000000,870020458,20458
13402,870050000,870070458,20458
13403,870100000,870120458,20458
13404,870150000,870170458,20458
13405,870200000,870220458,20458
13406,870250000,870270458,20458
13407,870300000,870320458,20458
13408,870350000,870370458,20458
13409,870400000,870420458,20458
13410,870450000,870470458,20458
13411,870500000,870520458,20458
13412,870550000,870570458,20458
13413,870600000,870620458,20458
13414,870650000,870670458,20458
13415,870700000,870720458,20458
13416,870750000,870770458,20458
13417,870800000,870820458,20458
13418,870850000,870870458,20458
13419,870900000,870920458,20458
13420,870950000,870970458,20458
13421,871000000,871020458,20458
13422,871050000,871070458,20458
13423,871100000,871120458,20458
13424,871150000,871170458,20458
13425,871200000,871220458,20458
13426,871250000,871270458,20458
13427,871300000,871320458,20458
13428,871350000,871370458,20458
13429,871400000,871420458,20458
13430,871450000,871470458,20458
13431,871500000,871520458,20458
13432,871550000,871570458,20458
13433,871600000,871620458,20458
13434,871650000,871670458,20458
13435,871700000,871720458,20458
13436,871750000,871770458,20458
13437,871800000,871820458,20458
13438,871850000,871870458,20458
13439,871900000,871920458,20458
13440,871950000,871970458,20458
13441,872000000,872020458,20458
13442,872050000,872070458,20458
13443,872100000,872120458,20458
13444,872150000,872170458,20458
13445,872200000,872220458,20458
13446,872250000,872270458,20458
13447,872300000,872320458,20458
13448,872350000,872370458,20458
13449,872400000,872420458,20458
13450,872450000,872470458,20458
13451,872500000,872520458,20458
13452,872550000,872570458,20458
13453,872600000,872620458,20458
13454,872650000,872670458,20458
13455,872700000,872720458,20458
13456,872750000,872770458,20458
13457,872800000,872820458,20458
13458,872850000,872870458,20458
13459,872900000,872920458,20458
13460,872950000,872970458,20458
13461,873000000,873020458,20458
13462,873050000,873070458,20458
13463,873100000,873120458,20458
13464,873150000,873170458,20458
13465,873200000,873220458,20458
13466,873250000,873270458,20458
13467,873300000,873320458,20458
13468,873350000,873370458,20458
13469,873400000,873420458,20458
13470,873450000,873470458,20458
13471,873500000,873520458,20458
13472,873550000,873570458,20458
13473,873600000,873620458,20458
13474,873650000,873670458,20458
13475,873700000,873720458,20458
13476,873750000,873770458,20458
13477,873800000,873820458,20458
13478,873850000,873870458,20458
13479,873900000,873920458,20458
13480,873950000,873970458,20458
13481,874000000,874020458,20458
13482,874050000,874070458,20458
13483,874100000,874120458,20458
13484,874150000,874170458,20458
13485,874200000,874220458,20458
13486,874250000,874270458,20458
13487,874300000,874320458,20458
13488,874350000,874370458,20458
13489,874400000,874420458,20458
13490,874450000,874470458,20458
13491,874500000,874520458,20458
13492,874550000,874570458,20458
13493,874600000,874620458,20458
13494,874650000,874670458,20458
13495,874700000,874720458,20458
13496,874750000,874770458,20458
13497,874800000,874820458,20458
13498,874850000,874870458,20458
13499,874900000,874920458,20458
13500,874950000,874970458,20458
13501,875000000,875020458,20458
13502,875050000,875070458,20458
13503,875100000,875120458,20458
13504,875150000,875170458,20458
13505,875200000,875220458,20458
13506,875250000,875270458,20458
13507,875300000,875320458,20458
13508,875350000,875370458,20458
13509,875400000,875420458,20458
13510,875450000,875470458,20458
13511,875500000,875520458,20458
13512,875550000,875570458,20458
13513,875600000,875620458,20458
13514,875650000,875670458,20458
13515,875700000,875720458,20458
13516,875750000,875770458,20458
13517,875800000,875820458,20458
13518,875850000,875870458,20458
13519,875900000,875920458,20458
13520,875950000,875970458,20458
13521,876000000,876020458,20458
13522,876050000,876070458,20458
13523,876100000,876120458,20458
13524,876150000,876170458,20458
13525,876200000,876220458,20458
13526,876250000,876270458,20458
13527,876300000,876320458,20458
13528,876350000,876370458,20458
13529,876400000,876420458,20458
13530,876450000,876470458,20458
13531,876500000,876520458,20458
13532,876550000,876570458,20458
13533,876600000,876620458,20458
13534,876650000,876670458,20458
13535,876700000,876720458,20458
13536,876750000,876770458,20458
13537,876800000,876820458,20458
13538,876850000,876870458,20458
13539,876900000,876920458,20458
13540,876950000,876970458,20458
13541,877000000,877020458,20458
13542,877050000,877070458,20458
13543,877100000,877120458,20458
13544,877150000,877170458,20458
13545,877200000,877220458,20458
13546,877250000,877270458,20458
13547,877300000,877320458,20458
13548,877350000,877370458,20458
13549,877400000,877420458,20458
13550,877450000,877470458,20458
13551,877500000,877520458,20458
13552,877550000,877570458,20458
13553,877600000,877620458,20458
13554,877650000,877670458,20458
13555,877700000,877720458,20458
13556,877750000,877770458,20458
13557,877800000,877820458,20458
13558,877850000,877870458,20458
13559,877900000,877920458,20458
13560,877950000,877970458,20458
13561,878000000,878020458,20458
13562,878050000,878070458,20458
13563,878100000,878120458,20458
13564,878150000,878170458,20458
13565,878200000,878220458,20458
13566,878250000,878270458,20458
13567,878300000,878320458,20458
13568,878350000,878370458,20458
13569,878400000,878420458,20458
13570,878450000,878470458,20458
13571,878500000,878520458,20458
13572,878550000,878570458,20458
13573,878600000,878620458,20458
13574,878650000,878670458,20458
13575,878700000,878720458,20458
13576,878750000,878770458,20458
13577,878800000,878820458,20458
13578,878850000,878870458,20458
13579,878900000,878920458,20458
13580,878950000,878970458,20458
13581,879000000,879020458,20458
13582,879050000,879070458,20458
13583,879100000,879120458,20458
13584,879150000,879170458,20458
13585,879200000,879220458,20458
13586,879250000,879270458,20458
13587,879300000,879320458,20458
13588,879350000,879370458,20458
13589,879400000,879420458,20458
13590,879450000,879470458,20458
13591,879500000,879520458,20458
13592,879550000,879570458,20458
13593,879600000,879620458,20458
13594,879650000,879670458,20458
13595,879700000,879720458,20458
13596,879750000,879770458,20458
13597,879800000,879820458,20458
13598,879850000,879870458,20458
13599,879900000,879920458,20458
13600,879950000,879970458,20458
13601,880000000,880020458,20458
13602,880050000,880070458,20458
13603,880100000,880120458,20458
13604,880150000,880170458,20458
13605,880200000,880220458,20458
13606,880250000,880270458,20458
13607,880300000,880320458,20458
13608,880350000,880370458,20458
13609,880400000,880420458,20458
13610,880450000,880470458,20458
13611,880500000,880520458,20458
13612,880550000,880570458,20458
13613,880600000,880620458,20458
13614,880650000,880670458,20458
13615,880700000,880720458,20458
13616,880750000,880770458,20458
13617,880800000,880820458,20458
13618,880850000,880870458,20458
13619,880900000,880920458,20458
13620,880950000,880970458,20458
13621,881000000,881020458,20458
13622,881050000,881070458,20458
13623,881100000,881120458,20458
13624,881150000,881170458,20458
13625,881200000,881220458,20458
13626,881250000,881270458,20458
13627,881300000,881320458,20458
13628,881350000,881370458,20458
13629,881400000,881420458,20458
13630,881450000,881470458,20458
13631,881500000,881520458,20458
13632,881550000,881570458,20458
13633,881600000,881620458,20458
13634,881650000,881670458,20458
13635,881700000,881720458,20458
13636,881750000,881770458,20458
13637,881800000,881820458,20458
13638,881850000,881870458,20458
13639,881900000,881920458,20458
13640,881950000,881970458,20458
13641,882000000,882020458,20458
13642,882050000,882070458,20458
13643,882100000,882120458,20458
13644,882150000,882170458,20458
13645,882200000,882220458,20458
13646,882250000,882270458,20458
13647,882300000,882320458,20458
13648,882350000,882370458,20458
13649,882400000,882420458,20458
13650,882450000,882470458,20458
13651,882500000,882520458,20458
13652,882550000,882570458,20458
13653,882600000,882620458,20458
13654,882650000,882670458,20458
13655,882700000,882720458,20458
13656,882750000,882770458,20458
13657,882800000,882820458,20458
13658,882850000,882870458,20458
13659,882900000,882920458,20458
13660,882950000,882970458,20458
13661,883000000,883020458,20458
13662,883050000,883070458,20458
13663,883100000,883120458,20458
13664,883150000,883170458,20458
13665,883200000,883220458,20458
13666,883250000,883270458,20458
13667,883300000,883320458,20458
13668,883350000,883370458,20458
13669,883400000,883420458,20458
13670,883450000,883470458,20458
13671,883500000,883520458,20458
13672,883550000,883570458,20458
13673,883600000,883620458,20458
13674,883650000,883670458,20458
13675,883700000,883720458,20458
13676,883750000,883770458,20458
13677,883800000,883820458,20458
13678,883850000,883870458,20458
13679,883900000,883920458,20458
13680,883950000,883970458,20458
13681,884000000,884020458,20458
13682,884050000,884070458,20458
13683,884100000,884120458,20458
13684,884150000,884170458,20458
13685,884200000,884220458,20458
13686,884250000,884270458,20458
13687,884300000,884320458,20458
13688,884350000,884370458,20458
13689,884400000,884420458,20458
13690,884450000,884470458,20458
13691,884500000,884520458,20458
13692,884550000,884570458,20458
13693,884600000,884620458,20458
13694,884650000,884670458,20458
13695,884700000,884720458,20458
13696,884750000,884770458,20458
13697,884800000,884820458,20458
13698,884850000,884870458,20458
13699,884900000,884920458,20458
13700,884950000,884970458,20458
13701,885000000,885020458,20458
13702,885050000,885070458,20458
13703,885100000,885120458,20458
13704,885150000,885170458,20458
13705,885200000,885220458,20458
13706,885250000,885270458,20458
13707,885300000,885320458,20458
13708,885350000,885370458,20458
13709,885400000,885420458,20458
13710,885450000,885470458,20458
13711,885500000,885520458,20458
13712,885550000,885570458,20458
13713,885600000,885620458,20458
13714,885650000,885670458,20458
13715,885700000,885720458,20458
13716,885750000,885770458,20458
13717,885800000,885820458,20458
13718,885850000,885870458,20458
13719,885900000,885920458,20458
13720,885950000,885970458,20458
13721,886000000,886020458,20458
13722,886050000,886070458,20458
13723,886100000,886120458,20458
13724,886150000,886170458,20458
13725,886200000,886220458,20458
13726,886250000,886270458,20458
13727,886300000,886320458,20458
13728,886350000,886370458,20458
13729,886400000,886420458,20458
13730,886450000,886470458,20458
13731,886500000,886520458,20458
13732,886550000,886570458,20458
13733,886600000,886620458,20458
13734,886650000,886670458,20458
13735,886700000,886720458,20458
13736,886750000,886770458,20458
13737,886800000,886820458,20458
13738,886850000,886870458,20458
13739,886900000,886920458,20458
13740,886950000,886970458,20458
13741,887000000,887020458,20458
13742,887050000,887070458,20458
13743,887100000,887120458,20458
13744,887150000,887170458,20458
13745,887200000,887220458,20458
13746,887250000,887270458,20458
13747,887300000,887320458,20458
13748,887350000,887370458,20458
13749,887400000,887420458,20458
13750,887450000,887470458,20458
13751,887500000,887520458,20458
13752,887550000,887570458,20458
13753,887600000,887620458,20458
13754,887650000,887670458,20458
13755,887700000,887720458,20458
13756,887750000,887770458,20458
13757,887800000,887820458,20458
13758,887850000,887870458,20458
13759,887900000,887920458,20458
13760,887950000,887970458,20458
13761,888000000,888020458,20458
13762,888050000,888070458,20458
13763,888100000,888120458,20458
13764,888150000,888170458,20458
13765,888200000,888220458,20458
13766,888250000,888270458,20458
13767,888300000,888320458,20458
13768,888350000,888370458,20458
13769,888400000,888420458,20458
13770,888450000,888470458,20458
13771,888500000,888520458,20458
13772,888550000,888570458,20458
13773,888600000,888620458,20458
13774,888650000,888670458,20458
13775,888700000,888720458,20458
13776,888750000,888770458,20458
13777,888800000,888820458,20458
13778,888850000,888870458,20458
13779,888900000,888920458,20458
13780,888950000,888970458,20458
13781,889000000,889020458,20458
13782,889050000,889070458,20458
13783,889100000,889120458,20458
13784,889150000,889170458,20458
13785,889200000,889220458,20458
13786,889250000,889270458,20458
13787,889300000,889320458,20458
13788,889350000,889370458,20458
13789,889400000,889420458,20458
13790,889450000,889470458,20458
13791,889500000,889520458,20458
13792,889550000,889570458,20458
13793,889600000,889620458,20458
13794,889650000,889670458,20458
13795,889700000,889720458,20458
13796,889750000,889770458,20458
13797,889800000,889820458,20458
13798,889850000,889870458,20458
13799,889900000,889920458,20458
13800,889950000,889970458,20458
13801,890000000,890020458,20458
13802,890050000,890070458,20458
13803,890100000,890120458,20458
13804,890150000,890170458,20458
13805,890200000,890220458,20458
13806,890250000,890270458,20458
13807,890300000,890320458,20458
13808,890350000,890370458,20458
13809,890400000,890420458,20458
13810,890450000,890470458,20458
13811,890500000,890520458,20458
13812,890550000,890570458,20458
13813,890600000,890620458,20458
13814,890650000,890670458,20458
13815,890700000,890720458,20458
13816,890750000,890770458,20458
13817,890800000,890820458,20458
13818,890850000,890870458,20458
13819,890900000,890920458,20458
13820,890950000,890970458,20458
13821,891000000,891020458,20458
13822,891050000,891070458,20458
13823,891100000,891120458,20458
13824,891150000,891170458,20458
13825,891200000,891220458,20458
13826,891250000,891270458,20458
13827,891300000,891320458,20458
13828,891350000,891370458,20458
13829,891400000,891420458,20458
13830,891450000,891470458,20458
13831,891500000,891520458,20458
13832,891550000,891570458,20458
13833,891600000,891620458,20458
13834,891650000,891670458,20458
13835,891700000,891720458,20458
13836,891750000,891770458,20458
13837,891800000,891820458,20458
13838,891850000,891870458,20458
13839,891900000,891920458,20458
13840,891950000,891970458,20458
13841,892000000,892020458,20458
13842,892050000,892070458,20458
13843,892100000,892120458,20458
13844,892150000,892170458,20458
13845,892200000,892220458,20458
13846,892250000,892270458,20458
13847,892300000,892320458,20458
13848,892350000,892370458,20458
13849,892400000,892420458,20458
13850,892450000,892470458,20458
13851,892500000,892520458,20458
13852,892550000,892570458,20458
13853,892600000,892620458,20458
13854,892650000,892670458,20458
13855,892700000,892720458,20458
13856,892750000,892770458,20458
13857,892800000,892820458,20458
13858,892850000,892870458,20458
13859,892900000,892920458,20458
13860,892950000,892970458,20458
13861,893000000,893020458,20458
13862,893050000,893070458,20458
13863,893100000,893120458,20458
13864,893150000,893170458,20458
13865,893200000,893220458,20458
13866,893250000,893270458,20458
13867,893300000,893320458,20458
13868,893350000,893370458,20458
13869,893400000,893420458,20458
13870,893450000,893470458,20458
13871,893500000,893520458,20458
13872,893550000,893570458,20458
13873,893600000,893620458,20458
13874,893650000,893670458,20458
13875,893700000,893720458,20458
13876,893750000,893770458,20458
13877,893800000,893820458,20458
13878,893850000,893870458,20458
13879,893900000,893920458,20458
13880,893950000,893970458,20458
13881,894000000,894020458,20458
13882,894050000,894070458,20458
13883,894100000,894120458,20458
13884,894150000,894170458,20458
13885,894200000,894220458,20458
13886,894250000,894270458,20458
13887,894300000,894320458,20458
13888,894350000,894370458,20458
13889,894400000,894420458,20458
13890,894450000,894470458,20458
13891,894500000,894520458,20458
13892,894550000,894570458,20458
13893,894600000,894620458,20458
13894,894650000,894670458,20458
13895,894700000,894720458,20458
13896,894750000,894770458,20458
13897,894800000,894820458,20458
13898,894850000,894870458,20458
13899,894900000,894920458,20458
13900,894950000,894970458,20458
13901,895000000,895020458,20458
13902,895050000,895070458,20458
13903,895100000,895120458,20458
13904,895150000,895170458,20458
13905,895200000,895220458,20458
13906,895250000,895270458,20458
13907,895300000,895320458,20458
13908,895350000,895370458,20458
13909,895400000,895420458,20458
13910,895450000,895470458,20458
13911,895500000,895520458,20458
13912,895550000,895570458,20458
13913,895600000,895620458,20458
13914,895650000,895670458,20458
13915,895700000,895720458,20458
13916,895750000,895770458,20458
13917,895800000,895820458,20458
13918,895850000,895870458,20458
13919,895900000,895920458,20458
13920,895950000,895970458,20458
13921,896000000,896020458,20458
13922,896050000,896070458,20458
13923,896100000,896120458,20458
13924,896150000,896170458,20458
13925,896200000,896220458,20458
13926,896250000,896270458,20458
13927,896300000,896320458,20458
13928,896350000,896370458,20458
13929,896400000,896420458,20458
13930,896450000,896470458,20458
13931,896500000,896520458,20458
13932,896550000,896570458,20458
13933,896600000,896620458,20458
13934,896650000,896670458,20458
13935,896700000,896720458,20458
13936,896750000,896770458,20458
13937,896800000,896820458,20458
13938,896850000,896870458,20458
13939,896900000,896920458,20458
13940,896950000,896970458,20458
13941,897000000,897020458,20458
13942,897050000,897070458,20458
13943,897100000,897120458,20458
13944,897150000,897170458,20458
13945,897200000,897220458,20458
13946,897250000,897270458,20458
13947,897300000,897320458,20458
13948,897350000,897370458,20458
13949,897400000,897420458,20458
13950,897450000,897470458,20458
13951,897500000,897520458,20458
13952,897550000,897570458,20458
13953,897600000,897620458,20458
13954,897650000,897670458,20458
13955,897700000,897720458,20458
13956,897750000,897770458,20458
13957,897800000,897820458,20458
13958,897850000,897870458,20458
13959,897900000,897920458,20458
13960,897950000,897970458,20458
13961,898000000,898020458,20458
13962,898050000,898070458,20458
13963,898100000,898120458,20458
13964,898150000,898170458,20458
13965,898200000,898220458,20458
13966,898250000,898270458,20458
13967,898300000,898320458,20458
13968,898350000,898370458,20458
13969,898400000,898420458,20458
13970,898450000,898470458,20458
13971,898500000,898520458,20458
13972,898550000,898570458,20458
13973,898600000,898620458,20458
13974,898650000,898670458,20458
13975,898700000,898720458,20458
13976,898750000,898770458,20458
13977,898800000,898820458,20458
13978,898850000,898870458,20458
13979,898900000,898920458,20458
13980,898950000,898970458,20458
13981,899000000,899020458,20458
13982,899050000,899070458,20458
13983,899100000,899120458,20458
13984,899150000,899170458,20458
13985,899200000,899220458,20458
13986,899250000,899270458,20458
13987,899300000,899320458,20458
13988,899350000,899370458,20458
13989,899400000,899420458,20458
13990,899450000,899470458,20458
13991,899500000,899520458,20458
13992,899550000,899570458,20458
13993,899600000,899620458,20458
13994,899650000,899670458,20458
13995,899700000,899720458,20458
13996,899750000,899770458,20458
13997,899800000,899820458,20458
13998,899850000,899870458,20458
13999,899900000,899920458,20458
14000,899950000,899970458,20458
14001,900000000,900020458,20458
14002,900050000,900070458,20458
14003,900100000,900120458,20458
14004,900150000,900170458,20458
14005,900200000,900220458,20458
14006,900250000,900270458,20458
14007,900300000,900320458,20458
14008,900350000,900370458,20458
14009,900400000,900420458,20458
14010,900450000,900470458,20458
14011,900500000,900520458,20458
14012,900550000,900570458,20458
14013,900600000,900620458,20458
14014,900650000,900670458,20458
14015,900700000,900720458,20458
14016,900750000,900770458,20458
14017,900800000,900820458,20458
14018,900850000,900870458,20458
14019,900900000,900920458,20458
14020,900950000,900970458,20458
14021,901000000,901020458,20458
14022,901050000,901070458,20458
14023,901100000,901120458,20458
14024,901150000,901170458,20458
14025,901200000,901220458,20458
14026,901250000,901270458,20458
14027,901300000,901320458,20458
14028,901350000,901370458,20458
14029,901400000,901420458,20458
14030,901450000,901470458,20458
14031,901500000,901520458,20458
14032,901550000,901570458,20458
14033,901600000,901620458,20458
14034,901650000,901670458,20458
14035,901700000,901720458,20458
14036,901750000,901770458,20458
14037,901800000,901820458,20458
14038,901850000,901870458,20458
14039,901900000,901920458,20458
14040,901950000,901970458,20458
14041,902000000,902020458,20458
14042,902050000,902070458,20458
14043,902100000,902120458,20458
14044,902150000,902170458,20458
14045,902200000,902220458,20458
14046,902250000,902270458,20458
14047,902300000,902320458,20458
14048,902350000,902370458,20458
14049,902400000,902420458,20458
14050,902450000,902470458,20458
14051,902500000,902520458,20458
14052,902550000,902570458,20458
14053,902600000,902620458,20458
14054,902650000,902670458,20458
14055,902700000,902720458,20458
14056,902750000,902770458,20458
14057,902800000,902820458,20458
14058,902850000,902870458,20458
14059,902900000,902920458,20458
14060,902950000,902970458,20458
14061,903000000,903020458,20458
14062,903050000,903070458,20458
14063,903100000,903120458,20458
14064,903150000,903170458,20458
14065,903200000,903220458,20458
14066,903250000,903270458,20458
14067,903300000,903320458,20458
14068,903350000,903370458,20458
14069,903400000,903420458,20458
14070,903450000,903470458,20458
14071,903500000,903520458,20458
14072,903550000,903570458,20458
14073,903600000,903620458,20458
14074,903650000,903670458,20458
14075,903700000,903720458,20458
14076,903750000,903770458,20458
14077,903800000,903820458,20458
14078,903850000,903870458,20458
14079,903900000,903920458,20458
14080,903950000,903970458,20458
14081,904000000,904020458,20458
14082,904050000,904070458,20458
14083,904100000,904120458,20458
14084,904150000,904170458,20458
14085,904200000,904220458,20458
14086,904250000,904270458,20458
14087,904300000,904320458,20458
14088,904350000,904370458,20458
14089,904400000,904420458,20458
14090,904450000,904470458,20458
14091,904500000,904520458,20458
14092,904550000,904570458,20458
14093,904600000,904620458,20458
14094,904650000,904670458,20458
14095,904700000,904720458,20458
14096,904750000,904770458,20458
14097,904800000,904820458,20458
14098,904850000,904870458,20458
14099,904900000,904920458,20458
14100,904950000,904970458,20458
14101,905000000,905020458,20458
14102,905050000,905070458,20458
14103,905100000,905120458,20458
14104,905150000,905170458,20458
14105,905200000,905220458,20458
14106,905250000,905270458,20458
14107,905300000,905320458,20458
14108,905350000,905370458,20458
14109,905400000,905420458,20458
14110,905450000,905470458,20458
14111,905500000,905520458,20458
14112,905550000,905570458,20458
14113,905600000,905620458,20458
14114,905650000,905670458,20458
14115,905700000,905720458,20458
14116,905750000,905770458,20458
14117,905800000,905820458,20458
14118,905850000,905870458,20458
14119,905900000,905920458,20458
14120,905950000,905970458,20458
14121,906000000,906020458,20458
14122,906050000,906070458,20458
14123,906100000,906120458,20458
14124,906150000,906170458,20458
14125,906200000,906220458,20458
14126,906250000,906270458,20458
14127,906300000,906320458,20458
14128,906350000,906370458,20458
14129,906400000,906420458,20458
14130,906450000,906470458,20458
14131,906500000,906520458,20458
14132,906550000,906570458,20458
14133,906600000,906620458,20458
14134,906650000,906670458,20458
14135,906700000,906720458,20458
14136,906750000,906770458,20458
14137,906800000,906820458,20458
14138,906850000,906870458,20458
14139,906900000,906920458,20458
14140,906950000,906970458,20458
14141,907000000,907020458,20458
14142,907050000,907070458,20458
14143,907100000,907120458,20458
14144,907150000,907170458,20458
14145,907200000,907220458,20458
14146,907250000,907270458,20458
14147,907300000,907320458,20458
14148,907350000,907370458,20458
14149,907400000,907420458,20458
14150,907450000,907470458,20458
14151,907500000,907520458,20458
14152,907550000,907570458,20458
14153,907600000,907620458,20458
14154,907650000,907670458,20458
14155,907700000,907720458,20458
14156,907750000,907770458,20458
14157,907800000,907820458,20458
14158,907850000,907870458,20458
14159,907900000,907920458,20458
14160,907950000,907970458,20458
14161,908000000,908020458,20458
14162,908050000,908070458,20458
14163,908100000,908120458,20458
14164,908150000,908170458,20458
14165,908200000,908220458,20458
14166,908250000,908270458,20458
14167,908300000,908320458,20458
14168,908350000,908370458,20458
14169,908400000,908420458,20458
14170,908450000,908470458,20458
14171,908500000,908520458,20458
14172,908550000,908570458,20458
14173,908600000,908620458,20458
14174,908650000,908670458,20458
14175,908700000,908720458,20458
14176,908750000,908770458,20458
14177,908800000,908820458,20458
14178,908850000,908870458,20458
14179,908900000,908920458,20458
14180,908950000,908970458,20458
14181,909000000,909020458,20458
14182,909050000,909070458,20458
14183,909100000,909120458,20458
14184,909150000,909170458,20458
14185,909200000,909220458,20458
14186,909250000,909270458,20458
14187,909300000,909320458,20458
14188,909350000,909370458,20458
14189,909400000,909420458,20458
14190,909450000,909470458,20458
14191,909500000,909520458,20458
14192,909550000,909570458,20458
14193,909600000,909620458,20458
14194,909650000,909670458,20458
14195,909700000,909720458,20458
14196,909750000,909770458,20458
14197,909800000,909820458,20458
14198,909850000,909870458,20458
14199,909900000,909920458,20458
14200,909950000,909970458,20458
14201,910000000,910020458,20458
14202,910050000,910070458,20458
14203,910100000,910120458,20458
14204,910150000,910170458,20458
14205,910200000,910220458,20458
14206,910250000,910270458,20458
14207,910300000,910320458,20458
14208,910350000,910370458,20458
14209,910400000,910420458,20458
14210,910450000,910470458,20458
14211,910500000,910520458,20458
14212,910550000,910570458,20458
14213,910600000,910620458,20458
14214,910650000,910670458,20458
14215,910700000,910720458,20458
14216,910750000,910770458,20458
14217,910800000,910820458,20458
14218,910850000,910870458,20458
14219,910900000,910920458,20458
14220,910950000,910970458,20458
14221,911000000,911020458,20458
14222,911050000,911070458,20458
14223,911100000,911120458,20458
14224,911150000,911170458,20458
14225,911200000,911220458,20458
14226,911250000,911270458,20458
14227,911300000,911320458,20458
14228,911350000,911370458,20458
14229,911400000,911420458,20458
14230,911450000,911470458,20458
14231,911500000,911520458,20458
14232,911550000,911570458,20458
14233,911600000,911620458,20458
14234,911650000,911670458,20458
14235,911700000,911720458,20458
14236,911750000,911770458,20458
14237,911800000,911820458,20458
14238,911850000,911870458,20458
14239,911900000,911920458,20458
14240,911950000,911970458,20458
14241,912000000,912020458,20458
14242,912050000,912070458,20458
14243,912100000,912120458,20458
14244,912150000,912170458,20458
14245,912200000,912220458,20458
14246,912250000,912270458,20458
14247,912300000,912320458,20458
14248,912350000,912370458,20458
14249,912400000,912420458,20458
14250,912450000,912470458,20458
14251,912500000,912520458,20458
14252,912550000,912570458,20458
14253,912600000,912620458,20458
14254,912650000,912670458,20458
14255,912700000,912720458,20458
14256,912750000,912770458,20458
14257,912800000,912820458,20458
14258,912850000,912870458,20458
14259,912900000,912920458,20458
14260,912950000,912970458,20458
14261,913000000,913020458,20458
14262,913050000,913070458,20458
14263,913100000,913120458,20458
14264,913150000,913170458,20458
14265,913200000,913220458,20458
14266,913250000,913270458,20458
14267,913300000,913320458,20458
14268,913350000,913370458,20458
14269,913400000,913420458,20458
14270,913450000,913470458,20458
14271,913500000,913520458,20458
14272,913550000,913570458,20458
14273,913600000,913620458,20458
14274,913650000,913670458,20458
14275,913700000,913720458,20458
14276,913750000,913770458,20458
14277,913800000,913820458,20458
14278,913850000,913870458,20458
14279,913900000,913920458,20458
14280,913950000,913970458,20458
14281,914000000,914020458,20458
14282,914050000,914070458,20458
14283,914100000,914120458,20458
14284,914150000,914170458,20458
14285,914200000,914220458,20458
14286,914250000,914270458,20458
14287,914300000,914320458,20458
14288,914350000,914370458,20458
14289,914400000,914420458,20458
14290,914450000,914470458,20458
14291,914500000,914520458,20458
14292,914550000,914570458,20458
14293,914600000,914620458,20458
14294,914650000,914670458,20458
14295,914700000,914720458,20458
14296,914750000,914770458,20458
14297,914800000,914820458,20458
14298,914850000,914870458,20458
14299,914900000,914920458,20458
14300,914950000,914970458,20458
14301,915000000,915020458,20458
14302,915050000,915070458,20458
14303,915100000,915120458,20458
14304,915150000,915170458,20458
14305,915200000,915220458,20458
14306,915250000,915270458,20458
14307,915300000,915320458,20458
14308,915350000,915370458,20458
14309,915400000,915420458,20458
14310,915450000,915470458,20458
14311,915500000,915520458,20458
14312,915550000,915570458,20458
14313,915600000,915620458,20458
14314,915650000,915670458,20458
14315,915700000,915720458,20458
14316,915750000,915770458,20458
14317,915800000,915820458,20458
14318,915850000,915870458,20458
14319,915900000,915920458,20458
14320,915950000,915970458,20458
14321,916000000,916020458,20458
14322,916050000,916070458,20458
14323,916100000,916120458,20458
14324,916150000,916170458,20458
14325,916200000,916220458,20458
14326,916250000,916270458,20458
14327,916300000,916320458,20458
14328,916350000,916370458,20458
14329,916400000,916420458,20458
14330,916450000,916470458,20458
14331,916500000,916520458,20458
14332,916550000,916570458,20458
14333,916600000,916620458,20458
14334,916650000,916670458,20458
14335,916700000,916720458,20458
14336,916750000,916770458,20458
14337,916800000,916820458,20458
14338,916850000,916870458,20458
14339,916900000,916920458,20458
14340,916950000,916970458,20458
14341,917000000,917020458,20458
14342,917050000,917070458,20458
14343,917100000,917120458,20458
14344,917150000,917170458,20458
14345,917200000,917220458,20458
14346,917250000,917270458,20458
14347,917300000,917320458,20458
14348,917350000,917370458,20458
14349,917400000,917420458,20458
14350,917450000,917470458,20458
14351,917500000,917520458,20458
14352,917550000,917570458,20458
14353,917600000,917620458,20458
14354,917650000,917670458,20458
14355,917700000,917720458,20458
14356,917750000,917770458,20458
14357,917800000,917820458,20458
14358,917850000,917870458,20458
14359,917900000,917920458,20458
14360,917950000,917970458,20458
14361,918000000,918020458,20458
14362,918050000,918070458,20458
14363,918100000,918120458,20458
14364,918150000,918170458,20458
14365,918200000,918220458,20458
14366,918250000,918270458,20458
14367,918300000,918320458,20458
14368,918350000,918370458,20458
14369,918400000,918420458,20458
14370,918450000,918470458,20458
14371,918500000,918520458,20458
14372,918550000,918570458,20458
14373,918600000,918620458,20458
14374,918650000,918670458,20458
14375,918700000,918720458,20458
14376,918750000,918770458,20458
14377,918800000,918820458,20458
14378,918850000,918870458,20458
14379,918900000,918920458,20458
14380,918950000,918970458,20458
14381,919000000,919020458,20458
14382,919050000,919070458,20458
14383,919100000,919120458,20458
14384,919150000,919170458,20458
14385,919200000,919220458,20458
14386,919250000,919270458,20458
14387,919300000,919320458,20458
14388,919350000,919370458,20458
14389,919400000,919420458,20458
14390,919450000,919470458,20458
14391,919500000,919520458,20458
14392,919550000,919570458,20458
14393,919600000,919620458,20458
14394,919650000,919670458,20458
14395,919700000,919720458,20458
14396,919750000,919770458,20458
14397,919800000,919820458,20458
14398,919850000,919870458,20458
14399,919900000,919920458,20458
14400,919950000,919970458,20458
14401,920000000,920020458,20458
14402,920050000,920070458,20458
14403,920100000,920120458,20458
14404,920150000,920170458,20458
14405,920200000,920220458,20458
14406,920250000,920270458,20458
14407,920300000,920320458,20458
14408,920350000,920370458,20458
14409,920400000,920420458,20458
14410,920450000,920470458,20458
14411,920500000,920520458,20458
14412,920550000,920570458,20458
14413,920600000,920620458,20458
14414,920650000,920670458,20458
14415,920700000,920720458,20458
14416,920750000,920770458,20458
14417,920800000,920820458,20458
14418,920850000,920870458,20458
14419,920900000,920920458,20458
14420,920950000,920970458,20458
14421,921000000,921020458,20458
14422,921050000,921070458,20458
14423,921100000,921120458,20458
14424,921150000,921170458,20458
14425,921200000,921220458,20458
14426,921250000,921270458,20458
14427,921300000,921320458,20458
14428,921350000,921370458,20458
14429,921400000,921420458,20458
14430,921450000,921470458,20458
14431,921500000,921520458,20458
14432,921550000,921570458,20458
14433,921600000,921620458,20458
14434,921650000,921670458,20458
14435,921700000,921720458,20458
14436,921750000,921770458,20458
14437,921800000,921820458,20458
14438,921850000,921870458,20458
14439,921900000,921920458,20458
14440,921950000,921970458,20458
14441,922000000,922020458,20458
14442,922050000,922070458,20458
14443,922100000,922120458,20458
14444,922150000,922170458,20458
14445,922200000,922220458,20458
14446,922250000,922270458,20458
14447,922300000,922320458,20458
14448,922350000,922370458,20458
14449,922400000,922420458,20458
14450,922450000,922470458,20458
14451,922500000,922520458,20458
14452,922550000,922570458,20458
14453,922600000,922620458,20458
14454,922650000,922670458,20458
14455,922700000,922720458,20458
14456,922750000,922770458,20458
14457,922800000,922820458,20458
14458,922850000,922870458,20458
14459,922900000,922920458,20458
14460,922950000,922970458,20458
14461,923000000,923020458,20458
14462,923050000,923070458,20458
14463,923100000,923120458,20458
14464,923150000,923170458,20458
14465,923200000,923220458,20458
14466,923250000,923270458,20458
14467,923300000,923320458,20458
14468,923350000,923370458,20458
14469,923400000,923420458,20458
14470,923450000,923470458,20458
14471,923500000,923520458,20458
14472,923550000,923570458,20458
14473,923600000,923620458,20458
14474,923650000,923670458,20458
14475,923700000,923720458,20458
14476,923750000,923770458,20458
14477,923800000,923820458,20458
14478,923850000,923870458,20458
14479,923900000,923920458,20458
14480,923950000,923970458,20458
14481,924000000,924020458,20458
14482,924050000,924070458,20458
14483,924100000,924120458,20458
14484,924150000,924170458,20458
14485,924200000,924220458,20458
14486,924250000,924270458,20458
14487,924300000,924320458,20458
14488,924350000,924370458,20458
14489,924400000,924420458,20458
14490,924450000,924470458,20458
14491,924500000,924520458,20458
14492,924550000,924570458,20458
14493,924600000,924620458,20458
14494,924650000,924670458,20458
14495,924700000,924720458,20458
14496,924750000,924770458,20458
14497,924800000,924820458,20458
14498,924850000,924870458,20458
14499,924900000,924920458,20458
14500,924950000,924970458,20458
14501,925000000,925020458,20458
14502,925050000,925070458,20458
14503,925100000,925120458,20458
14504,925150000,925170458,20458
14505,925200000,925220458,20458
14506,925250000,925270458,20458
14507,925300000,925320458,20458
14508,925350000,925370458,20458
14509,925400000,925420458,20458
14510,925450000,925470458,20458
14511,925500000,925520458,20458
14512,925550000,925570458,20458
14513,925600000,925620458,20458
14514,925650000,925670458,20458
14515,925700000,925720458,20458
14516,925750000,925770458,20458
14517,925800000,925820458,20458
14518,925850000,925870458,20458
14519,925900000,925920458,20458
14520,925950000,925970458,20458
14521,926000000,926020458,20458
14522,926050000,926070458,20458
14523,926100000,926120458,20458
14524,926150000,926170458,20458
14525,926200000,926220458,20458
14526,926250000,926270458,20458
14527,926300000,926320458,20458
14528,926350000,926370458,20458
14529,926400000,926420458,20458
14530,926450000,926470458,20458
14531,926500000,926520458,20458
14532,926550000,926570458,20458
14533,926600000,926620458,20458
14534,926650000,926670458,20458
14535,926700000,926720458,20458
14536,926750000,926770458,20458
14537,926800000,926820458,20458
14538,926850000,926870458,20458
14539,926900000,926920458,20458
14540,926950000,926970458,20458
14541,927000000,927020458,20458
14542,927050000,927070458,20458
14543,927100000,927120458,20458
14544,927150000,927170458,20458
14545,927200000,927220458,20458
14546,927250000,927270458,20458
14547,927300000,927320458,20458
14548,927350000,927370458,20458
14549,927400000,927420458,20458
14550,927450000,927470458,20458
14551,927500000,927520458,20458
14552,927550000,927570458,20458
14553,927600000,927620458,20458
14554,927650000,927670458,20458
14555,927700000,927720458,20458
14556,927750000,927770458,20458
14557,927800000,927820458,20458
14558,927850000,927870458,20458
14559,927900000,927920458,20458
14560,927950000,927970458,20458
14561,928000000,928020458,20458
14562,928050000,928070458,20458
14563,928100000,928120458,20458
14564,928150000,928170458,20458
14565,928200000,928220458,20458
14566,928250000,928270458,20458
14567,928300000,928320458,20458
14568,928350000,928370458,20458
14569,928400000,928420458,20458
14570,928450000,928470458,20458
14571,928500000,928520458,20458
14572,928550000,928570458,20458
14573,928600000,928620458,20458
14574,928650000,928670458,20458
14575,928700000,928720458,20458
14576,928750000,928770458,20458
14577,928800000,928820458,20458
14578,928850000,928870458,20458
14579,928900000,928920458,20458
14580,928950000,928970458,20458
14581,929000000,929020458,20458
14582,929050000,929070458,20458
14583,929100000,929120458,20458
14584,929150000,929170458,20458
14585,929200000,929220458,20458
14586,929250000,929270458,20458
14587,929300000,929320458,20458
14588,929350000,929370458,20458
14589,929400000,929420458,20458
14590,929450000,929470458,20458
14591,929500000,929520458,20458
14592,929550000,929570458,20458
14593,929600000,929620458,20458
14594,929650000,929670458,20458
14595,929700000,929720458,20458
14596,929750000,929770458,20458
14597,929800000,929820458,20458
14598,929850000,929870458,20458
14599,929900000,929920458,20458
14600,929950000,929970458,20458
14601,930000000,930020458,20458
14602,930050000,930070458,20458
14603,930100000,930120458,20458
14604,930150000,930170458,20458
14605,930200000,930220458,20458
14606,930250000,930270458,20458
14607,930300000,930320458,20458
14608,930350000,930370458,20458
14609,930400000,930420458,20458
14610,930450000,930470458,20458
14611,930500000,930520458,20458
14612,930550000,930570458,20458
14613,930600000,930620458,20458
14614,930650000,930670458,20458
14615,930700000,930720458,20458
14616,930750000,930770458,20458
14617,930800000,930820458,20458
14618,930850000,930870458,20458
14619,930900000,930920458,20458
14620,930950000,930970458,20458
14621,931000000,931020458,20458
14622,931050000,931070458,20458
14623,931100000,931120458,20458
14624,931150000,931170458,20458
14625,931200000,931220458,20458
14626,931250000,931270458,20458
14627,931300000,931320458,20458
14628,931350000,931370458,20458
14629,931400000,931420458,20458
14630,931450000,931470458,20458
14631,931500000,931520458,20458
14632,931550000,931570458,20458
14633,931600000,931620458,20458
14634,931650000,931670458,20458
14635,931700000,931720458,20458
14636,931750000,931770458,20458
14637,931800000,931820458,20458
14638,931850000,931870458,20458
14639,931900000,931920458,20458
14640,931950000,931970458,20458
14641,932000000,932020458,20458
14642,932050000,932070458,20458
14643,932100000,932120458,20458
14644,932150000,932170458,20458
14645,932200000,932220458,20458
14646,932250000,932270458,20458
14647,932300000,932320458,20458
14648,932350000,932370458,20458
14649,932400000,932420458,20458
14650,932450000,932470458,20458
14651,932500000,932520458,20458
14652,932550000,932570458,20458
14653,932600000,932620458,20458
14654,932650000,932670458,20458
14655,932700000,932720458,20458
14656,932750000,932770458,20458
14657,932800000,932820458,20458
14658,932850000,932870458,20458
14659,932900000,932920458,20458
14660,932950000,932970458,20458
14661,933000000,933020458,20458
14662,933050000,933070458,20458
14663,933100000,933120458,20458
14664,933150000,933170458,20458
14665,933200000,933220458,20458
14666,933250000,933270458,20458
14667,933300000,933320458,20458
14668,933350000,933370458,20458
14669,933400000,933420458,20458
14670,933450000,933470458,20458
14671,933500000,933520458,20458
14672,933550000,933570458,20458
14673,933600000,933620458,20458
14674,933650000,933670458,20458
14675,933700000,933720458,20458
14676,933750000,933770458,20458
14677,933800000,933820458,20458
14678,933850000,933870458,20458
14679,933900000,933920458,20458
14680,933950000,933970458,20458
14681,934000000,934020458,20458
14682,934050000,934070458,20458
14683,934100000,934120458,20458
14684,934150000,934170458,20458
14685,934200000,934220458,20458
14686,934250000,934270458,20458
14687,934300000,934320458,20458
14688,934350000,934370458,20458
14689,934400000,934420458,20458
14690,934450000,934470458,20458
14691,934500000,934520458,20458
14692,934550000,934570458,20458
14693,934600000,934620458,20458
14694,934650000,934670458,20458
14695,934700000,934720458,20458
14696,934750000,934770458,20458
14697,934800000,934820458,20458
14698,934850000,934870458,20458
14699,934900000,934920458,20458
14700,934950000,934970458,20458
14701,935000000,935020458,20458
14702,935050000,935070458,20458
14703,935100000,935120458,20458
14704,935150000,935170458,20458
14705,935200000,935220458,20458
14706,935250000,935270458,20458
14707,935300000,935320458,20458
14708,935350000,935370458,20458
14709,935400000,935420458,20458
14710,935450000,935470458,20458
14711,935500000,935520458,20458
14712,935550000,935570458,20458
14713,935600000,935620458,20458
14714,935650000,935670458,20458
14715,935700000,935720458,20458
14716,935750000,935770458,20458
14717,935800000,935820458,20458
14718,935850000,935870458,20458
14719,935900000,935920458,20458
14720,935950000,935970458,20458
14721,936000000,936020458,20458
14722,936050000,936070458,20458
14723,936100000,936120458,20458
14724,936150000,936170458,20458
14725,936200000,936220458,20458
14726,936250000,936270458,20458
14727,936300000,936320458,20458
14728,936350000,936370458,20458
14729,936400000,936420458,20458
14730,936450000,936470458,20458
14731,936500000,936520458,20458
14732,936550000,936570458,20458
14733,936600000,936620458,20458
14734,936650000,936670458,20458
14735,936700000,936720458,20458
14736,936750000,936770458,20458
14737,936800000,936820458,20458
14738,936850000,936870458,20458
14739,936900000,936920458,20458
14740,936950000,936970458,20458
14741,937000000,937020458,20458
14742,937050000,937070458,20458
14743,937100000,937120458,20458
14744,937150000,937170458,20458
14745,937200000,937220458,20458
14746,937250000,937270458,20458
14747,937300000,937320458,20458
14748,937350000,937370458,20458
14749,937400000,937420458,20458
14750,937450000,937470458,20458
14751,937500000,937520458,20458
14752,937550000,937570458,20458
14753,937600000,937620458,20458
14754,937650000,937670458,20458
14755,937700000,937720458,20458
14756,937750000,937770458,20458
14757,937800000,937820458,20458
14758,937850000,937870458,20458
14759,937900000,937920458,20458
14760,937950000,937970458,20458
14761,938000000,938020458,20458
14762,938050000,938070458,20458
14763,938100000,938120458,20458
14764,938150000,938170458,20458
14765,938200000,938220458,20458
14766,938250000,938270458,20458
14767,938300000,938320458,20458
14768,938350000,938370458,20458
14769,938400000,938420458,20458
14770,938450000,938470458,20458
14771,938500000,938520458,20458
14772,938550000,938570458,20458
14773,938600000,938620458,20458
14774,938650000,938670458,20458
14775,938700000,938720458,20458
14776,938750000,938770458,20458
14777,938800000,938820458,20458
14778,938850000,938870458,20458
14779,938900000,938920458,20458
14780,938950000,938970458,20458
14781,939000000,939020458,20458
14782,939050000,939070458,20458
14783,939100000,939120458,20458
14784,939150000,939170458,20458
14785,939200000,939220458,20458
14786,939250000,939270458,20458
14787,939300000,939320458,20458
14788,939350000,939370458,20458
14789,939400000,939420458,20458
14790,939450000,939470458,20458
14791,939500000,939520458,20458
14792,939550000,939570458,20458
14793,939600000,939620458,20458
14794,939650000,939670458,20458
14795,939700000,939720458,20458
14796,939750000,939770458,20458
14797,939800000,939820458,20458
14798,939850000,939870458,20458
14799,939900000,939920458,20458
14800,939950000,939970458,20458
14801,940000000,940020458,20458
14802,940050000,940070458,20458
14803,940100000,940120458,20458
14804,940150000,940170458,20458
14805,940200000,940220458,20458
14806,940250000,940270458,20458
14807,940300000,940320458,20458
14808,940350000,940370458,20458
14809,940400000,940420458,20458
14810,940450000,940470458,20458
14811,940500000,940520458,20458
14812,940550000,940570458,20458
14813,940600000,940620458,20458
14814,940650000,940670458,20458
14815,940700000,940720458,20458
14816,940750000,940770458,20458
14817,940800000,940820458,20458
14818,940850000,940870458,20458
14819,940900000,940920458,20458
14820,940950000,940970458,20458
14821,941000000,941020458,20458
14822,941050000,941070458,20458
14823,941100000,941120458,20458
14824,941150000,941170458,20458
14825,941200000,941220458,20458
14826,941250000,941270458,20458
14827,941300000,941320458,20458
14828,941350000,941370458,20458
14829,941400000,941420458,20458
14830,941450000,941470458,20458
14831,941500000,941520458,20458
14832,941550000,941570458,20458
14833,941600000,941620458,20458
14834,941650000,941670458,20458
14835,941700000,941720458,20458
14836,941750000,941770458,20458
14837,941800000,941820458,20458
14838,941850000,941870458,20458
14839,941900000,941920458,20458
14840,941950000,941970458,20458
14841,942000000,942020458,20458
14842,942050000,942070458,20458
14843,942100000,942120458,20458
14844,942150000,942170458,20458
14845,942200000,942220458,20458
14846,942250000,942270458,20458
14847,942300000,942320458,20458
14848,942350000,942370458,20458
14849,942400000,942420458,20458
14850,942450000,942470458,20458
14851,942500000,942520458,20458
14852,942550000,942570458,20458
14853,942600000,942620458,20458
14854,942650000,942670458,20458
14855,942700000,942720458,20458
14856,942750000,942770458,20458
14857,942800000,942820458,20458
14858,942850000,942870458,20458
14859,942900000,942920458,20458
14860,942950000,942970458,20458
14861,943000000,943020458,20458
14862,943050000,943070458,20458
14863,943100000,943120458,20458
14864,943150000,943170458,20458
14865,943200000,943220458,20458
14866,943250000,943270458,20458
14867,943300000,943320458,20458
14868,943350000,943370458,20458
14869,943400000,943420458,20458
14870,943450000,943470458,20458
14871,943500000,943520458,20458
14872,943550000,943570458,20458
14873,943600000,943620458,20458
14874,943650000,943670458,20458
14875,943700000,943720458,20458
14876,943750000,943770458,20458
14877,943800000,943820458,20458
14878,943850000,943870458,20458
14879,943900000,943920458,20458
14880,943950000,943970458,20458
14881,944000000,944020458,20458
14882,944050000,944070458,20458
14883,944100000,944120458,20458
14884,944150000,944170458,20458
14885,944200000,944220458,20458
14886,944250000,944270458,20458
14887,944300000,944320458,20458
14888,944350000,944370458,20458
14889,944400000,944420458,20458
14890,944450000,944470458,20458
14891,944500000,944520458,20458
14892,944550000,944570458,20458
14893,944600000,944620458,20458
14894,944650000,944670458,20458
14895,944700000,944720458,20458
14896,944750000,944770458,20458
14897,944800000,944820458,20458
14898,944850000,944870458,20458
14899,944900000,944920458,20458
14900,944950000,944970458,20458
14901,945000000,945020458,20458
14902,945050000,945070458,20458
14903,945100000,945120458,20458
14904,945150000,945170458,20458
14905,945200000,945220458,20458
14906,945250000,945270458,20458
14907,945300000,945320458,20458
14908,945350000,945370458,20458
14909,945400000,945420458,20458
14910,945450000,945470458,20458
14911,945500000,945520458,20458
14912,945550000,945570458,20458
14913,945600000,945620458,20458
14914,945650000,945670458,20458
14915,945700000,945720458,20458
14916,945750000,945770458,20458
14917,945800000,945820458,20458
14918,945850000,945870458,20458
14919,945900000,945920458,20458
14920,945950000,945970458,20458
14921,946000000,946020458,20458
14922,946050000,946070458,20458
14923,946100000,946120458,20458
14924,946150000,946170458,20458
14925,946200000,946220458,20458
14926,946250000,946270458,20458
14927,946300000,946320458,20458
14928,946350000,946370458,20458
14929,946400000,946420458,20458
14930,946450000,946470458,20458
14931,946500000,946520458,20458
14932,946550000,946570458,20458
14933,946600000,946620458,20458
14934,946650000,946670458,20458
14935,946700000,946720458,20458
14936,946750000,946770458,20458
14937,946800000,946820458,20458
14938,946850000,946870458,20458
14939,946900000,946920458,20458
14940,946950000,946970458,20458
14941,947000000,947020458,20458
14942,947050000,947070458,20458
14943,947100000,947120458,20458
14944,947150000,947170458,20458
14945,947200000,947220458,20458
14946,947250000,947270458,20458
14947,947300000,947320458,20458
14948,947350000,947370458,20458
14949,947400000,947420458,20458
14950,947450000,947470458,20458
14951,947500000,947520458,20458
14952,947550000,947570458,20458
14953,947600000,947620458,20458
14954,947650000,947670458,20458
14955,947700000,947720458,20458
14956,947750000,947770458,20458
14957,947800000,947820458,20458
14958,947850000,947870458,20458
14959,947900000,947920458,20458
14960,947950000,947970458,20458
14961,948000000,948020458,20458
14962,948050000,948070458,20458
14963,948100000,948120458,20458
14964,948150000,948170458,20458
14965,948200000,948220458,20458
14966,948250000,948270458,20458
14967,948300000,948320458,20458
14968,948350000,948370458,20458
14969,948400000,948420458,20458
14970,948450000,948470458,20458
14971,948500000,948520458,20458
14972,948550000,948570458,20458
14973,948600000,948620458,20458
14974,948650000,948670458,20458
14975,948700000,948720458,20458
14976,948750000,948770458,20458
14977,948800000,948820458,20458
14978,948850000,948870458,20458
14979,948900000,948920458,20458
14980,948950000,948970458,20458
14981,949000000,949020458,20458
14982,949050000,949070458,20458
14983,949100000,949120458,20458
14984,949150000,949170458,20458
14985,949200000,949220458,20458
14986,949250000,949270458,20458
14987,949300000,949320458,20458
14988,949350000,949370458,20458
14989,949400000,949420458,20458
14990,949450000,949470458,20458
14991,949500000,949520458,20458
14992,949550000,949570458,20458
14993,949600000,949620458,20458
14994,949650000,949670458,20458
14995,949700000,949720458,20458
14996,949750000,949770458,20458
14997,949800000,949820458,20458
14998,949850000,949870458,20458
14999,949900000,949920458,20458
15000,949950000,949970458,20458
15001,950000000,950020458,20458
15002,950050000,950070458,20458
15003,950100000,950120458,20458
15004,950150000,950170458,20458
15005,950200000,950220458,20458
15006,950250000,950270458,20458
15007,950300000,950320458,20458
15008,950350000,950370458,20458
15009,950400000,950420458,20458
15010,950450000,950470458,20458
15011,950500000,950520458,20458
15012,950550000,950570458,20458
15013,950600000,950620458,20458
15014,950650000,950670458,20458
15015,950700000,950720458,20458
15016,950750000,950770458,20458
15017,950800000,950820458,20458
15018,950850000,950870458,20458
15019,950900000,950920458,20458
15020,950950000,950970458,20458
15021,951000000,951020458,20458
15022,951050000,951070458,20458
15023,951100000,951120458,20458
15024,951150000,951170458,20458
15025,951200000,951220458,20458
15026,951250000,951270458,20458
15027,951300000,951320458,20458
15028,951350000,951370458,20458
15029,951400000,951420458,20458
15030,951450000,951470458,20458
15031,951500000,951520458,20458
15032,951550000,951570458,20458
15033,951600000,951620458,20458
15034,951650000,951670458,20458
15035,951700000,951720458,20458
15036,951750000,951770458,20458
15037,951800000,951820458,20458
15038,951850000,951870458,20458
15039,951900000,951920458,20458
15040,951950000,951970458,20458
15041,952000000,952020458,20458
15042,952050000,952070458,20458
15043,952100000,952120458,20458
15044,952150000,952170458,20458
15045,952200000,952220458,20458
15046,952250000,952270458,20458
15047,952300000,952320458,20458
15048,952350000,952370458,20458
15049,952400000,952420458,20458
15050,952450000,952470458,20458
15051,952500000,952520458,20458
15052,952550000,952570458,20458
15053,952600000,952620458,20458
15054,952650000,952670458,20458
15055,952700000,952720458,20458
15056,952750000,952770458,20458
15057,952800000,952820458,20458
15058,952850000,952870458,20458
15059,952900000,952920458,20458
15060,952950000,952970458,20458
15061,953000000,953020458,20458
15062,953050000,953070458,20458
15063,953100000,953120458,20458
15064,953150000,953170458,20458
15065,953200000,953220458,20458
15066,953250000,953270458,20458
15067,953300000,953320458,20458
15068,953350000,953370458,20458
15069,953400000,953420458,20458
15070,953450000,953470458,20458
15071,953500000,953520458,20458
15072,953550000,953570458,20458
15073,953600000,953620458,20458
15074,953650000,953670458,20458
15075,953700000,953720458,20458
15076,953750000,953770458,20458
15077,953800000,953820458,20458
15078,953850000,953870458,20458
15079,953900000,953920458,20458
15080,953950000,953970458,20458
15081,954000000,954020458,20458
15082,954050000,954070458,20458
15083,954100000,954120458,20458
15084,954150000,954170458,20458
15085,954200000,954220458,20458
15086,954250000,954270458,20458
15087,954300000,954320458,20458
15088,954350000,954370458,20458
15089,954400000,954420458,20458
15090,954450000,954470458,20458
15091,954500000,954520458,20458
15092,954550000,954570458,20458
15093,954600000,954620458,20458
15094,954650000,954670458,20458
15095,954700000,954720458,20458
15096,954750000,954770458,20458
15097,954800000,954820458,20458
15098,954850000,954870458,20458
15099,954900000,954920458,20458
15100,954950000,954970458,20458
15101,955000000,955020458,20458
15102,955050000,955070458,20458
15103,955100000,955120458,20458
15104,955150000,955170458,20458
15105,955200000,955220458,20458
15106,955250000,955270458,20458
15107,955300000,955320458,20458
15108,955350000,955370458,20458
15109,955400000,955420458,20458
15110,955450000,955470458,20458
15111,955500000,955520458,20458
15112,955550000,955570458,20458
15113,955600000,955620458,20458
15114,955650000,955670458,20458
15115,955700000,955720458,20458
15116,955750000,955770458,20458
15117,955800000,955820458,20458
15118,955850000,955870458,20458
15119,955900000,955920458,20458
15120,955950000,955970458,20458
15121,956000000,956020458,20458
15122,956050000,956070458,20458
15123,956100000,956120458,20458
15124,956150000,956170458,20458
15125,956200000,956220458,20458
15126,956250000,956270458,20458
15127,956300000,956320458,20458
15128,956350000,956370458,20458
15129,956400000,956420458,20458
15130,956450000,956470458,20458
15131,956500000,956520458,20458
15132,956550000,956570458,20458
15133,956600000,956620458,20458
15134,956650000,956670458,20458
15135,956700000,956720458,20458
15136,956750000,956770458,20458
15137,956800000,956820458,20458
15138,956850000,956870458,20458
15139,956900000,956920458,20458
15140,956950000,956970458,20458
15141,957000000,957020458,20458
15142,957050000,957070458,20458
15143,957100000,957120458,20458
15144,957150000,957170458,20458
15145,957200000,957220458,20458
15146,957250000,957270458,20458
15147,957300000,957320458,20458
15148,957350000,957370458,20458
15149,957400000,957420458,20458
15150,957450000,957470458,20458
15151,957500000,957520458,20458
15152,957550000,957570458,20458
15153,957600000,957620458,20458
15154,957650000,957670458,20458
15155,957700000,957720458,20458
15156,957750000,957770458,20458
15157,957800000,957820458,20458
15158,957850000,957870458,20458
15159,957900000,957920458,20458
15160,957950000,957970458,20458
15161,958000000,958020458,20458
15162,958050000,958070458,20458
15163,958100000,958120458,20458
15164,958150000,958170458,20458
15165,958200000,958220458,20458
15166,958250000,958270458,20458
15167,958300000,958320458,20458
15168,958350000,958370458,20458
15169,958400000,958420458,20458
15170,958450000,958470458,20458
15171,958500000,958520458,20458
15172,958550000,958570458,20458
15173,958600000,958620458,20458
15174,958650000,958670458,20458
15175,958700000,958720458,20458
15176,958750000,958770458,20458
15177,958800000,958820458,20458
15178,958850000,958870458,20458
15179,958900000,958920458,20458
15180,958950000,958970458,20458
15181,959000000,959020458,20458
15182,959050000,959070458,20458
15183,959100000,959120458,20458
15184,959150000,959170458,20458
15185,959200000,959220458,20458
15186,959250000,959270458,20458
15187,959300000,959320458,20458
15188,959350000,959370458,20458
15189,959400000,959420458,20458
15190,959450000,959470458,20458
15191,959500000,959520458,20458
15192,959550000,959570458,20458
15193,959600000,959620458,20458
15194,959650000,959670458,20458
15195,959700000,959720458,20458
15196,959750000,959770458,20458
15197,959800000,959820458,20458
15198,959850000,959870458,20458
15199,959900000,959920458,20458
15200,959950000,959970458,20458
15201,960000000,960020458,20458
15202,960050000,960070458,20458
15203,960100000,960120458,20458
15204,960150000,960170458,20458
15205,960200000,960220458,20458
15206,960250000,960270458,20458
15207,960300000,960320458,20458
15208,960350000,960370458,20458
15209,960400000,960420458,20458
15210,960450000,960470458,20458
15211,960500000,960520458,20458
15212,960550000,960570458,20458
15213,960600000,960620458,20458
15214,960650000,960670458,20458
15215,960700000,960720458,20458
15216,960750000,960770458,20458
15217,960800000,960820458,20458
15218,960850000,960870458,20458
15219,960900000,960920458,20458
15220,960950000,960970458,20458
15221,961000000,961020458,20458
15222,961050000,961070458,20458
15223,961100000,961120458,20458
15224,961150000,961170458,20458
15225,961200000,961220458,20458
15226,961250000,961270458,20458
15227,961300000,961320458,20458
15228,961350000,961370458,20458
15229,961400000,961420458,20458
15230,961450000,961470458,20458
15231,961500000,961520458,20458
15232,961550000,961570458,20458
15233,961600000,961620458,20458
15234,961650000,961670458,20458
15235,961700000,961720458,20458
15236,961750000,961770458,20458
15237,961800000,961820458,20458
15238,961850000,961870458,20458
15239,961900000,961920458,20458
15240,961950000,961970458,20458
15241,962000000,962020458,20458
15242,962050000,962070458,20458
15243,962100000,962120458,20458
15244,962150000,962170458,20458
15245,962200000,962220458,20458
15246,962250000,962270458,20458
15247,962300000,962320458,20458
15248,962350000,962370458,20458
15249,962400000,962420458,20458
15250,962450000,962470458,20458
15251,962500000,962520458,20458
15252,962550000,962570458,20458
15253,962600000,962620458,20458
15254,962650000,962670458,20458
15255,962700000,962720458,20458
15256,962750000,962770458,20458
15257,962800000,962820458,20458
15258,962850000,962870458,20458
15259,962900000,962920458,20458
15260,962950000,962970458,20458
15261,963000000,963020458,20458
15262,963050000,963070458,20458
15263,963100000,963120458,20458
15264,963150000,963170458,20458
15265,963200000,963220458,20458
15266,963250000,963270458,20458
15267,963300000,963320458,20458
15268,963350000,963370458,20458
15269,963400000,963420458,20458
15270,963450000,963470458,20458
15271,963500000,963520458,20458
15272,963550000,963570458,20458
15273,963600000,963620458,20458
15274,963650000,963670458,20458
15275,963700000,963720458,20458
15276,963750000,963770458,20458
15277,963800000,963820458,20458
15278,963850000,963870458,20458
15279,963900000,963920458,20458
15280,963950000,963970458,20458
15281,964000000,964020458,20458
15282,964050000,964070458,20458
15283,964100000,964120458,20458
15284,964150000,964170458,20458
15285,964200000,964220458,20458
15286,964250000,964270458,20458
15287,964300000,964320458,20458
15288,964350000,964370458,20458
15289,964400000,964420458,20458
15290,964450000,964470458,20458
15291,964500000,964520458,20458
15292,964550000,964570458,20458
15293,964600000,964620458,20458
15294,964650000,964670458,20458
15295,964700000,964720458,20458
15296,964750000,964770458,20458
15297,964800000,964820458,20458
15298,964850000,964870458,20458
15299,964900000,964920458,20458
15300,964950000,964970458,20458
15301,965000000,965020458,20458
15302,965050000,965070458,20458
15303,965100000,965120458,20458
15304,965150000,965170458,20458
15305,965200000,965220458,20458
15306,965250000,965270458,20458
15307,965300000,965320458,20458
15308,965350000,965370458,20458
15309,965400000,965420458,20458
15310,965450000,965470458,20458
15311,965500000,965520458,20458
15312,965550000,965570458,20458
15313,965600000,965620458,20458
15314,965650000,965670458,20458
15315,965700000,965720458,20458
15316,965750000,965770458,20458
15317,965800000,965820458,20458
15318,965850000,965870458,20458
15319,965900000,965920458,20458
15320,965950000,965970458,20458
15321,966000000,966020458,20458
15322,966050000,966070458,20458
15323,966100000,966120458,20458
15324,966150000,966170458,20458
15325,966200000,966220458,20458
15326,966250000,966270458,20458
15327,966300000,966320458,20458
15328,966350000,966370458,20458
15329,966400000,966420458,20458
15330,966450000,966470458,20458
15331,966500000,966520458,20458
15332,966550000,966570458,20458
15333,966600000,966620458,20458
15334,966650000,966670458,20458
15335,966700000,966720458,20458
15336,966750000,966770458,20458
15337,966800000,966820458,20458
15338,966850000,966870458,20458
15339,966900000,966920458,20458
15340,966950000,966970458,20458
15341,967000000,967020458,20458
15342,967050000,967070458,20458
15343,967100000,967120458,20458
15344,967150000,967170458,20458
15345,967200000,967220458,20458
15346,967250000,967270458,20458
15347,967300000,967320458,20458
15348,967350000,967370458,20458
15349,967400000,967420458,20458
15350,967450000,967470458,20458
15351,967500000,967520458,20458
15352,967550000,967570458,20458
15353,967600000,967620458,20458
15354,967650000,967670458,20458
15355,967700000,967720458,20458
15356,967750000,967770458,20458
15357,967800000,967820458,20458
15358,967850000,967870458,20458
15359,967900000,967920458,20458
15360,967950000,967970458,20458
15361,968000000,968020458,20458
15362,968050000,968070458,20458
15363,968100000,968120458,20458
15364,968150000,968170458,20458
15365,968200000,968220458,20458
15366,968250000,968270458,20458
15367,968300000,968320458,20458
15368,968350000,968370458,20458
15369,968400000,968420458,20458
15370,968450000,968470458,20458
15371,968500000,968520458,20458
15372,968550000,968570458,20458
15373,968600000,968620458,20458
15374,968650000,968670458,20458
15375,968700000,968720458,20458
15376,968750000,968770458,20458
15377,968800000,968820458,20458
15378,968850000,968870458,20458
15379,968900000,968920458,20458
15380,968950000,968970458,20458
15381,969000000,969020458,20458
15382,969050000,969070458,20458
15383,969100000,969120458,20458
15384,969150000,969170458,20458
15385,969200000,969220458,20458
15386,969250000,969270458,20458
15387,969300000,969320458,20458
15388,969350000,969370458,20458
15389,969400000,969420458,20458
15390,969450000,969470458,20458
15391,969500000,969520458,20458
15392,969550000,969570458,20458
15393,969600000,969620458,20458
15394,969650000,969670458,20458
15395,969700000,969720458,20458
15396,969750000,969770458,20458
15397,969800000,969820458,20458
15398,969850000,969870458,20458
15399,969900000,969920458,20458
15400,969950000,969970458,20458
15401,970000000,970020458,20458
15402,970050000,970070458,20458
15403,970100000,970120458,20458
15404,970150000,970170458,20458
15405,970200000,970220458,20458
15406,970250000,970270458,20458
15407,970300000,970320458,20458
15408,970350000,970370458,20458
15409,970400000,970420458,20458
15410,970450000,970470458,20458
15411,970500000,970520458,20458
15412,970550000,970570458,20458
15413,970600000,970620458,20458
15414,970650000,970670458,20458
15415,970700000,970720458,20458
15416,970750000,970770458,20458
15417,970800000,970820458,20458
15418,970850000,970870458,20458
15419,970900000,970920458,20458
15420,970950000,970970458,20458
15421,971000000,971020458,20458
15422,971050000,971070458,20458
15423,971100000,971120458,20458
15424,971150000,971170458,20458
15425,971200000,971220458,20458
15426,971250000,971270458,20458
15427,971300000,971320458,20458
15428,971350000,971370458,20458
15429,971400000,971420458,20458
15430,971450000,971470458,20458
15431,971500000,971520458,20458
15432,971550000,971570458,20458
15433,971600000,971620458,20458
15434,971650000,971670458,20458
15435,971700000,971720458,20458
15436,971750000,971770458,20458
15437,971800000,971820458,20458
15438,971850000,971870458,20458
15439,971900000,971920458,20458
15440,971950000,971970458,20458
15441,972000000,972020458,20458
15442,972050000,972070458,20458
15443,972100000,972120458,20458
15444,972150000,972170458,20458
15445,972200000,972220458,20458
15446,972250000,972270458,20458
15447,972300000,972320458,20458
15448,972350000,972370458,20458
15449,972400000,972420458,20458
15450,972450000,972470458,20458
15451,972500000,972520458,20458
15452,972550000,972570458,20458
15453,972600000,972620458,20458
15454,972650000,972670458,20458
15455,972700000,972720458,20458
15456,972750000,972770458,20458
15457,972800000,972820458,20458
15458,972850000,972870458,20458
15459,972900000,972920458,20458
15460,972950000,972970458,20458
15461,973000000,973020458,20458
15462,973050000,973070458,20458
15463,973100000,973120458,20458
15464,973150000,973170458,20458
15465,973200000,973220458,20458
15466,973250000,973270458,20458
15467,973300000,973320458,20458
15468,973350000,973370458,20458
15469,973400000,973420458,20458
15470,973450000,973470458,20458
15471,973500000,973520458,20458
15472,973550000,973570458,20458
15473,973600000,973620458,20458
15474,973650000,973670458,20458
15475,973700000,973720458,20458
15476,973750000,973770458,20458
15477,973800000,973820458,20458
15478,973850000,973870458,20458
15479,973900000,973920458,20458
15480,973950000,973970458,20458
15481,974000000,974020458,20458
15482,974050000,974070458,20458
15483,974100000,974120458,20458
15484,974150000,974170458,20458
15485,974200000,974220458,20458
15486,974250000,974270458,20458
15487,974300000,974320458,20458
15488,974350000,974370458,20458
15489,974400000,974420458,20458
15490,974450000,974470458,20458
15491,974500000,974520458,20458
15492,974550000,974570458,20458
15493,974600000,974620458,20458
15494,974650000,974670458,20458
15495,974700000,974720458,20458
15496,974750000,974770458,20458
15497,974800000,974820458,20458
15498,974850000,974870458,20458
15499,974900000,974920458,20458
15500,974950000,974970458,20458
15501,975000000,975020458,20458
15502,975050000,975070458,20458
15503,975100000,975120458,20458
15504,975150000,975170458,20458
15505,975200000,975220458,20458
15506,975250000,975270458,20458
15507,975300000,975320458,20458
15508,975350000,975370458,20458
15509,975400000,975420458,20458
15510,975450000,975470458,20458
15511,975500000,975520458,20458
15512,975550000,975570458,20458
15513,975600000,975620458,20458
15514,975650000,975670458,20458
15515,975700000,975720458,20458
15516,975750000,975770458,20458
15517,975800000,975820458,20458
15518,975850000,975870458,20458
15519,975900000,975920458,20458
15520,975950000,975970458,20458
15521,976000000,976020458,20458
15522,976050000,976070458,20458
15523,976100000,976120458,20458
15524,976150000,976170458,20458
15525,976200000,976220458,20458
15526,976250000,976270458,20458
15527,976300000,976320458,20458
15528,976350000,976370458,20458
15529,976400000,976420458,20458
15530,976450000,976470458,20458
15531,976500000,976520458,20458
15532,976550000,976570458,20458
15533,976600000,976620458,20458
15534,976650000,976670458,20458
15535,976700000,976720458,20458
15536,976750000,976770458,20458
15537,976800000,976820458,20458
15538,976850000,976870458,20458
15539,976900000,976920458,20458
15540,976950000,976970458,20458
15541,977000000,977020458,20458
15542,977050000,977070458,20458
15543,977100000,977120458,20458
15544,977150000,977170458,20458
15545,977200000,977220458,20458
15546,977250000,977270458,20458
15547,977300000,977320458,20458
15548,977350000,977370458,20458
15549,977400000,977420458,20458
15550,977450000,977470458,20458
15551,977500000,977520458,20458
15552,977550000,977570458,20458
15553,977600000,977620458,20458
15554,977650000,977670458,20458
15555,977700000,977720458,20458
15556,977750000,977770458,20458
15557,977800000,977820458,20458
15558,977850000,977870458,20458
15559,977900000,977920458,20458
15560,977950000,977970458,20458
15561,978000000,978020458,20458
15562,978050000,978070458,20458
15563,978100000,978120458,20458
15564,978150000,978170458,20458
15565,978200000,978220458,20458
15566,978250000,978270458,20458
15567,978300000,978320458,20458
15568,978350000,978370458,20458
15569,978400000,978420458,20458
15570,978450000,978470458,20458
15571,978500000,978520458,20458
15572,978550000,978570458,20458
15573,978600000,978620458,20458
15574,978650000,978670458,20458
15575,978700000,978720458,20458
15576,978750000,978770458,20458
15577,978800000,978820458,20458
15578,978850000,978870458,20458
15579,978900000,978920458,20458
15580,978950000,978970458,20458
15581,979000000,979020458,20458
15582,979050000,979070458,20458
15583,979100000,979120458,20458
15584,979150000,979170458,20458
15585,979200000,979220458,20458
15586,979250000,979270458,20458
15587,979300000,979320458,20458
15588,979350000,979370458,20458
15589,979400000,979420458,20458
15590,979450000,979470458,20458
15591,979500000,979520458,20458
15592,979550000,979570458,20458
15593,979600000,979620458,20458
15594,979650000,979670458,20458
15595,979700000,979720458,20458
15596,979750000,979770458,20458
15597,979800000,979820458,20458
15598,979850000,979870458,20458
15599,979900000,979920458,20458
15600,979950000,979970458,20458
15601,980000000,980020458,20458
15602,980050000,980070458,20458
15603,980100000,980120458,20458
15604,980150000,980170458,20458
15605,980200000,980220458,20458
15606,980250000,980270458,20458
15607,980300000,980320458,20458
15608,980350000,980370458,20458
15609,980400000,980420458,20458
15610,980450000,980470458,20458
15611,980500000,980520458,20458
15612,980550000,980570458,20458
15613,980600000,980620458,20458
15614,980650000,980670458,20458
15615,980700000,980720458,20458
15616,980750000,980770458,20458
15617,980800000,980820458,20458
15618,980850000,980870458,20458
15619,980900000,980920458,20458
15620,980950000,980970458,20458
15621,981000000,981020458,20458
15622,981050000,981070458,20458
15623,981100000,981120458,20458
15624,981150000,981170458,20458
15625,981200000,981220458,20458
15626,981250000,981270458,20458
15627,981300000,981320458,20458
15628,981350000,981370458,20458
15629,981400000,981420458,20458
15630,981450000,981470458,20458
15631,981500000,981520458,20458
15632,981550000,981570458,20458
15633,981600000,981620458,20458
15634,981650000,981670458,20458
15635,981700000,981720458,20458
15636,981750000,981770458,20458
15637,981800000,981820458,20458
15638,981850000,981870458,20458
15639,981900000,981920458,20458
15640,981950000,981970458,20458
15641,982000000,982020458,20458
15642,982050000,982070458,20458
15643,982100000,982120458,20458
15644,982150000,982170458,20458
15645,982200000,982220458,20458
15646,982250000,982270458,20458
15647,982300000,982320458,20458
15648,982350000,982370458,20458
15649,982400000,982420458,20458
15650,982450000,982470458,20458
15651,982500000,982520458,20458
15652,982550000,982570458,20458
15653,982600000,982620458,20458
15654,982650000,982670458,20458
15655,982700000,982720458,20458
15656,982750000,982770458,20458
15657,982800000,982820458,20458
15658,982850000,982870458,20458
15659,982900000,982920458,20458
15660,982950000,982970458,20458
15661,983000000,983020458,20458
15662,983050000,983070458,20458
15663,983100000,983120458,20458
15664,983150000,983170458,20458
15665,983200000,983220458,20458
15666,983250000,983270458,20458
15667,983300000,983320458,20458
15668,983350000,983370458,20458
15669,983400000,983420458,20458
15670,983450000,983470458,20458
15671,983500000,983520458,20458
15672,983550000,983570458,20458
15673,983600000,983620458,20458
15674,983650000,983670458,20458
15675,983700000,983720458,20458
15676,983750000,983770458,20458
15677,983800000,983820458,20458
15678,983850000,983870458,20458
15679,983900000,983920458,20458
15680,983950000,983970458,20458
15681,984000000,984020458,20458
15682,984050000,984070458,20458
15683,984100000,984120458,20458
15684,984150000,984170458,20458
15685,984200000,984220458,20458
15686,984250000,984270458,20458
15687,984300000,984320458,20458
15688,984350000,984370458,20458
15689,984400000,984420458,20458
15690,984450000,984470458,20458
15691,984500000,984520458,20458
15692,984550000,984570458,20458
15693,984600000,984620458,20458
15694,984650000,984670458,20458
15695,984700000,984720458,20458
15696,984750000,984770458,20458
15697,984800000,984820458,20458
15698,984850000,984870458,20458
15699,984900000,984920458,20458
15700,984950000,984970458,20458
15701,985000000,985020458,20458
15702,985050000,985070458,20458
15703,985100000,985120458,20458
15704,985150000,985170458,20458
15705,985200000,985220458,20458
15706,985250000,985270458,20458
15707,985300000,985320458,20458
15708,985350000,985370458,20458
15709,985400000,985420458,20458
15710,985450000,985470458,20458
15711,985500000,985520458,20458
15712,985550000,985570458,20458
15713,985600000,985620458,20458
15714,985650000,985670458,20458
15715,985700000,985720458,20458
15716,985750000,985770458,20458
15717,985800000,985820458,20458
15718,985850000,985870458,20458
15719,985900000,985920458,20458
15720,985950000,985970458,20458
15721,986000000,986020458,20458
15722,986050000,986070458,20458
15723,986100000,986120458,20458
15724,986150000,986170458,20458
15725,986200000,986220458,20458
15726,986250000,986270458,20458
15727,986300000,986320458,20458
15728,986350000,986370458,20458
15729,986400000,986420458,20458
15730,986450000,986470458,20458
15731,986500000,986520458,20458
15732,986550000,986570458,20458
15733,986600000,986620458,20458
15734,986650000,986670458,20458
15735,986700000,986720458,20458
15736,986750000,986770458,20458
15737,986800000,986820458,20458
15738,986850000,986870458,20458
15739,986900000,986920458,20458
15740,986950000,986970458,20458
15741,987000000,987020458,20458
15742,987050000,987070458,20458
15743,987100000,987120458,20458
15744,987150000,987170458,20458
15745,987200000,987220458,20458
15746,987250000,987270458,20458
15747,987300000,987320458,20458
15748,987350000,987370458,20458
15749,987400000,987420458,20458
15750,987450000,987470458,20458
15751,987500000,987520458,20458
15752,987550000,987570458,20458
15753,987600000,987620458,20458
15754,987650000,987670458,20458
15755,987700000,987720458,20458
15756,987750000,987770458,20458
15757,987800000,987820458,20458
15758,987850000,987870458,20458
15759,987900000,987920458,20458
15760,987950000,987970458,20458
15761,988000000,988020458,20458
15762,988050000,988070458,20458
15763,988100000,988120458,20458
15764,988150000,988170458,20458
15765,988200000,988220458,20458
15766,988250000,988270458,20458
15767,988300000,988320458,20458
15768,988350000,988370458,20458
15769,988400000,988420458,20458
15770,988450000,988470458,20458
15771,988500000,988520458,20458
15772,988550000,988570458,20458
15773,988600000,988620458,20458
15774,988650000,988670458,20458
15775,988700000,988720458,20458
15776,988750000,988770458,20458
15777,988800000,988820458,20458
15778,988850000,988870458,20458
15779,988900000,988920458,20458
15780,988950000,988970458,20458
15781,989000000,989020458,20458
15782,989050000,989070458,20458
15783,989100000,989120458,20458
15784,989150000,989170458,20458
15785,989200000,989220458,20458
15786,989250000,989270458,20458
15787,989300000,989320458,20458
15788,989350000,989370458,20458
15789,989400000,989420458,20458
15790,989450000,989470458,20458
15791,989500000,989520458,20458
15792,989550000,989570458,20458
15793,989600000,989620458,20458
15794,989650000,989670458,20458
15795,989700000,989720458,20458
15796,989750000,989770458,20458
15797,989800000,989820458,20458
15798,989850000,989870458,20458
15799,989900000,989920458,20458
15800,989950000,989970458,20458
15801,990000000,990020458,20458
15802,990050000,990070458,20458
15803,990100000,990120458,20458
15804,990150000,990170458,20458
15805,990200000,990220458,20458
15806,990250000,990270458,20458
15807,990300000,990320458,20458
15808,990350000,990370458,20458
15809,990400000,990420458,20458
15810,990450000,990470458,20458
15811,990500000,990520458,20458
15812,990550000,990570458,20458
15813,990600000,990620458,20458
15814,990650000,990670458,20458
15815,990700000,990720458,20458
15816,990750000,990770458,20458
15817,990800000,990820458,20458
15818,990850000,990870458,20458
15819,990900000,990920458,20458
15820,990950000,990970458,20458
15821,991000000,991020458,20458
15822,991050000,991070458,20458
15823,991100000,991120458,20458
15824,991150000,991170458,20458
15825,991200000,991220458,20458
15826,991250000,991270458,20458
15827,991300000,991320458,20458
15828,991350000,991370458,20458
15829,991400000,991420458,20458
15830,991450000,991470458,20458
15831,991500000,991520458,20458
15832,991550000,991570458,20458
15833,991600000,991620458,20458
15834,991650000,991670458,20458
15835,991700000,991720458,20458
15836,991750000,991770458,20458
15837,991800000,991820458,20458
15838,991850000,991870458,20458
15839,991900000,991920458,20458
15840,991950000,991970458,20458
15841,992000000,992020458,20458
15842,992050000,992070458,20458
15843,992100000,992120458,20458
15844,992150000,992170458,20458
15845,992200000,992220458,20458
15846,992250000,992270458,20458
15847,992300000,992320458,20458
15848,992350000,992370458,20458
15849,992400000,992420458,20458
15850,992450000,992470458,20458
15851,992500000,992520458,20458
15852,992550000,992570458,20458
15853,992600000,992620458,20458
15854,992650000,992670458,20458
15855,992700000,992720458,20458
15856,992750000,992770458,20458
15857,992800000,992820458,20458
15858,992850000,992870458,20458
15859,992900000,992920458,20458
15860,992950000,992970458,20458
15861,993000000,993020458,20458
15862,993050000,993070458,20458
15863,993100000,993120458,20458
15864,993150000,993170458,20458
15865,993200000,993220458,20458
15866,993250000,993270458,20458
15867,993300000,993320458,20458
15868,993350000,993370458,20458
15869,993400000,993420458,20458
15870,993450000,993470458,20458
15871,993500000,993520458,20458
15872,993550000,993570458,20458
15873,993600000,993620458,20458
15874,993650000,993670458,20458
15875,993700000,993720458,20458
15876,993750000,993770458,20458
15877,993800000,993820458,20458
15878,993850000,993870458,20458
15879,993900000,993920458,20458
15880,993950000,993970458,20458
15881,994000000,994020458,20458
15882,994050000,994070458,20458
15883,994100000,994120458,20458
15884,994150000,994170458,20458
15885,994200000,994220458,20458
15886,994250000,994270458,20458
15887,994300000,994320458,20458
15888,994350000,994370458,20458
15889,994400000,994420458,20458
15890,994450000,994470458,20458
15891,994500000,994520458,20458
15892,994550000,994570458,20458
15893,994600000,994620458,20458
15894,994650000,994670458,20458
15895,994700000,994720458,20458
15896,994750000,994770458,20458
15897,994800000,994820458,20458
15898,994850000,994870458,20458
15899,994900000,994920458,20458
15900,994950000,994970458,20458
15901,995000000,995020458,20458
15902,995050000,995070458,20458
15903,995100000,995120458,20458
15904,995150000,995170458,20458
15905,995200000,995220458,20458
15906,995250000,995270458,20458
15907,995300000,995320458,20458
15908,995350000,995370458,20458
15909,995400000,995420458,20458
15910,995450000,995470458,20458
15911,995500000,995520458,20458
15912,995550000,995570458,20458
15913,995600000,995620458,20458
15914,995650000,995670458,20458
15915,995700000,995720458,20458
15916,995750000,995770458,20458
15917,995800000,995820458,20458
15918,995850000,995870458,20458
15919,995900000,995920458,20458
15920,995950000,995970458,20458
15921,996000000,996020458,20458
15922,996050000,996070458,20458
15923,996100000,996120458,20458
15924,996150000,996170458,20458
15925,996200000,996220458,20458
15926,996250000,996270458,20458
15927,996300000,996320458,20458
15928,996350000,996370458,20458
15929,996400000,996420458,20458
15930,996450000,996470458,20458
15931,996500000,996520458,20458
15932,996550000,996570458,20458
15933,996600000,996620458,20458
15934,996650000,996670458,20458
15935,996700000,996720458,20458
15936,996750000,996770458,20458
15937,996800000,996820458,20458
15938,996850000,996870458,20458
15939,996900000,996920458,20458
15940,996950000,996970458,20458
15941,997000000,997020458,20458
15942,997050000,997070458,20458
15943,997100000,997120458,20458
15944,997150000,997170458,20458
15945,997200000,997220458,20458
15946,997250000,997270458,20458
15947,997300000,997320458,20458
15948,997350000,997370458,20458
15949,997400000,997420458,20458
15950,997450000,997470458,20458
15951,997500000,997520458,20458
15952,997550000,997570458,20458
15953,997600000,997620458,20458
15954,997650000,997670458,20458
15955,997700000,997720458,20458
15956,997750000,997770458,20458
15957,997800000,997820458,20458
15958,997850000,997870458,20458
15959,997900000,997920458,20458
15960,997950000,997970458,20458
15961,998000000,998020458,20458
15962,998050000,998070458,20458
15963,998100000,998120458,20458
15964,998150000,998170458,20458
15965,998200000,998220458,20458
15966,998250000,998270458,20458
15967,998300000,998320458,20458
15968,998350000,998370458,20458
15969,998400000,998420458,20458
15970,998450000,998470458,20458
15971,998500000,998520458,20458
15972,998550000,998570458,20458
15973,998600000,998620458,20458
15974,998650000,998670458,20458
15975,998700000,998720458,20458
15976,998750000,998770458,20458
15977,998800000,998820458,20458
15978,998850000,998870458,20458
15979,998900000,998920458,20458
15980,998950000,998970458,20458
15981,999000000,999020458,20458
15982,999050000,999070458,20458
15983,999100000,999120458,20458
15984,999150000,999170458,20458
15985,999200000,999220458,20458
15986,999250000,999270458,20458
15987,999300000,999320458,20458
15988,999350000,999370458,20458
15989,999400000,999420458,20458
15990,999450000,999470458,20458
15991,999500000,999520458,20458
15992,999550000,999570458,20458
15993,999600000,999620458,20458
15994,999650000,999670458,20458
15995,999700000,999720458,20458
15996,999750000,999770458,20458
15997,999800000,999820458,20458
15998,999850000,999870458,20458
15999,999900000,999920458,20458
16000,999950000,999970458,20458
16001,1000000000,1000020458,20458
16002,1000050000,1000070458,20458
16003,1000100000,1000120458,20458
16004,1000150000,1000170458,20458
16005,1000200000,1000220458,20458
16006,1000250000,1000270458,20458
16007,1000300000,1000320458,20458
16008,1000350000,1000370458,20458
16009,1000400000,1000420458,20458
16010,1000450000,1000470458,20458
16011,1000500000,1000520458,20458
16012,1000550000,1000570458,20458
16013,1000600000,1000620458,20458
16014,1000650000,1000670458,20458
16015,1000700000,1000720458,20458
16016,1000750000,1000770458,20458
16017,1000800000,1000820458,20458
16018,1000850000,1000870458,20458
16019,1000900000,1000920458,20458
16020,1000950000,1000970458,20458
16021,1001000000,1001020458,20458
16022,1001050000,1001070458,20458
16023,1001100000,1001120458,20458
16024,1001150000,1001170458,20458
16025,1001200000,1001220458,20458
16026,1001250000,1001270458,20458
16027,1001300000,1001320458,20458
16028,1001350000,1001370458,20458
16029,1001400000,1001420458,20458
16030,1001450000,1001470458,20458
16031,1001500000,1001520458,20458
16032,1001550000,1001570458,20458
16033,1001600000,1001620458,20458
16034,1001650000,1001670458,20458
16035,1001700000,1001720458,20458
16036,1001750000,1001770458,20458
16037,1001800000,1001820458,20458
16038,1001850000,1001870458,20458
16039,1001900000,1001920458,20458
16040,1001950000,1001970458,20458
16041,1002000000,1002020458,20458
16042,1002050000,1002070458,20458
16043,1002100000,1002120458,20458
16044,1002150000,1002170458,20458
16045,1002200000,1002220458,20458
16046,1002250000,1002270458,20458
16047,1002300000,1002320458,20458
16048,1002350000,1002370458,20458
16049,1002400000,1002420458,20458
16050,1002450000,1002470458,20458
16051,1002500000,1002520458,20458
16052,1002550000,1002570458,20458
16053,1002600000,1002620458,20458
16054,1002650000,1002670458,20458
16055,1002700000,1002720458,20458
16056,1002750000,1002770458,20458
16057,1002800000,1002820458,20458
16058,1002850000,1002870458,20458
16059,1002900000,1002920458,20458
16060,1002950000,1002970458,20458
16061,1003000000,1003020458,20458
16062,1003050000,1003070458,20458
16063,1003100000,1003120458,20458
16064,1003150000,1003170458,20458
16065,1003200000,1003220458,20458
16066,1003250000,1003270458,20458
16067,1003300000,1003320458,20458
16068,1003350000,1003370458,20458
16069,1003400000,1003420458,20458
16070,1003450000,1003470458,20458
16071,1003500000,1003520458,20458
16072,1003550000,1003570458,20458
16073,1003600000,1003620458,20458
16074,1003650000,1003670458,20458
16075,1003700000,1003720458,20458
16076,1003750000,1003770458,20458
16077,1003800000,1003820458,20458
16078,1003850000,1003870458,20458
16079,1003900000,1003920458,20458
16080,1003950000,1003970458,20458
16081,1004000000,1004020458,20458
16082,1004050000,1004070458,20458
16083,1004100000,1004120458,20458
16084,1004150000,1004170458,20458
16085,1004200000,1004220458,20458
16086,1004250000,1004270458,20458
16087,1004300000,1004320458,20458
16088,1004350000,1004370458,20458
16089,1004400000,1004420458,20458
16090,1004450000,1004470458,20458
16091,1004500000,1004520458,20458
16092,1004550000,1004570458,20458
16093,1004600000,1004620458,20458
16094,1004650000,1004670458,20458
16095,1004700000,1004720458,20458
16096,1004750000,1004770458,20458
16097,1004800000,1004820458,20458
16098,1004850000,1004870458,20458
16099,1004900000,1004920458,20458
16100,1004950000,1004970458,20458
16101,1005000000,1005020458,20458
16102,1005050000,1005070458,20458
16103,1005100000,1005120458,20458
16104,1005150000,1005170458,20458
16105,1005200000,1005220458,20458
16106,1005250000,1005270458,20458
16107,1005300000,1005320458,20458
16108,1005350000,1005370458,20458
16109,1005400000,1005420458,20458
16110,1005450000,1005470458,20458
16111,1005500000,1005520458,20458
16112,1005550000,1005570458,20458
16113,1005600000,1005620458,20458
16114,1005650000,1005670458,20458
16115,1005700000,1005720458,20458
16116,1005750000,1005770458,20458
16117,1005800000,1005820458,20458
16118,1005850000,1005870458,20458
16119,1005900000,1005920458,20458
16120,1005950000,1005970458,20458
16121,1006000000,1006020458,20458
16122,1006050000,1006070458,20458
16123,1006100000,1006120458,20458
16124,1006150000,1006170458,20458
16125,1006200000,1006220458,20458
16126,1006250000,1006270458,20458
16127,1006300000,1006320458,20458
16128,1006350000,1006370458,20458
16129,1006400000,1006420458,20458
16130,1006450000,1006470458,20458
16131,1006500000,1006520458,20458
16132,1006550000,1006570458,20458
16133,1006600000,1006620458,20458
16134,1006650000,1006670458,20458
16135,1006700000,1006720458,20458
16136,1006750000,1006770458,20458
16137,1006800000,1006820458,20458
16138,1006850000,1006870458,20458
16139,1006900000,1006920458,20458
16140,1006950000,1006970458,20458
16141,1007000000,1007020458,20458
16142,1007050000,1007070458,20458
16143,1007100000,1007120458,20458
16144,1007150000,1007170458,20458
16145,1007200000,1007220458,20458
16146,1007250000,1007270458,20458
16147,1007300000,1007320458,20458
16148,1007350000,1007370458,20458
16149,1007400000,1007420458,20458
16150,1007450000,1007470458,20458
16151,1007500000,1007520458,20458
16152,1007550000,1007570458,20458
16153,1007600000,1007620458,20458
16154,1007650000,1007670458,20458
16155,1007700000,1007720458,20458
16156,1007750000,1007770458,20458
16157,1007800000,1007820458,20458
16158,1007850000,1007870458,20458
16159,1007900000,1007920458,20458
16160,1007950000,1007970458,20458
16161,1008000000,1008020458,20458
16162,1008050000,1008070458,20458
16163,1008100000,1008120458,20458
16164,1008150000,1008170458,20458
16165,1008200000,1008220458,20458
16166,1008250000,1008270458,20458
16167,1008300000,1008320458,20458
16168,1008350000,1008370458,20458
16169,1008400000,1008420458,20458
16170,1008450000,1008470458,20458
16171,1008500000,1008520458,20458
16172,1008550000,1008570458,20458
16173,1008600000,1008620458,20458
16174,1008650000,1008670458,20458
16175,1008700000,1008720458,20458
16176,1008750000,1008770458,20458
16177,1008800000,1008820458,20458
16178,1008850000,1008870458,20458
16179,1008900000,1008920458,20458
16180,1008950000,1008970458,20458
16181,1009000000,1009020458,20458
16182,1009050000,1009070458,20458
16183,1009100000,1009120458,20458
16184,1009150000,1009170458,20458
16185,1009200000,1009220458,20458
16186,1009250000,1009270458,20458
16187,1009300000,1009320458,20458
16188,1009350000,1009370458,20458
16189,1009400000,1009420458,20458
16190,1009450000,1009470458,20458
16191,1009500000,1009520458,20458
16192,1009550000,1009570458,20458
16193,1009600000,1009620458,20458
16194,1009650000,1009670458,20458
16195,1009700000,1009720458,20458
16196,1009750000,1009770458,20458
16197,1009800000,1009820458,20458
16198,1009850000,1009870458,20458
16199,1009900000,1009920458,20458
16200,1009950000,1009970458,20458
16201,1010000000,1010020458,20458
16202,1010050000,1010070458,20458
16203,1010100000,1010120458,20458
16204,1010150000,1010170458,20458
16205,1010200000,1010220458,20458
16206,1010250000,1010270458,20458
16207,1010300000,1010320458,20458
16208,1010350000,1010370458,20458
16209,1010400000,1010420458,20458
16210,1010450000,1010470458,20458
16211,1010500000,1010520458,20458
16212,1010550000,1010570458,20458
16213,1010600000,1010620458,20458
16214,1010650000,1010670458,20458
16215,1010700000,1010720458,20458
16216,1010750000,1010770458,20458
16217,1010800000,1010820458,20458
16218,1010850000,1010870458,20458
16219,1010900000,1010920458,20458
16220,1010950000,1010970458,20458
16221,1011000000,1011020458,20458
16222,1011050000,1011070458,20458
16223,1011100000,1011120458,20458
16224,1011150000,1011170458,20458
16225,1011200000,1011220458,20458
16226,1011250000,1011270458,20458
16227,1011300000,1011320458,20458
16228,1011350000,1011370458,20458
16229,1011400000,1011420458,20458
16230,1011450000,1011470458,20458
16231,1011500000,1011520458,20458
16232,1011550000,1011570458,20458
16233,1011600000,1011620458,20458
16234,1011650000,1011670458,20458
16235,1011700000,1011720458,20458
16236,1011750000,1011770458,20458
16237,1011800000,1011820458,20458
16238,1011850000,1011870458,20458
16239,1011900000,1011920458,20458
16240,1011950000,1011970458,20458
16241,1012000000,1012020458,20458
16242,1012050000,1012070458,20458
16243,1012100000,1012120458,20458
16244,1012150000,1012170458,20458
16245,1012200000,1012220458,20458
16246,1012250000,1012270458,20458
16247,1012300000,1012320458,20458
16248,1012350000,1012370458,20458
16249,1012400000,1012420458,20458
16250,1012450000,1012470458,20458
16251,1012500000,1012520458,20458
16252,1012550000,1012570458,20458
16253,1012600000,1012620458,20458
16254,1012650000,1012670458,20458
16255,1012700000,1012720458,20458
16256,1012750000,1012770458,20458
16257,1012800000,1012820458,20458
16258,1012850000,1012870458,20458
16259,1012900000,1012920458,20458
16260,1012950000,1012970458,20458
16261,1013000000,1013020458,20458
16262,1013050000,1013070458,20458
16263,1013100000,1013120458,20458
16264,1013150000,1013170458,20458
16265,1013200000,1013220458,20458
16266,1013250000,1013270458,20458
16267,1013300000,1013320458,20458
16268,1013350000,1013370458,20458
16269,1013400000,1013420458,20458
16270,1013450000,1013470458,20458
16271,1013500000,1013520458,20458
16272,1013550000,1013570458,20458
16273,1013600000,1013620458,20458
16274,1013650000,1013670458,20458
16275,1013700000,1013720458,20458
16276,1013750000,1013770458,20458
16277,1013800000,1013820458,20458
16278,1013850000,1013870458,20458
16279,1013900000,1013920458,20458
16280,1013950000,1013970458,20458
16281,1014000000,1014020458,20458
16282,1014050000,1014070458,20458
16283,1014100000,1014120458,20458
16284,1014150000,1014170458,20458
16285,1014200000,1014220458,20458
16286,1014250000,1014270458,20458
16287,1014300000,1014320458,20458
16288,1014350000,1014370458,20458
16289,1014400000,1014420458,20458
16290,1014450000,1014470458,20458
16291,1014500000,1014520458,20458
16292,1014550000,1014570458,20458
16293,1014600000,1014620458,20458
16294,1014650000,1014670458,20458
16295,1014700000,1014720458,20458
16296,1014750000,1014770458,20458
16297,1014800000,1014820458,20458
16298,1014850000,1014870458,20458
16299,1014900000,1014920458,20458
16300,1014950000,1014970458,20458
16301,1015000000,1015020458,20458
16302,1015050000,1015070458,20458
16303,1015100000,1015120458,20458
16304,1015150000,1015170458,20458
16305,1015200000,1015220458,20458
16306,1015250000,1015270458,20458
16307,1015300000,1015320458,20458
16308,1015350000,1015370458,20458
16309,1015400000,1015420458,20458
16310,1015450000,1015470458,20458
16311,1015500000,1015520458,20458
16312,1015550000,1015570458,20458
16313,1015600000,1015620458,20458
16314,1015650000,1015670458,20458
16315,1015700000,1015720458,20458
16316,1015750000,1015770458,20458
16317,1015800000,1015820458,20458
16318,1015850000,1015870458,20458
16319,1015900000,1015920458,20458
16320,1015950000,1015970458,20458
16321,1016000000,1016020458,20458
16322,1016050000,1016070458,20458
16323,1016100000,1016120458,20458
16324,1016150000,1016170458,20458
16325,1016200000,1016220458,20458
16326,1016250000,1016270458,20458
16327,1016300000,1016320458,20458
16328,1016350000,1016370458,20458
16329,1016400000,1016420458,20458
16330,1016450000,1016470458,20458
16331,1016500000,1016520458,20458
16332,1016550000,1016570458,20458
16333,1016600000,1016620458,20458
16334,1016650000,1016670458,20458
16335,1016700000,1016720458,20458
16336,1016750000,1016770458,20458
16337,1016800000,1016820458,20458
16338,1016850000,1016870458,20458
16339,1016900000,1016920458,20458
16340,1016950000,1016970458,20458
16341,1017000000,1017020458,20458
16342,1017050000,1017070458,20458
16343,1017100000,1017120458,20458
16344,1017150000,1017170458,20458
16345,1017200000,1017220458,20458
16346,1017250000,1017270458,20458
16347,1017300000,1017320458,20458
16348,1017350000,1017370458,20458
16349,1017400000,1017420458,20458
16350,1017450000,1017470458,20458
16351,1017500000,1017520458,20458
16352,1017550000,1017570458,20458
16353,1017600000,1017620458,20458
16354,1017650000,1017670458,20458
16355,1017700000,1017720458,20458
16356,1017750000,1017770458,20458
16357,1017800000,1017820458,20458
16358,1017850000,1017870458,20458
16359,1017900000,1017920458,20458
16360,1017950000,1017970458,20458
16361,1018000000,1018020458,20458
16362,1018050000,1018070458,20458
16363,1018100000,1018120458,20458
16364,1018150000,1018170458,20458
16365,1018200000,1018220458,20458
16366,1018250000,1018270458,20458
16367,1018300000,1018320458,20458
16368,1018350000,1018370458,20458
16369,1018400000,1018420458,20458
16370,1018450000,1018470458,20458
16371,1018500000,1018520458,20458
16372,1018550000,1018570458,20458
16373,1018600000,1018620458,20458
16374,1018650000,1018670458,20458
16375,1018700000,1018720458,20458
16376,1018750000,1018770458,20458
16377,1018800000,1018820458,20458
16378,1018850000,1018870458,20458
16379,1018900000,1018920458,20458
16380,1018950000,1018970458,20458
16381,1019000000,1019020458,20458
16382,1019050000,1019070458,20458
16383,1019100000,1019120458,20458
16384,1019150000,1019170458,20458
16385,1019200000,1019220458,20458
16386,1019250000,1019270458,20458
16387,1019300000,1019320458,20458
16388,1019350000,1019370458,20458
16389,1019400000,1019420458,20458
16390,1019450000,1019470458,20458
16391,1019500000,1019520458,20458
16392,1019550000,1019570458,20458
16393,1019600000,1019620458,20458
16394,1019650000,1019670458,20458
16395,1019700000,1019720458,20458
16396,1019750000,1019770458,20458
16397,1019800000,1019820458,20458
16398,1019850000,1019870458,20458
16399,1019900000,1019920458,20458
16400,1019950000,1019970458,20458
16401,1020000000,1020020458,20458
16402,1020050000,1020070458,20458
16403,1020100000,1020120458,20458
16404,1020150000,1020170458,20458
16405,1020200000,1020220458,20458
16406,1020250000,1020270458,20458
16407,1020300000,1020320458,20458
16408,1020350000,1020370458,20458
16409,1020400000,1020420458,20458
16410,1020450000,1020470458,20458
16411,1020500000,1020520458,20458
16412,1020550000,1020570458,20458
16413,1020600000,1020620458,20458
16414,1020650000,1020670458,20458
16415,1020700000,1020720458,20458
16416,1020750000,1020770458,20458
16417,1020800000,1020820458,20458
16418,1020850000,1020870458,20458
16419,1020900000,1020920458,20458
16420,1020950000,1020970458,20458
16421,1021000000,1021020458,20458
16422,1021050000,1021070458,20458
16423,1021100000,1021120458,20458
16424,1021150000,1021170458,20458
16425,1021200000,1021220458,20458
16426,1021250000,1021270458,20458
16427,1021300000,1021320458,20458
16428,1021350000,1021370458,20458
16429,1021400000,1021420458,20458
16430,1021450000,1021470458,20458
16431,1021500000,1021520458,20458
16432,1021550000,1021570458,20458
16433,1021600000,1021620458,20458
16434,1021650000,1021670458,20458
16435,1021700000,1021720458,20458
16436,1021750000,1021770458,20458
16437,1021800000,1021820458,20458
16438,1021850000,1021870458,20458
16439,1021900000,1021920458,20458
16440,1021950000,1021970458,20458
16441,1022000000,1022020458,20458
16442,1022050000,1022070458,20458
16443,1022100000,1022120458,20458
16444,1022150000,1022170458,20458
16445,1022200000,1022220458,20458
16446,1022250000,1022270458,20458
16447,1022300000,1022320458,20458
16448,1022350000,1022370458,20458
16449,1022400000,1022420458,20458
16450,1022450000,1022470458,20458
16451,1022500000,1022520458,20458
16452,1022550000,1022570458,20458
16453,1022600000,1022620458,20458
16454,1022650000,1022670458,20458
16455,1022700000,1022720458,20458
16456,1022750000,1022770458,20458
16457,1022800000,1022820458,20458
16458,1022850000,1022870458,20458
16459,1022900000,1022920458,20458
16460,1022950000,1022970458,20458
16461,1023000000,1023020458,20458
16462,1023050000,1023070458,20458
16463,1023100000,1023120458,20458
16464,1023150000,1023170458,20458
16465,1023200000,1023220458,20458
16466,1023250000,1023270458,20458
16467,1023300000,1023320458,20458
16468,1023350000,1023370458,20458
16469,1023400000,1023420458,20458
16470,1023450000,1023470458,20458
16471,1023500000,1023520458,20458
16472,1023550000,1023570458,20458
16473,1023600000,1023620458,20458
16474,1023650000,1023670458,20458
16475,1023700000,1023720458,20458
16476,1023750000,1023770458,20458
16477,1023800000,1023820458,20458
16478,1023850000,1023870458,20458
16479,1023900000,1023920458,20458
16480,1023950000,1023970458,20458
16481,1024000000,1024020458,20458
16482,1024050000,1024070458,20458
16483,1024100000,1024120458,20458
16484,1024150000,1024170458,20458
16485,1024200000,1024220458,20458
16486,1024250000,1024270458,20458
16487,1024300000,1024320458,20458
16488,1024350000,1024370458,20458
16489,1024400000,1024420458,20458
16490,1024450000,1024470458,20458
16491,1024500000,1024520458,20458
16492,1024550000,1024570458,20458
16493,1024600000,1024620458,20458
16494,1024650000,1024670458,20458
16495,1024700000,1024720458,20458
16496,1024750000,1024770458,20458
16497,1024800000,1024820458,20458
16498,1024850000,1024870458,20458
16499,1024900000,1024920458,20458
16500,1024950000,1024970458,20458
16501,1025000000,1025020458,20458
16502,1025050000,1025070458,20458
16503,1025100000,1025120458,20458
16504,1025150000,1025170458,20458
16505,1025200000,1025220458,20458
16506,1025250000,1025270458,20458
16507,1025300000,1025320458,20458
16508,1025350000,1025370458,20458
16509,1025400000,1025420458,20458
16510,1025450000,1025470458,20458
16511,1025500000,1025520458,20458
16512,1025550000,1025570458,20458
16513,1025600000,1025620458,20458
16514,1025650000,1025670458,20458
16515,1025700000,1025720458,20458
16516,1025750000,1025770458,20458
16517,1025800000,1025820458,20458
16518,1025850000,1025870458,20458
16519,1025900000,1025920458,20458
16520,1025950000,1025970458,20458
16521,1026000000,1026020458,20458
16522,1026050000,1026070458,20458
16523,1026100000,1026120458,20458
16524,1026150000,1026170458,20458
16525,1026200000,1026220458,20458
16526,1026250000,1026270458,20458
16527,1026300000,1026320458,20458
16528,1026350000,1026370458,20458
16529,1026400000,1026420458,20458
16530,1026450000,1026470458,20458
16531,1026500000,1026520458,20458
16532,1026550000,1026570458,20458
16533,1026600000,1026620458,20458
16534,1026650000,1026670458,20458
16535,1026700000,1026720458,20458
16536,1026750000,1026770458,20458
16537,1026800000,1026820458,20458
16538,1026850000,1026870458,20458
16539,1026900000,1026920458,20458
16540,1026950000,1026970458,20458
16541,1027000000,1027020458,20458
16542,1027050000,1027070458,20458
16543,1027100000,1027120458,20458
16544,1027150000,1027170458,20458
16545,1027200000,1027220458,20458
16546,1027250000,1027270458,20458
16547,1027300000,1027320458,20458
16548,1027350000,1027370458,20458
16549,1027400000,1027420458,20458
16550,1027450000,1027470458,20458
16551,1027500000,1027520458,20458
16552,1027550000,1027570458,20458
16553,1027600000,1027620458,20458
16554,1027650000,1027670458,20458
16555,1027700000,1027720458,20458
16556,1027750000,1027770458,20458
16557,1027800000,1027820458,20458
16558,1027850000,1027870458,20458
16559,1027900000,1027920458,20458
16560,1027950000,1027970458,20458
16561,1028000000,1028020458,20458
16562,1028050000,1028070458,20458
16563,1028100000,1028120458,20458
16564,1028150000,1028170458,20458
16565,1028200000,1028220458,20458
16566,1028250000,1028270458,20458
16567,1028300000,1028320458,20458
16568,1028350000,1028370458,20458
16569,1028400000,1028420458,20458
16570,1028450000,1028470458,20458
16571,1028500000,1028520458,20458
16572,1028550000,1028570458,20458
16573,1028600000,1028620458,20458
16574,1028650000,1028670458,20458
16575,1028700000,1028720458,20458
16576,1028750000,1028770458,20458
16577,1028800000,1028820458,20458
16578,1028850000,1028870458,20458
16579,1028900000,1028920458,20458
16580,1028950000,1028970458,20458
16581,1029000000,1029020458,20458
16582,1029050000,1029070458,20458
16583,1029100000,1029120458,20458
16584,1029150000,1029170458,20458
16585,1029200000,1029220458,20458
16586,1029250000,1029270458,20458
16587,1029300000,1029320458,20458
16588,1029350000,1029370458,20458
16589,1029400000,1029420458,20458
16590,1029450000,1029470458,20458
16591,1029500000,1029520458,20458
16592,1029550000,1029570458,20458
16593,1029600000,1029620458,20458
16594,1029650000,1029670458,20458
16595,1029700000,1029720458,20458
16596,1029750000,1029770458,20458
16597,1029800000,1029820458,20458
16598,1029850000,1029870458,20458
16599,1029900000,1029920458,20458
16600,1029950000,1029970458,20458
16601,1030000000,1030020458,20458
16602,1030050000,1030070458,20458
16603,1030100000,1030120458,20458
16604,1030150000,1030170458,20458
16605,1030200000,1030220458,20458
16606,1030250000,1030270458,20458
16607,1030300000,1030320458,20458
16608,1030350000,1030370458,20458
16609,1030400000,1030420458,20458
16610,1030450000,1030470458,20458
16611,1030500000,1030520458,20458
16612,1030550000,1030570458,20458
16613,1030600000,1030620458,20458
16614,1030650000,1030670458,20458
16615,1030700000,1030720458,20458
16616,1030750000,1030770458,20458
16617,1030800000,1030820458,20458
16618,1030850000,1030870458,20458
16619,1030900000,1030920458,20458
16620,1030950000,1030970458,20458
16621,1031000000,1031020458,20458
16622,1031050000,1031070458,20458
16623,1031100000,1031120458,20458
16624,1031150000,1031170458,20458
16625,1031200000,1031220458,20458
16626,1031250000,1031270458,20458
16627,1031300000,1031320458,20458
16628,1031350000,1031370458,20458
16629,1031400000,1031420458,20458
16630,1031450000,1031470458,20458
16631,1031500000,1031520458,20458
16632,1031550000,1031570458,20458
16633,1031600000,1031620458,20458
16634,1031650000,1031670458,20458
16635,1031700000,1031720458,20458
16636,1031750000,1031770458,20458
16637,1031800000,1031820458,20458
16638,1031850000,1031870458,20458
16639,1031900000,1031920458,20458
16640,1031950000,1031970458,20458
16641,1032000000,1032020458,20458
16642,1032050000,1032070458,20458
16643,1032100000,1032120458,20458
16644,1032150000,1032170458,20458
16645,1032200000,1032220458,20458
16646,1032250000,1032270458,20458
16647,1032300000,1032320458,20458
16648,1032350000,1032370458,20458
16649,1032400000,1032420458,20458
16650,1032450000,1032470458,20458
16651,1032500000,1032520458,20458
16652,1032550000,1032570458,20458
16653,1032600000,1032620458,20458
16654,1032650000,1032670458,20458
16655,1032700000,1032720458,20458
16656,1032750000,1032770458,20458
16657,1032800000,1032820458,20458
16658,1032850000,1032870458,20458
16659,1032900000,1032920458,20458
16660,1032950000,1032970458,20458
16661,1033000000,1033020458,20458
16662,1033050000,1033070458,20458
16663,1033100000,1033120458,20458
16664,1033150000,1033170458,20458
16665,1033200000,1033220458,20458
16666,1033250000,1033270458,20458
16667,1033300000,1033320458,20458
16668,1033350000,1033370458,20458
16669,1033400000,1033420458,20458
16670,1033450000,1033470458,20458
16671,1033500000,1033520458,20458
16672,1033550000,1033570458,20458
16673,1033600000,1033620458,20458
16674,1033650000,1033670458,20458
16675,1033700000,1033720458,20458
16676,1033750000,1033770458,20458
16677,1033800000,1033820458,20458
16678,1033850000,1033870458,20458
16679,1033900000,1033920458,20458
16680,1033950000,1033970458,20458
16681,1034000000,1034020458,20458
16682,1034050000,1034070458,20458
16683,1034100000,1034120458,20458
16684,1034150000,1034170458,20458
16685,1034200000,1034220458,20458
16686,1034250000,1034270458,20458
16687,1034300000,1034320458,20458
16688,1034350000,1034370458,20458
16689,1034400000,1034420458,20458
16690,1034450000,1034470458,20458
16691,1034500000,1034520458,20458
16692,1034550000,1034570458,20458
16693,1034600000,1034620458,20458
16694,1034650000,1034670458,20458
16695,1034700000,1034720458,20458
16696,1034750000,1034770458,20458
16697,1034800000,1034820458,20458
16698,1034850000,1034870458,20458
16699,1034900000,1034920458,20458
16700,1034950000,1034970458,20458
16701,1035000000,1035020458,20458
16702,1035050000,1035070458,20458
16703,1035100000,1035120458,20458
16704,1035150000,1035170458,20458
16705,1035200000,1035220458,20458
16706,1035250000,1035270458,20458
16707,1035300000,1035320458,20458
16708,1035350000,1035370458,20458
16709,1035400000,1035420458,20458
16710,1035450000,1035470458,20458
16711,1035500000,1035520458,20458
16712,1035550000,1035570458,20458
16713,1035600000,1035620458,20458
16714,1035650000,1035670458,20458
16715,1035700000,1035720458,20458
16716,1035750000,1035770458,20458
16717,1035800000,1035820458,20458
16718,1035850000,1035870458,20458
16719,1035900000,1035920458,20458
16720,1035950000,1035970458,20458
16721,1036000000,1036020458,20458
16722,1036050000,1036070458,20458
16723,1036100000,1036120458,20458
16724,1036150000,1036170458,20458
16725,1036200000,1036220458,20458
16726,1036250000,1036270458,20458
16727,1036300000,1036320458,20458
16728,1036350000,1036370458,20458
16729,1036400000,1036420458,20458
16730,1036450000,1036470458,20458
16731,1036500000,1036520458,20458
16732,1036550000,1036570458,20458
16733,1036600000,1036620458,20458
16734,1036650000,1036670458,20458
16735,1036700000,1036720458,20458
16736,1036750000,1036770458,20458
16737,1036800000,1036820458,20458
16738,1036850000,1036870458,20458
16739,1036900000,1036920458,20458
16740,1036950000,1036970458,20458
16741,1037000000,1037020458,20458
16742,1037050000,1037070458,20458
16743,1037100000,1037120458,20458
16744,1037150000,1037170458,20458
16745,1037200000,1037220458,20458
16746,1037250000,1037270458,20458
16747,1037300000,1037320458,20458
16748,1037350000,1037370458,20458
16749,1037400000,1037420458,20458
16750,1037450000,1037470458,20458
16751,1037500000,1037520458,20458
16752,1037550000,1037570458,20458
16753,1037600000,1037620458,20458
16754,1037650000,1037670458,20458
16755,1037700000,1037720458,20458
16756,1037750000,1037770458,20458
16757,1037800000,1037820458,20458
16758,1037850000,1037870458,20458
16759,1037900000,1037920458,20458
16760,1037950000,1037970458,20458
16761,1038000000,1038020458,20458
16762,1038050000,1038070458,20458
16763,1038100000,1038120458,20458
16764,1038150000,1038170458,20458
16765,1038200000,1038220458,20458
16766,1038250000,1038270458,20458
16767,1038300000,1038320458,20458
16768,1038350000,1038370458,20458
16769,1038400000,1038420458,20458
16770,1038450000,1038470458,20458
16771,1038500000,1038520458,20458
16772,1038550000,1038570458,20458
16773,1038600000,1038620458,20458
16774,1038650000,1038670458,20458
16775,1038700000,1038720458,20458
16776,1038750000,1038770458,20458
16777,1038800000,1038820458,20458
16778,1038850000,1038870458,20458
16779,1038900000,1038920458,20458
16780,1038950000,1038970458,20458
16781,1039000000,1039020458,20458
16782,1039050000,1039070458,20458
16783,1039100000,1039120458,20458
16784,1039150000,1039170458,20458
16785,1039200000,1039220458,20458
16786,1039250000,1039270458,20458
16787,1039300000,1039320458,20458
16788,1039350000,1039370458,20458
16789,1039400000,1039420458,20458
16790,1039450000,1039470458,20458
16791,1039500000,1039520458,20458
16792,1039550000,1039570458,20458
16793,1039600000,1039620458,20458
16794,1039650000,1039670458,20458
16795,1039700000,1039720458,20458
16796,1039750000,1039770458,20458
16797,1039800000,1039820458,20458
16798,1039850000,1039870458,20458
16799,1039900000,1039920458,20458
16800,1039950000,1039970458,20458
16801,1040000000,1040020458,20458
16802,1040050000,1040070458,20458
16803,1040100000,1040120458,20458
16804,1040150000,1040170458,20458
16805,1040200000,1040220458,20458
16806,1040250000,1040270458,20458
16807,1040300000,1040320458,20458
16808,1040350000,1040370458,20458
16809,1040400000,1040420458,20458
16810,1040450000,1040470458,20458
16811,1040500000,1040520458,20458
16812,1040550000,1040570458,20458
16813,1040600000,1040620458,20458
16814,1040650000,1040670458,20458
16815,1040700000,1040720458,20458
16816,1040750000,1040770458,20458
16817,1040800000,1040820458,20458
16818,1040850000,1040870458,20458
16819,1040900000,1040920458,20458
16820,1040950000,1040970458,20458
16821,1041000000,1041020458,20458
16822,1041050000,1041070458,20458
16823,1041100000,1041120458,20458
16824,1041150000,1041170458,20458
16825,1041200000,1041220458,20458
16826,1041250000,1041270458,20458
16827,1041300000,1041320458,20458
16828,1041350000,1041370458,20458
16829,1041400000,1041420458,20458
16830,1041450000,1041470458,20458
16831,1041500000,1041520458,20458
16832,1041550000,1041570458,20458
16833,1041600000,1041620458,20458
16834,1041650000,1041670458,20458
16835,1041700000,1041720458,20458
16836,1041750000,1041770458,20458
16837,1041800000,1041820458,20458
16838,1041850000,1041870458,20458
16839,1041900000,1041920458,20458
16840,1041950000,1041970458,20458
16841,1042000000,1042020458,20458
16842,1042050000,1042070458,20458
16843,1042100000,1042120458,20458
16844,1042150000,1042170458,20458
16845,1042200000,1042220458,20458
16846,1042250000,1042270458,20458
16847,1042300000,1042320458,20458
16848,1042350000,1042370458,20458
16849,1042400000,1042420458,20458
16850,1042450000,1042470458,20458
16851,1042500000,1042520458,20458
16852,1042550000,1042570458,20458
16853,1042600000,1042620458,20458
16854,1042650000,1042670458,20458
16855,1042700000,1042720458,20458
16856,1042750000,1042770458,20458
16857,1042800000,1042820458,20458
16858,1042850000,1042870458,20458
16859,1042900000,1042920458,20458
16860,1042950000,1042970458,20458
16861,1043000000,1043020458,20458
16862,1043050000,1043070458,20458
16863,1043100000,1043120458,20458
16864,1043150000,1043170458,20458
16865,1043200000,1043220458,20458
16866,1043250000,1043270458,20458
16867,1043300000,1043320458,20458
16868,1043350000,1043370458,20458
16869,1043400000,1043420458,20458
16870,1043450000,1043470458,20458
16871,1043500000,1043520458,20458
16872,1043550000,1043570458,20458
16873,1043600000,1043620458,20458
16874,1043650000,1043670458,20458
16875,1043700000,1043720458,20458
16876,1043750000,1043770458,20458
16877,1043800000,1043820458,20458
16878,1043850000,1043870458,20458
16879,1043900000,1043920458,20458
16880,1043950000,1043970458,20458
16881,1044000000,1044020458,20458
16882,1044050000,1044070458,20458
16883,1044100000,1044120458,20458
16884,1044150000,1044170458,20458
16885,1044200000,1044220458,20458
16886,1044250000,1044270458,20458
16887,1044300000,1044320458,20458
16888,1044350000,1044370458,20458
16889,1044400000,1044420458,20458
16890,1044450000,1044470458,20458
16891,1044500000,1044520458,20458
16892,1044550000,1044570458,20458
16893,1044600000,1044620458,20458
16894,1044650000,1044670458,20458
16895,1044700000,1044720458,20458
16896,1044750000,1044770458,20458
16897,1044800000,1044820458,20458
16898,1044850000,1044870458,20458
16899,1044900000,1044920458,20458
16900,1044950000,1044970458,20458
16901,1045000000,1045020458,20458
16902,1045050000,1045070458,20458
16903,1045100000,1045120458,20458
16904,1045150000,1045170458,20458
16905,1045200000,1045220458,20458
16906,1045250000,1045270458,20458
16907,1045300000,1045320458,20458
16908,1045350000,1045370458,20458
16909,1045400000,1045420458,20458
16910,1045450000,1045470458,20458
16911,1045500000,1045520458,20458
16912,1045550000,1045570458,20458
16913,1045600000,1045620458,20458
16914,1045650000,1045670458,20458
16915,1045700000,1045720458,20458
16916,1045750000,1045770458,20458
16917,1045800000,1045820458,20458
16918,1045850000,1045870458,20458
16919,1045900000,1045920458,20458
16920,1045950000,1045970458,20458
16921,1046000000,1046020458,20458
16922,1046050000,1046070458,20458
16923,1046100000,1046120458,20458
16924,1046150000,1046170458,20458
16925,1046200000,1046220458,20458
16926,1046250000,1046270458,20458
16927,1046300000,1046320458,20458
16928,1046350000,1046370458,20458
16929,1046400000,1046420458,20458
16930,1046450000,1046470458,20458
16931,1046500000,1046520458,20458
16932,1046550000,1046570458,20458
16933,1046600000,1046620458,20458
16934,1046650000,1046670458,20458
16935,1046700000,1046720458,20458
16936,1046750000,1046770458,20458
16937,1046800000,1046820458,20458
16938,1046850000,1046870458,20458
16939,1046900000,1046920458,20458
16940,1046950000,1046970458,20458
16941,1047000000,1047020458,20458
16942,1047050000,1047070458,20458
16943,1047100000,1047120458,20458
16944,1047150000,1047170458,20458
16945,1047200000,1047220458,20458
16946,1047250000,1047270458,20458
16947,1047300000,1047320458,20458
16948,1047350000,1047370458,20458
16949,1047400000,1047420458,20458
16950,1047450000,1047470458,20458
16951,1047500000,1047520458,20458
16952,1047550000,1047570458,20458
16953,1047600000,1047620458,20458
16954,1047650000,1047670458,20458
16955,1047700000,1047720458,20458
16956,1047750000,1047770458,20458
16957,1047800000,1047820458,20458
16958,1047850000,1047870458,20458
16959,1047900000,1047920458,20458
16960,1047950000,1047970458,20458
16961,1048000000,1048020458,20458
16962,1048050000,1048070458,20458
16963,1048100000,1048120458,20458
16964,1048150000,1048170458,20458
16965,1048200000,1048220458,20458
16966,1048250000,1048270458,20458
16967,1048300000,1048320458,20458
16968,1048350000,1048370458,20458
16969,1048400000,1048420458,20458
16970,1048450000,1048470458,20458
16971,1048500000,1048520458,20458
16972,1048550000,1048570458,20458
16973,1048600000,1048620458,20458
16974,1048650000,1048670458,20458
16975,1048700000,1048720458,20458
16976,1048750000,1048770458,20458
16977,1048800000,1048820458,20458
16978,1048850000,1048870458,20458
16979,1048900000,1048920458,20458
16980,1048950000,1048970458,20458
16981,1049000000,1049020458,20458
16982,1049050000,1049070458,20458
16983,1049100000,1049120458,20458
16984,1049150000,1049170458,20458
16985,1049200000,1049220458,20458
16986,1049250000,1049270458,20458
16987,1049300000,1049320458,20458
16988,1049350000,1049370458,20458
16989,1049400000,1049420458,20458
16990,1049450000,1049470458,20458
16991,1049500000,1049520458,20458
16992,1049550000,1049570458,20458
16993,1049600000,1049620458,20458
16994,1049650000,1049670458,20458
16995,1049700000,1049720458,20458
16996,1049750000,1049770458,20458
16997,1049800000,1049820458,20458
16998,1049850000,1049870458,20458
16999,1049900000,1049920458,20458
17000,1049950000,1049970458,20458
17001,1050000000,1050020458,20458
17002,1050050000,1050070458,20458
17003,1050100000,1050120458,20458
17004,1050150000,1050170458,20458
17005,1050200000,1050220458,20458
17006,1050250000,1050270458,20458
17007,1050300000,1050320458,20458
17008,1050350000,1050370458,20458
17009,1050400000,1050420458,20458
17010,1050450000,1050470458,20458
17011,1050500000,1050520458,20458
17012,1050550000,1050570458,20458
17013,1050600000,1050620458,20458
17014,1050650000,1050670458,20458
17015,1050700000,1050720458,20458
17016,1050750000,1050770458,20458
17017,1050800000,1050820458,20458
17018,1050850000,1050870458,20458
17019,1050900000,1050920458,20458
17020,1050950000,1050970458,20458
17021,1051000000,1051020458,20458
17022,1051050000,1051070458,20458
17023,1051100000,1051120458,20458
17024,1051150000,1051170458,20458
17025,1051200000,1051220458,20458
17026,1051250000,1051270458,20458
17027,1051300000,1051320458,20458
17028,1051350000,1051370458,20458
17029,1051400000,1051420458,20458
17030,1051450000,1051470458,20458
17031,1051500000,1051520458,20458
17032,1051550000,1051570458,20458
17033,1051600000,1051620458,20458
17034,1051650000,1051670458,20458
17035,1051700000,1051720458,20458
17036,1051750000,1051770458,20458
17037,1051800000,1051820458,20458
17038,1051850000,1051870458,20458
17039,1051900000,1051920458,20458
17040,1051950000,1051970458,20458
17041,1052000000,1052020458,20458
17042,1052050000,1052070458,20458
17043,1052100000,1052120458,20458
17044,1052150000,1052170458,20458
17045,1052200000,1052220458,20458
17046,1052250000,1052270458,20458
17047,1052300000,1052320458,20458
17048,1052350000,1052370458,20458
17049,1052400000,1052420458,20458
17050,1052450000,1052470458,20458
17051,1052500000,1052520458,20458
17052,1052550000,1052570458,20458
17053,1052600000,1052620458,20458
17054,1052650000,1052670458,20458
17055,1052700000,1052720458,20458
17056,1052750000,1052770458,20458
17057,1052800000,1052820458,20458
17058,1052850000,1052870458,20458
17059,1052900000,1052920458,20458
17060,1052950000,1052970458,20458
17061,1053000000,1053020458,20458
17062,1053050000,1053070458,20458
17063,1053100000,1053120458,20458
17064,1053150000,1053170458,20458
17065,1053200000,1053220458,20458
17066,1053250000,1053270458,20458
17067,1053300000,1053320458,20458
17068,1053350000,1053370458,20458
17069,1053400000,1053420458,20458
17070,1053450000,1053470458,20458
17071,1053500000,1053520458,20458
17072,1053550000,1053570458,20458
17073,1053600000,1053620458,20458
17074,1053650000,1053670458,20458
17075,1053700000,1053720458,20458
17076,1053750000,1053770458,20458
17077,1053800000,1053820458,20458
17078,1053850000,1053870458,20458
17079,1053900000,1053920458,20458
17080,1053950000,1053970458,20458
17081,1054000000,1054020458,20458
17082,1054050000,1054070458,20458
17083,1054100000,1054120458,20458
17084,1054150000,1054170458,20458
17085,1054200000,1054220458,20458
17086,1054250000,1054270458,20458
17087,1054300000,1054320458,20458
17088,1054350000,1054370458,20458
17089,1054400000,1054420458,20458
17090,1054450000,1054470458,20458
17091,1054500000,1054520458,20458
17092,1054550000,1054570458,20458
17093,1054600000,1054620458,20458
17094,1054650000,1054670458,20458
17095,1054700000,1054720458,20458
17096,1054750000,1054770458,20458
17097,1054800000,1054820458,20458
17098,1054850000,1054870458,20458
17099,1054900000,1054920458,20458
17100,1054950000,1054970458,20458
17101,1055000000,1055020458,20458
17102,1055050000,1055070458,20458
17103,1055100000,1055120458,20458
17104,1055150000,1055170458,20458
17105,1055200000,1055220458,20458
17106,1055250000,1055270458,20458
17107,1055300000,1055320458,20458
17108,1055350000,1055370458,20458
17109,1055400000,1055420458,20458
17110,1055450000,1055470458,20458
17111,1055500000,1055520458,20458
17112,1055550000,1055570458,20458
17113,1055600000,1055620458,20458
17114,1055650000,1055670458,20458
17115,1055700000,1055720458,20458
17116,1055750000,1055770458,20458
17117,1055800000,1055820458,20458
17118,1055850000,1055870458,20458
17119,1055900000,1055920458,20458
17120,1055950000,1055970458,20458
17121,1056000000,1056020458,20458
17122,1056050000,1056070458,20458
17123,1056100000,1056120458,20458
17124,1056150000,1056170458,20458
17125,1056200000,1056220458,20458
17126,1056250000,1056270458,20458
17127,1056300000,1056320458,20458
17128,1056350000,1056370458,20458
17129,1056400000,1056420458,20458
17130,1056450000,1056470458,20458
17131,1056500000,1056520458,20458
17132,1056550000,1056570458,20458
17133,1056600000,1056620458,20458
17134,1056650000,1056670458,20458
17135,1056700000,1056720458,20458
17136,1056750000,1056770458,20458
17137,1056800000,1056820458,20458
17138,1056850000,1056870458,20458
17139,1056900000,1056920458,20458
17140,1056950000,1056970458,20458
17141,1057000000,1057020458,20458
17142,1057050000,1057070458,20458
17143,1057100000,1057120458,20458
17144,1057150000,1057170458,20458
17145,1057200000,1057220458,20458
17146,1057250000,1057270458,20458
17147,1057300000,1057320458,20458
17148,1057350000,1057370458,20458
17149,1057400000,1057420458,20458
17150,1057450000,1057470458,20458
17151,1057500000,1057520458,20458
17152,1057550000,1057570458,20458
17153,1057600000,1057620458,20458
17154,1057650000,1057670458,20458
17155,1057700000,1057720458,20458
17156,1057750000,1057770458,20458
17157,1057800000,1057820458,20458
17158,1057850000,1057870458,20458
17159,1057900000,1057920458,20458
17160,1057950000,1057970458,20458
17161,1058000000,1058020458,20458
17162,1058050000,1058070458,20458
17163,1058100000,1058120458,20458
17164,1058150000,1058170458,20458
17165,1058200000,1058220458,20458
17166,1058250000,1058270458,20458
17167,1058300000,1058320458,20458
17168,1058350000,1058370458,20458
17169,1058400000,1058420458,20458
17170,1058450000,1058470458,20458
17171,1058500000,1058520458,20458
17172,1058550000,1058570458,20458
17173,1058600000,1058620458,20458
17174,1058650000,1058670458,20458
17175,1058700000,1058720458,20458
17176,1058750000,1058770458,20458
17177,1058800000,1058820458,20458
17178,1058850000,1058870458,20458
17179,1058900000,1058920458,20458
17180,1058950000,1058970458,20458
17181,1059000000,1059020458,20458
17182,1059050000,1059070458,20458
17183,1059100000,1059120458,20458
17184,1059150000,1059170458,20458
17185,1059200000,1059220458,20458
17186,1059250000,1059270458,20458
17187,1059300000,1059320458,20458
17188,1059350000,1059370458,20458
17189,1059400000,1059420458,20458
17190,1059450000,1059470458,20458
17191,1059500000,1059520458,20458
17192,1059550000,1059570458,20458
17193,1059600000,1059620458,20458
17194,1059650000,1059670458,20458
17195,1059700000,1059720458,20458
17196,1059750000,1059770458,20458
17197,1059800000,1059820458,20458
17198,1059850000,1059870458,20458
17199,1059900000,1059920458,20458
17200,1059950000,1059970458,20458
17201,1060000000,1060020458,20458
17202,1060050000,1060070458,20458
17203,1060100000,1060120458,20458
17204,1060150000,1060170458,20458
17205,1060200000,1060220458,20458
17206,1060250000,1060270458,20458
17207,1060300000,1060320458,20458
17208,1060350000,1060370458,20458
17209,1060400000,1060420458,20458
17210,1060450000,1060470458,20458
17211,1060500000,1060520458,20458
17212,1060550000,1060570458,20458
17213,1060600000,1060620458,20458
17214,1060650000,1060670458,20458
17215,1060700000,1060720458,20458
17216,1060750000,1060770458,20458
17217,1060800000,1060820458,20458
17218,1060850000,1060870458,20458
17219,1060900000,1060920458,20458
17220,1060950000,1060970458,20458
17221,1061000000,1061020458,20458
17222,1061050000,1061070458,20458
17223,1061100000,1061120458,20458
17224,1061150000,1061170458,20458
17225,1061200000,1061220458,20458
17226,1061250000,1061270458,20458
17227,1061300000,1061320458,20458
17228,1061350000,1061370458,20458
17229,1061400000,1061420458,20458
17230,1061450000,1061470458,20458
17231,1061500000,1061520458,20458
17232,1061550000,1061570458,20458
17233,1061600000,1061620458,20458
17234,1061650000,1061670458,20458
17235,1061700000,1061720458,20458
17236,1061750000,1061770458,20458
17237,1061800000,1061820458,20458
17238,1061850000,1061870458,20458
17239,1061900000,1061920458,20458
17240,1061950000,1061970458,20458
17241,1062000000,1062020458,20458
17242,1062050000,1062070458,20458
17243,1062100000,1062120458,20458
17244,1062150000,1062170458,20458
17245,1062200000,1062220458,20458
17246,1062250000,1062270458,20458
17247,1062300000,1062320458,20458
17248,1062350000,1062370458,20458
17249,1062400000,1062420458,20458
17250,1062450000,1062470458,20458
17251,1062500000,1062520458,20458
17252,1062550000,1062570458,20458
17253,1062600000,1062620458,20458
17254,1062650000,1062670458,20458
17255,1062700000,1062720458,20458
17256,1062750000,1062770458,20458
17257,1062800000,1062820458,20458
17258,1062850000,1062870458,20458
17259,1062900000,1062920458,20458
17260,1062950000,1062970458,20458
17261,1063000000,1063020458,20458
17262,1063050000,1063070458,20458
17263,1063100000,1063120458,20458
17264,1063150000,1063170458,20458
17265,1063200000,1063220458,20458
17266,1063250000,1063270458,20458
17267,1063300000,1063320458,20458
17268,1063350000,1063370458,20458
17269,1063400000,1063420458,20458
17270,1063450000,1063470458,20458
17271,1063500000,1063520458,20458
17272,1063550000,1063570458,20458
17273,1063600000,1063620458,20458
17274,1063650000,1063670458,20458
17275,1063700000,1063720458,20458
17276,1063750000,1063770458,20458
17277,1063800000,1063820458,20458
17278,1063850000,1063870458,20458
17279,1063900000,1063920458,20458
17280,1063950000,1063970458,20458
17281,1064000000,1064020458,20458
17282,1064050000,1064070458,20458
17283,1064100000,1064120458,20458
17284,1064150000,1064170458,20458
17285,1064200000,1064220458,20458
17286,1064250000,1064270458,20458
17287,1064300000,1064320458,20458
17288,1064350000,1064370458,20458
17289,1064400000,1064420458,20458
17290,1064450000,1064470458,20458
17291,1064500000,1064520458,20458
17292,1064550000,1064570458,20458
17293,1064600000,1064620458,20458
17294,1064650000,1064670458,20458
17295,1064700000,1064720458,20458
17296,1064750000,1064770458,20458
17297,1064800000,1064820458,20458
17298,1064850000,1064870458,20458
17299,1064900000,1064920458,20458
17300,1064950000,1064970458,20458
17301,1065000000,1065020458,20458
17302,1065050000,1065070458,20458
17303,1065100000,1065120458,20458
17304,1065150000,1065170458,20458
17305,1065200000,1065220458,20458
17306,1065250000,1065270458,20458
17307,1065300000,1065320458,20458
17308,1065350000,1065370458,20458
17309,1065400000,1065420458,20458
17310,1065450000,1065470458,20458
17311,1065500000,1065520458,20458
17312,1065550000,1065570458,20458
17313,1065600000,1065620458,20458
17314,1065650000,1065670458,20458
17315,1065700000,1065720458,20458
17316,1065750000,1065770458,20458
17317,1065800000,1065820458,20458
17318,1065850000,1065870458,20458
17319,1065900000,1065920458,20458
17320,1065950000,1065970458,20458
17321,1066000000,1066020458,20458
17322,1066050000,1066070458,20458
17323,1066100000,1066120458,20458
17324,1066150000,1066170458,20458
17325,1066200000,1066220458,20458
17326,1066250000,1066270458,20458
17327,1066300000,1066320458,20458
17328,1066350000,1066370458,20458
17329,1066400000,1066420458,20458
17330,1066450000,1066470458,20458
17331,1066500000,1066520458,20458
17332,1066550000,1066570458,20458
17333,1066600000,1066620458,20458
17334,1066650000,1066670458,20458
17335,1066700000,1066720458,20458
17336,1066750000,1066770458,20458
17337,1066800000,1066820458,20458
17338,1066850000,1066870458,20458
17339,1066900000,1066920458,20458
17340,1066950000,1066970458,20458
17341,1067000000,1067020458,20458
17342,1067050000,1067070458,20458
17343,1067100000,1067120458,20458
17344,1067150000,1067170458,20458
17345,1067200000,1067220458,20458
17346,1067250000,1067270458,20458
17347,1067300000,1067320458,20458
17348,1067350000,1067370458,20458
17349,1067400000,1067420458,20458
17350,1067450000,1067470458,20458
17351,1067500000,1067520458,20458
17352,1067550000,1067570458,20458
17353,1067600000,1067620458,20458
17354,1067650000,1067670458,20458
17355,1067700000,1067720458,20458
17356,1067750000,1067770458,20458
17357,1067800000,1067820458,20458
17358,1067850000,1067870458,20458
17359,1067900000,1067920458,20458
17360,1067950000,1067970458,20458
17361,1068000000,1068020458,20458
17362,1068050000,1068070458,20458
17363,1068100000,1068120458,20458
17364,1068150000,1068170458,20458
17365,1068200000,1068220458,20458
17366,1068250000,1068270458,20458
17367,1068300000,1068320458,20458
17368,1068350000,1068370458,20458
17369,1068400000,1068420458,20458
17370,1068450000,1068470458,20458
17371,1068500000,1068520458,20458
17372,1068550000,1068570458,20458
17373,1068600000,1068620458,20458
17374,1068650000,1068670458,20458
17375,1068700000,1068720458,20458
17376,1068750000,1068770458,20458
17377,1068800000,1068820458,20458
17378,1068850000,1068870458,20458
17379,1068900000,1068920458,20458
17380,1068950000,1068970458,20458
17381,1069000000,1069020458,20458
17382,1069050000,1069070458,20458
17383,1069100000,1069120458,20458
17384,1069150000,1069170458,20458
17385,1069200000,1069220458,20458
17386,1069250000,1069270458,20458
17387,1069300000,1069320458,20458
17388,1069350000,1069370458,20458
17389,1069400000,1069420458,20458
17390,1069450000,1069470458,20458
17391,1069500000,1069520458,20458
17392,1069550000,1069570458,20458
17393,1069600000,1069620458,20458
17394,1069650000,1069670458,20458
17395,1069700000,1069720458,20458
17396,1069750000,1069770458,20458
17397,1069800000,1069820458,20458
17398,1069850000,1069870458,20458
17399,1069900000,1069920458,20458
17400,1069950000,1069970458,20458
17401,1070000000,1070020458,20458
17402,1070050000,1070070458,20458
17403,1070100000,1070120458,20458
17404,1070150000,1070170458,20458
17405,1070200000,1070220458,20458
17406,1070250000,1070270458,20458
17407,1070300000,1070320458,20458
17408,1070350000,1070370458,20458
17409,1070400000,1070420458,20458
17410,1070450000,1070470458,20458
17411,1070500000,1070520458,20458
17412,1070550000,1070570458,20458
17413,1070600000,1070620458,20458
17414,1070650000,1070670458,20458
17415,1070700000,1070720458,20458
17416,1070750000,1070770458,20458
17417,1070800000,1070820458,20458
17418,1070850000,1070870458,20458
17419,1070900000,1070920458,20458
17420,1070950000,1070970458,20458
17421,1071000000,1071020458,20458
17422,1071050000,1071070458,20458
17423,1071100000,1071120458,20458
17424,1071150000,1071170458,20458
17425,1071200000,1071220458,20458
17426,1071250000,1071270458,20458
17427,1071300000,1071320458,20458
17428,1071350000,1071370458,20458
17429,1071400000,1071420458,20458
17430,1071450000,1071470458,20458
17431,1071500000,1071520458,20458
17432,1071550000,1071570458,20458
17433,1071600000,1071620458,20458
17434,1071650000,1071670458,20458
17435,1071700000,1071720458,20458
17436,1071750000,1071770458,20458
17437,1071800000,1071820458,20458
17438,1071850000,1071870458,20458
17439,1071900000,1071920458,20458
17440,1071950000,1071970458,20458
17441,1072000000,1072020458,20458
17442,1072050000,1072070458,20458
17443,1072100000,1072120458,20458
17444,1072150000,1072170458,20458
17445,1072200000,1072220458,20458
17446,1072250000,1072270458,20458
17447,1072300000,1072320458,20458
17448,1072350000,1072370458,20458
17449,1072400000,1072420458,20458
17450,1072450000,1072470458,20458
17451,1072500000,1072520458,20458
17452,1072550000,1072570458,20458
17453,1072600000,1072620458,20458
17454,1072650000,1072670458,20458
17455,1072700000,1072720458,20458
17456,1072750000,1072770458,20458
17457,1072800000,1072820458,20458
17458,1072850000,1072870458,20458
17459,1072900000,1072920458,20458
17460,1072950000,1072970458,20458
17461,1073000000,1073020458,20458
17462,1073050000,1073070458,20458
17463,1073100000,1073120458,20458
17464,1073150000,1073170458,20458
17465,1073200000,1073220458,20458
17466,1073250000,1073270458,20458
17467,1073300000,1073320458,20458
17468,1073350000,1073370458,20458
17469,1073400000,1073420458,20458
17470,1073450000,1073470458,20458
17471,1073500000,1073520458,20458
17472,1073550000,1073570458,20458
17473,1073600000,1073620458,20458
17474,1073650000,1073670458,20458
17475,1073700000,1073720458,20458
17476,1073750000,1073770458,20458
17477,1073800000,1073820458,20458
17478,1073850000,1073870458,20458
17479,1073900000,1073920458,20458
17480,1073950000,1073970458,20458
17481,1074000000,1074020458,20458
17482,1074050000,1074070458,20458
17483,1074100000,1074120458,20458
17484,1074150000,1074170458,20458
17485,1074200000,1074220458,20458
17486,1074250000,1074270458,20458
17487,1074300000,1074320458,20458
17488,1074350000,1074370458,20458
17489,1074400000,1074420458,20458
17490,1074450000,1074470458,20458
17491,1074500000,1074520458,20458
17492,1074550000,1074570458,20458
17493,1074600000,1074620458,20458
17494,1074650000,1074670458,20458
17495,1074700000,1074720458,20458
17496,1074750000,1074770458,20458
17497,1074800000,1074820458,20458
17498,1074850000,1074870458,20458
17499,1074900000,1074920458,20458
17500,1074950000,1074970458,20458
17501,1075000000,1075020458,20458
17502,1075050000,1075070458,20458
17503,1075100000,1075120458,20458
17504,1075150000,1075170458,20458
17505,1075200000,1075220458,20458
17506,1075250000,1075270458,20458
17507,1075300000,1075320458,20458
17508,1075350000,1075370458,20458
17509,1075400000,1075420458,20458
17510,1075450000,1075470458,20458
17511,1075500000,1075520458,20458
17512,1075550000,1075570458,20458
17513,1075600000,1075620458,20458
17514,1075650000,1075670458,20458
17515,1075700000,1075720458,20458
17516,1075750000,1075770458,20458
17517,1075800000,1075820458,20458
17518,1075850000,1075870458,20458
17519,1075900000,1075920458,20458
17520,1075950000,1075970458,20458
17521,1076000000,1076020458,20458
17522,1076050000,1076070458,20458
17523,1076100000,1076120458,20458
17524,1076150000,1076170458,20458
17525,1076200000,1076220458,20458
17526,1076250000,1076270458,20458
17527,1076300000,1076320458,20458
17528,1076350000,1076370458,20458
17529,1076400000,1076420458,20458
17530,1076450000,1076470458,20458
17531,1076500000,1076520458,20458
17532,1076550000,1076570458,20458
17533,1076600000,1076620458,20458
17534,1076650000,1076670458,20458
17535,1076700000,1076720458,20458
17536,1076750000,1076770458,20458
17537,1076800000,1076820458,20458
17538,1076850000,1076870458,20458
17539,1076900000,1076920458,20458
17540,1076950000,1076970458,20458
17541,1077000000,1077020458,20458
17542,1077050000,1077070458,20458
17543,1077100000,1077120458,20458
17544,1077150000,1077170458,20458
17545,1077200000,1077220458,20458
17546,1077250000,1077270458,20458
17547,1077300000,1077320458,20458
17548,1077350000,1077370458,20458
17549,1077400000,1077420458,20458
17550,1077450000,1077470458,20458
17551,1077500000,1077520458,20458
17552,1077550000,1077570458,20458
17553,1077600000,1077620458,20458
17554,1077650000,1077670458,20458
17555,1077700000,1077720458,20458
17556,1077750000,1077770458,20458
17557,1077800000,1077820458,20458
17558,1077850000,1077870458,20458
17559,1077900000,1077920458,20458
17560,1077950000,1077970458,20458
17561,1078000000,1078020458,20458
17562,1078050000,1078070458,20458
17563,1078100000,1078120458,20458
17564,1078150000,1078170458,20458
17565,1078200000,1078220458,20458
17566,1078250000,1078270458,20458
17567,1078300000,1078320458,20458
17568,1078350000,1078370458,20458
17569,1078400000,1078420458,20458
17570,1078450000,1078470458,20458
17571,1078500000,1078520458,20458
17572,1078550000,1078570458,20458
17573,1078600000,1078620458,20458
17574,1078650000,1078670458,20458
17575,1078700000,1078720458,20458
17576,1078750000,1078770458,20458
17577,1078800000,1078820458,20458
17578,1078850000,1078870458,20458
17579,1078900000,1078920458,20458
17580,1078950000,1078970458,20458
17581,1079000000,1079020458,20458
17582,1079050000,1079070458,20458
17583,1079100000,1079120458,20458
17584,1079150000,1079170458,20458
17585,1079200000,1079220458,20458
17586,1079250000,1079270458,20458
17587,1079300000,1079320458,20458
17588,1079350000,1079370458,20458
17589,1079400000,1079420458,20458
17590,1079450000,1079470458,20458
17591,1079500000,1079520458,20458
17592,1079550000,1079570458,20458
17593,1079600000,1079620458,20458
17594,1079650000,1079670458,20458
17595,1079700000,1079720458,20458
17596,1079750000,1079770458,20458
17597,1079800000,1079820458,20458
17598,1079850000,1079870458,20458
17599,1079900000,1079920458,20458
17600,1079950000,1079970458,20458
17601,1080000000,1080020458,20458
17602,1080050000,1080070458,20458
17603,1080100000,1080120458,20458
17604,1080150000,1080170458,20458
17605,1080200000,1080220458,20458
17606,1080250000,1080270458,20458
17607,1080300000,1080320458,20458
17608,1080350000,1080370458,20458
17609,1080400000,1080420458,20458
17610,1080450000,1080470458,20458
17611,1080500000,1080520458,20458
17612,1080550000,1080570458,20458
17613,1080600000,1080620458,20458
17614,1080650000,1080670458,20458
17615,1080700000,1080720458,20458
17616,1080750000,1080770458,20458
17617,1080800000,1080820458,20458
17618,1080850000,1080870458,20458
17619,1080900000,1080920458,20458
17620,1080950000,1080970458,20458
17621,1081000000,1081020458,20458
17622,1081050000,1081070458,20458
17623,1081100000,1081120458,20458
17624,1081150000,1081170458,20458
17625,1081200000,1081220458,20458
17626,1081250000,1081270458,20458
17627,1081300000,1081320458,20458
17628,1081350000,1081370458,20458
17629,1081400000,1081420458,20458
17630,1081450000,1081470458,20458
17631,1081500000,1081520458,20458
17632,1081550000,1081570458,20458
17633,1081600000,1081620458,20458
17634,1081650000,1081670458,20458
17635,1081700000,1081720458,20458
17636,1081750000,1081770458,20458
17637,1081800000,1081820458,20458
17638,1081850000,1081870458,20458
17639,1081900000,1081920458,20458
17640,1081950000,1081970458,20458
17641,1082000000,1082020458,20458
17642,1082050000,1082070458,20458
17643,1082100000,1082120458,20458
17644,1082150000,1082170458,20458
17645,1082200000,1082220458,20458
17646,1082250000,1082270458,20458
17647,1082300000,1082320458,20458
17648,1082350000,1082370458,20458
17649,1082400000,1082420458,20458
17650,1082450000,1082470458,20458
17651,1082500000,1082520458,20458
17652,1082550000,1082570458,20458
17653,1082600000,1082620458,20458
17654,1082650000,1082670458,20458
17655,1082700000,1082720458,20458
17656,1082750000,1082770458,20458
17657,1082800000,1082820458,20458
17658,1082850000,1082870458,20458
17659,1082900000,1082920458,20458
17660,1082950000,1082970458,20458
17661,1083000000,1083020458,20458
17662,1083050000,1083070458,20458
17663,1083100000,1083120458,20458
17664,1083150000,1083170458,20458
17665,1083200000,1083220458,20458
17666,1083250000,1083270458,20458
17667,1083300000,1083320458,20458
17668,1083350000,1083370458,20458
17669,1083400000,1083420458,20458
17670,1083450000,1083470458,20458
17671,1083500000,1083520458,20458
17672,1083550000,1083570458,20458
17673,1083600000,1083620458,20458
17674,1083650000,1083670458,20458
17675,1083700000,1083720458,20458
17676,1083750000,1083770458,20458
17677,1083800000,1083820458,20458
17678,1083850000,1083870458,20458
17679,1083900000,1083920458,20458
17680,1083950000,1083970458,20458
17681,1084000000,1084020458,20458
17682,1084050000,1084070458,20458
17683,1084100000,1084120458,20458
17684,1084150000,1084170458,20458
17685,1084200000,1084220458,20458
17686,1084250000,1084270458,20458
17687,1084300000,1084320458,20458
17688,1084350000,1084370458,20458
17689,1084400000,1084420458,20458
17690,1084450000,1084470458,20458
17691,1084500000,1084520458,20458
17692,1084550000,1084570458,20458
17693,1084600000,1084620458,20458
17694,1084650000,1084670458,20458
17695,1084700000,1084720458,20458
17696,1084750000,1084770458,20458
17697,1084800000,1084820458,20458
17698,1084850000,1084870458,20458
17699,1084900000,1084920458,20458
17700,1084950000,1084970458,20458
17701,1085000000,1085020458,20458
17702,1085050000,1085070458,20458
17703,1085100000,1085120458,20458
17704,1085150000,1085170458,20458
17705,1085200000,1085220458,20458
17706,1085250000,1085270458,20458
17707,1085300000,1085320458,20458
17708,1085350000,1085370458,20458
17709,1085400000,1085420458,20458
17710,1085450000,1085470458,20458
17711,1085500000,1085520458,20458
17712,1085550000,1085570458,20458
17713,1085600000,1085620458,20458
17714,1085650000,1085670458,20458
17715,1085700000,1085720458,20458
17716,1085750000,1085770458,20458
17717,1085800000,1085820458,20458
17718,1085850000,1085870458,20458
17719,1085900000,1085920458,20458
17720,1085950000,1085970458,20458
17721,1086000000,1086020458,20458
17722,1086050000,1086070458,20458
17723,1086100000,1086120458,20458
17724,1086150000,1086170458,20458
17725,1086200000,1086220458,20458
17726,1086250000,1086270458,20458
17727,1086300000,1086320458,20458
17728,1086350000,1086370458,20458
17729,1086400000,1086420458,20458
17730,1086450000,1086470458,20458
17731,1086500000,1086520458,20458
17732,1086550000,1086570458,20458
17733,1086600000,1086620458,20458
17734,1086650000,1086670458,20458
17735,1086700000,1086720458,20458
17736,1086750000,1086770458,20458
17737,1086800000,1086820458,20458
17738,1086850000,1086870458,20458
17739,1086900000,1086920458,20458
17740,1086950000,1086970458,20458
17741,1087000000,1087020458,20458
17742,1087050000,1087070458,20458
17743,1087100000,1087120458,20458
17744,1087150000,1087170458,20458
17745,1087200000,1087220458,20458
17746,1087250000,1087270458,20458
17747,1087300000,1087320458,20458
17748,1087350000,1087370458,20458
17749,1087400000,1087420458,20458
17750,1087450000,1087470458,20458
17751,1087500000,1087520458,20458
17752,1087550000,1087570458,20458
17753,1087600000,1087620458,20458
17754,1087650000,1087670458,20458
17755,1087700000,1087720458,20458
17756,1087750000,1087770458,20458
17757,1087800000,1087820458,20458
17758,1087850000,1087870458,20458
17759,1087900000,1087920458,20458
17760,1087950000,1087970458,20458
17761,1088000000,1088020458,20458
17762,1088050000,1088070458,20458
17763,1088100000,1088120458,20458
17764,1088150000,1088170458,20458
17765,1088200000,1088220458,20458
17766,1088250000,1088270458,20458
17767,1088300000,1088320458,20458
17768,1088350000,1088370458,20458
17769,1088400000,1088420458,20458
17770,1088450000,1088470458,20458
17771,1088500000,1088520458,20458
17772,1088550000,1088570458,20458
17773,1088600000,1088620458,20458
17774,1088650000,1088670458,20458
17775,1088700000,1088720458,20458
17776,1088750000,1088770458,20458
17777,1088800000,1088820458,20458
17778,1088850000,1088870458,20458
17779,1088900000,1088920458,20458
17780,1088950000,1088970458,20458
17781,1089000000,1089020458,20458
17782,1089050000,1089070458,20458
17783,1089100000,1089120458,20458
17784,1089150000,1089170458,20458
17785,1089200000,1089220458,20458
17786,1089250000,1089270458,20458
17787,1089300000,1089320458,20458
17788,1089350000,1089370458,20458
17789,1089400000,1089420458,20458
17790,1089450000,1089470458,20458
17791,1089500000,1089520458,20458
17792,1089550000,1089570458,20458
17793,1089600000,1089620458,20458
17794,1089650000,1089670458,20458
17795,1089700000,1089720458,20458
17796,1089750000,1089770458,20458
17797,1089800000,1089820458,20458
17798,1089850000,1089870458,20458
17799,1089900000,1089920458,20458
17800,1089950000,1089970458,20458
17801,1090000000,1090020458,20458
17802,1090050000,1090070458,20458
17803,1090100000,1090120458,20458
17804,1090150000,1090170458,20458
17805,1090200000,1090220458,20458
17806,1090250000,1090270458,20458
17807,1090300000,1090320458,20458
17808,1090350000,1090370458,20458
17809,1090400000,1090420458,20458
17810,1090450000,1090470458,20458
17811,1090500000,1090520458,20458
17812,1090550000,1090570458,20458
17813,1090600000,1090620458,20458
17814,1090650000,1090670458,20458
17815,1090700000,1090720458,20458
17816,1090750000,1090770458,20458
17817,1090800000,1090820458,20458
17818,1090850000,1090870458,20458
17819,1090900000,1090920458,20458
17820,1090950000,1090970458,20458
17821,1091000000,1091020458,20458
17822,1091050000,1091070458,20458
17823,1091100000,1091120458,20458
17824,1091150000,1091170458,20458
17825,1091200000,1091220458,20458
17826,1091250000,1091270458,20458
17827,1091300000,1091320458,20458
17828,1091350000,1091370458,20458
17829,1091400000,1091420458,20458
17830,1091450000,1091470458,20458
17831,1091500000,1091520458,20458
17832,1091550000,1091570458,20458
17833,1091600000,1091620458,20458
17834,1091650000,1091670458,20458
17835,1091700000,1091720458,20458
17836,1091750000,1091770458,20458
17837,1091800000,1091820458,20458
17838,1091850000,1091870458,20458
17839,1091900000,1091920458,20458
17840,1091950000,1091970458,20458
17841,1092000000,1092020458,20458
17842,1092050000,1092070458,20458
17843,1092100000,1092120458,20458
17844,1092150000,1092170458,20458
17845,1092200000,1092220458,20458
17846,1092250000,1092270458,20458
17847,1092300000,1092320458,20458
17848,1092350000,1092370458,20458
17849,1092400000,1092420458,20458
17850,1092450000,1092470458,20458
17851,1092500000,1092520458,20458
17852,1092550000,1092570458,20458
17853,1092600000,1092620458,20458
17854,1092650000,1092670458,20458
17855,1092700000,1092720458,20458
17856,1092750000,1092770458,20458
17857,1092800000,1092820458,20458
17858,1092850000,1092870458,20458
17859,1092900000,1092920458,20458
17860,1092950000,1092970458,20458
17861,1093000000,1093020458,20458
17862,1093050000,1093070458,20458
17863,1093100000,1093120458,20458
17864,1093150000,1093170458,20458
17865,1093200000,1093220458,20458
17866,1093250000,1093270458,20458
17867,1093300000,1093320458,20458
17868,1093350000,1093370458,20458
17869,1093400000,1093420458,20458
17870,1093450000,1093470458,20458
17871,1093500000,1093520458,20458
17872,1093550000,1093570458,20458
17873,1093600000,1093620458,20458
17874,1093650000,1093670458,20458
17875,1093700000,1093720458,20458
17876,1093750000,1093770458,20458
17877,1093800000,1093820458,20458
17878,1093850000,1093870458,20458
17879,1093900000,1093920458,20458
17880,1093950000,1093970458,20458
17881,1094000000,1094020458,20458
17882,1094050000,1094070458,20458
17883,1094100000,1094120458,20458
17884,1094150000,1094170458,20458
17885,1094200000,1094220458,20458
17886,1094250000,1094270458,20458
17887,1094300000,1094320458,20458
17888,1094350000,1094370458,20458
17889,1094400000,1094420458,20458
17890,1094450000,1094470458,20458
17891,1094500000,1094520458,20458
17892,1094550000,1094570458,20458
17893,1094600000,1094620458,20458
17894,1094650000,1094670458,20458
17895,1094700000,1094720458,20458
17896,1094750000,1094770458,20458
17897,1094800000,1094820458,20458
17898,1094850000,1094870458,20458
17899,1094900000,1094920458,20458
17900,1094950000,1094970458,20458
17901,1095000000,1095020458,20458
17902,1095050000,1095070458,20458
17903,1095100000,1095120458,20458
17904,1095150000,1095170458,20458
17905,1095200000,1095220458,20458
17906,1095250000,1095270458,20458
17907,1095300000,1095320458,20458
17908,1095350000,1095370458,20458
17909,1095400000,1095420458,20458
17910,1095450000,1095470458,20458
17911,1095500000,1095520458,20458
17912,1095550000,1095570458,20458
17913,1095600000,1095620458,20458
17914,1095650000,1095670458,20458
17915,1095700000,1095720458,20458
17916,1095750000,1095770458,20458
17917,1095800000,1095820458,20458
17918,1095850000,1095870458,20458
17919,1095900000,1095920458,20458
17920,1095950000,1095970458,20458
17921,1096000000,1096020458,20458
17922,1096050000,1096070458,20458
17923,1096100000,1096120458,20458
17924,1096150000,1096170458,20458
17925,1096200000,1096220458,20458
17926,1096250000,1096270458,20458
17927,1096300000,1096320458,20458
17928,1096350000,1096370458,20458
17929,1096400000,1096420458,20458
17930,1096450000,1096470458,20458
17931,1096500000,1096520458,20458
17932,1096550000,1096570458,20458
17933,1096600000,1096620458,20458
17934,1096650000,1096670458,20458
17935,1096700000,1096720458,20458
17936,1096750000,1096770458,20458
17937,1096800000,1096820458,20458
17938,1096850000,1096870458,20458
17939,1096900000,1096920458,20458
17940,1096950000,1096970458,20458
17941,1097000000,1097020458,20458
17942,1097050000,1097070458,20458
17943,1097100000,1097120458,20458
17944,1097150000,1097170458,20458
17945,1097200000,1097220458,20458
17946,1097250000,1097270458,20458
17947,1097300000,1097320458,20458
17948,1097350000,1097370458,20458
17949,1097400000,1097420458,20458
17950,1097450000,1097470458,20458
17951,1097500000,1097520458,20458
17952,1097550000,1097570458,20458
17953,1097600000,1097620458,20458
17954,1097650000,1097670458,20458
17955,1097700000,1097720458,20458
17956,1097750000,1097770458,20458
17957,1097800000,1097820458,20458
17958,1097850000,1097870458,20458
17959,1097900000,1097920458,20458
17960,1097950000,1097970458,20458
17961,1098000000,1098020458,20458
17962,1098050000,1098070458,20458
17963,1098100000,1098120458,20458
17964,1098150000,1098170458,20458
17965,1098200000,1098220458,20458
17966,1098250000,1098270458,20458
17967,1098300000,1098320458,20458
17968,1098350000,1098370458,20458
17969,1098400000,1098420458,20458
17970,1098450000,1098470458,20458
17971,1098500000,1098520458,20458
17972,1098550000,1098570458,20458
17973,1098600000,1098620458,20458
17974,1098650000,1098670458,20458
17975,1098700000,1098720458,20458
17976,1098750000,1098770458,20458
17977,1098800000,1098820458,20458
17978,1098850000,1098870458,20458
17979,1098900000,1098920458,20458
17980,1098950000,1098970458,20458
17981,1099000000,1099020458,20458
17982,1099050000,1099070458,20458
17983,1099100000,1099120458,20458
17984,1099150000,1099170458,20458
17985,1099200000,1099220458,20458
17986,1099250000,1099270458,20458
17987,1099300000,1099320458,20458
17988,1099350000,1099370458,20458
17989,1099400000,1099420458,20458
17990,1099450000,1099470458,20458
17991,1099500000,1099520458,20458
17992,1099550000,1099570458,20458
17993,1099600000,1099620458,20458
17994,1099650000,1099670458,20458
17995,1099700000,1099720458,20458
17996,1099750000,1099770458,20458
17997,1099800000,1099820458,20458
17998,1099850000,1099870458,20458
17999,1099900000,1099920458,20458
18000,1099950000,1099970458,20458
18001,1100000000,1100020458,20458
18002,1100050000,1100070458,20458
18003,1100100000,1100120458,20458
18004,1100150000,1100170458,20458
18005,1100200000,1100220458,20458
18006,1100250000,1100270458,20458
18007,1100300000,1100320458,20458
18008,1100350000,1100370458,20458
18009,1100400000,1100420458,20458
18010,1100450000,1100470458,20458
18011,1100500000,1100520458,20458
18012,1100550000,1100570458,20458
18013,1100600000,1100620458,20458
18014,1100650000,1100670458,20458
18015,1100700000,1100720458,20458
18016,1100750000,1100770458,20458
18017,1100800000,1100820458,20458
18018,1100850000,1100870458,20458
18019,1100900000,1100920458,20458
18020,1100950000,1100970458,20458
18021,1101000000,1101020458,20458
18022,1101050000,1101070458,20458
18023,1101100000,1101120458,20458
18024,1101150000,1101170458,20458
18025,1101200000,1101220458,20458
18026,1101250000,1101270458,20458
18027,1101300000,1101320458,20458
18028,1101350000,1101370458,20458
18029,1101400000,1101420458,20458
18030,1101450000,1101470458,20458
18031,1101500000,1101520458,20458
18032,1101550000,1101570458,20458
18033,1101600000,1101620458,20458
18034,1101650000,1101670458,20458
18035,1101700000,1101720458,20458
18036,1101750000,1101770458,20458
18037,1101800000,1101820458,20458
18038,1101850000,1101870458,20458
18039,1101900000,1101920458,20458
18040,1101950000,1101970458,20458
18041,1102000000,1102020458,20458
18042,1102050000,1102070458,20458
18043,1102100000,1102120458,20458
18044,1102150000,1102170458,20458
18045,1102200000,1102220458,20458
18046,1102250000,1102270458,20458
18047,1102300000,1102320458,20458
18048,1102350000,1102370458,20458
18049,1102400000,1102420458,20458
18050,1102450000,1102470458,20458
18051,1102500000,1102520458,20458
18052,1102550000,1102570458,20458
18053,1102600000,1102620458,20458
18054,1102650000,1102670458,20458
18055,1102700000,1102720458,20458
18056,1102750000,1102770458,20458
18057,1102800000,1102820458,20458
18058,1102850000,1102870458,20458
18059,1102900000,1102920458,20458
18060,1102950000,1102970458,20458
18061,1103000000,1103020458,20458
18062,1103050000,1103070458,20458
18063,1103100000,1103120458,20458
18064,1103150000,1103170458,20458
18065,1103200000,1103220458,20458
18066,1103250000,1103270458,20458
18067,1103300000,1103320458,20458
18068,1103350000,1103370458,20458
18069,1103400000,1103420458,20458
18070,1103450000,1103470458,20458
18071,1103500000,1103520458,20458
18072,1103550000,1103570458,20458
18073,1103600000,1103620458,20458
18074,1103650000,1103670458,20458
18075,1103700000,1103720458,20458
18076,1103750000,1103770458,20458
18077,1103800000,1103820458,20458
18078,1103850000,1103870458,20458
18079,1103900000,1103920458,20458
18080,1103950000,1103970458,20458
18081,1104000000,1104020458,20458
18082,1104050000,1104070458,20458
18083,1104100000,1104120458,20458
18084,1104150000,1104170458,20458
18085,1104200000,1104220458,20458
18086,1104250000,1104270458,20458
18087,1104300000,1104320458,20458
18088,1104350000,1104370458,20458
18089,1104400000,1104420458,20458
18090,1104450000,1104470458,20458
18091,1104500000,1104520458,20458
18092,1104550000,1104570458,20458
18093,1104600000,1104620458,20458
18094,1104650000,1104670458,20458
18095,1104700000,1104720458,20458
18096,1104750000,1104770458,20458
18097,1104800000,1104820458,20458
18098,1104850000,1104870458,20458
18099,1104900000,1104920458,20458
18100,1104950000,1104970458,20458
18101,1105000000,1105020458,20458
18102,1105050000,1105070458,20458
18103,1105100000,1105120458,20458
18104,1105150000,1105170458,20458
18105,1105200000,1105220458,20458
18106,1105250000,1105270458,20458
18107,1105300000,1105320458,20458
18108,1105350000,1105370458,20458
18109,1105400000,1105420458,20458
18110,1105450000,1105470458,20458
18111,1105500000,1105520458,20458
18112,1105550000,1105570458,20458
18113,1105600000,1105620458,20458
18114,1105650000,1105670458,20458
18115,1105700000,1105720458,20458
18116,1105750000,1105770458,20458
18117,1105800000,1105820458,20458
18118,1105850000,1105870458,20458
18119,1105900000,1105920458,20458
18120,1105950000,1105970458,20458
18121,1106000000,1106020458,20458
18122,1106050000,1106070458,20458
18123,1106100000,1106120458,20458
18124,1106150000,1106170458,20458
18125,1106200000,1106220458,20458
18126,1106250000,1106270458,20458
18127,1106300000,1106320458,20458
18128,1106350000,1106370458,20458
18129,1106400000,1106420458,20458
18130,1106450000,1106470458,20458
18131,1106500000,1106520458,20458
18132,1106550000,1106570458,20458
18133,1106600000,1106620458,20458
18134,1106650000,1106670458,20458
18135,1106700000,1106720458,20458
18136,1106750000,1106770458,20458
18137,1106800000,1106820458,20458
18138,1106850000,1106870458,20458
18139,1106900000,1106920458,20458
18140,1106950000,1106970458,20458
18141,1107000000,1107020458,20458
18142,1107050000,1107070458,20458
18143,1107100000,1107120458,20458
18144,1107150000,1107170458,20458
18145,1107200000,1107220458,20458
18146,1107250000,1107270458,20458
18147,1107300000,1107320458,20458
18148,1107350000,1107370458,20458
18149,1107400000,1107420458,20458
18150,1107450000,1107470458,20458
18151,1107500000,1107520458,20458
18152,1107550000,1107570458,20458
18153,1107600000,1107620458,20458
18154,1107650000,1107670458,20458
18155,1107700000,1107720458,20458
18156,1107750000,1107770458,20458
18157,1107800000,1107820458,20458
18158,1107850000,1107870458,20458
18159,1107900000,1107920458,20458
18160,1107950000,1107970458,20458
18161,1108000000,1108020458,20458
18162,1108050000,1108070458,20458
18163,1108100000,1108120458,20458
18164,1108150000,1108170458,20458
18165,1108200000,1108220458,20458
18166,1108250000,1108270458,20458
18167,1108300000,1108320458,20458
18168,1108350000,1108370458,20458
18169,1108400000,1108420458,20458
18170,1108450000,1108470458,20458
18171,1108500000,1108520458,20458
18172,1108550000,1108570458,20458
18173,1108600000,1108620458,20458
18174,1108650000,1108670458,20458
18175,1108700000,1108720458,20458
18176,1108750000,1108770458,20458
18177,1108800000,1108820458,20458
18178,1108850000,1108870458,20458
18179,1108900000,1108920458,20458
18180,1108950000,1108970458,20458
18181,1109000000,1109020458,20458
18182,1109050000,1109070458,20458
18183,1109100000,1109120458,20458
18184,1109150000,1109170458,20458
18185,1109200000,1109220458,20458
18186,1109250000,1109270458,20458
18187,1109300000,1109320458,20458
18188,1109350000,1109370458,20458
18189,1109400000,1109420458,20458
18190,1109450000,1109470458,20458
18191,1109500000,1109520458,20458
18192,1109550000,1109570458,20458
18193,1109600000,1109620458,20458
18194,1109650000,1109670458,20458
18195,1109700000,1109720458,20458
18196,1109750000,1109770458,20458
18197,1109800000,1109820458,20458
18198,1109850000,1109870458,20458
18199,1109900000,1109920458,20458
18200,1109950000,1109970458,20458
18201,1110000000,1110020458,20458
18202,1110050000,1110070458,20458
18203,1110100000,1110120458,20458
18204,1110150000,1110170458,20458
18205,1110200000,1110220458,20458
18206,1110250000,1110270458,20458
18207,1110300000,1110320458,20458
18208,1110350000,1110370458,20458
18209,1110400000,1110420458,20458
18210,1110450000,1110470458,20458
18211,1110500000,1110520458,20458
18212,1110550000,1110570458,20458
18213,1110600000,1110620458,20458
18214,1110650000,1110670458,20458
18215,1110700000,1110720458,20458
18216,1110750000,1110770458,20458
18217,1110800000,1110820458,20458
18218,1110850000,1110870458,20458
18219,1110900000,1110920458,20458
18220,1110950000,1110970458,20458
18221,1111000000,1111020458,20458
18222,1111050000,1111070458,20458
18223,1111100000,1111120458,20458
18224,1111150000,1111170458,20458
18225,1111200000,1111220458,20458
18226,1111250000,1111270458,20458
18227,1111300000,1111320458,20458
18228,1111350000,1111370458,20458
18229,1111400000,1111420458,20458
18230,1111450000,1111470458,20458
18231,1111500000,1111520458,20458
18232,1111550000,1111570458,20458
18233,1111600000,1111620458,20458
18234,1111650000,1111670458,20458
18235,1111700000,1111720458,20458
18236,1111750000,1111770458,20458
18237,1111800000,1111820458,20458
18238,1111850000,1111870458,20458
18239,1111900000,1111920458,20458
18240,1111950000,1111970458,20458
18241,1112000000,1112020458,20458
18242,1112050000,1112070458,20458
18243,1112100000,1112120458,20458
18244,1112150000,1112170458,20458
18245,1112200000,1112220458,20458
18246,1112250000,1112270458,20458
18247,1112300000,1112320458,20458
18248,1112350000,1112370458,20458
18249,1112400000,1112420458,20458
18250,1112450000,1112470458,20458
18251,1112500000,1112520458,20458
18252,1112550000,1112570458,20458
18253,1112600000,1112620458,20458
18254,1112650000,1112670458,20458
18255,1112700000,1112720458,20458
18256,1112750000,1112770458,20458
18257,1112800000,1112820458,20458
18258,1112850000,1112870458,20458
18259,1112900000,1112920458,20458
18260,1112950000,1112970458,20458
18261,1113000000,1113020458,20458
18262,1113050000,1113070458,20458
18263,1113100000,1113120458,20458
18264,1113150000,1113170458,20458
18265,1113200000,1113220458,20458
18266,1113250000,1113270458,20458
18267,1113300000,1113320458,20458
18268,1113350000,1113370458,20458
18269,1113400000,1113420458,20458
18270,1113450000,1113470458,20458
18271,1113500000,1113520458,20458
18272,1113550000,1113570458,20458
18273,1113600000,1113620458,20458
18274,1113650000,1113670458,20458
18275,1113700000,1113720458,20458
18276,1113750000,1113770458,20458
18277,1113800000,1113820458,20458
18278,1113850000,1113870458,20458
18279,1113900000,1113920458,20458
18280,1113950000,1113970458,20458
18281,1114000000,1114020458,20458
18282,1114050000,1114070458,20458
18283,1114100000,1114120458,20458
18284,1114150000,1114170458,20458
18285,1114200000,1114220458,20458
18286,1114250000,1114270458,20458
18287,1114300000,1114320458,20458
18288,1114350000,1114370458,20458
18289,1114400000,1114420458,20458
18290,1114450000,1114470458,20458
18291,1114500000,1114520458,20458
18292,1114550000,1114570458,20458
18293,1114600000,1114620458,20458
18294,1114650000,1114670458,20458
18295,1114700000,1114720458,20458
18296,1114750000,1114770458,20458
18297,1114800000,1114820458,20458
18298,1114850000,1114870458,20458
18299,1114900000,1114920458,20458
18300,1114950000,1114970458,20458
18301,1115000000,1115020458,20458
18302,1115050000,1115070458,20458
18303,1115100000,1115120458,20458
18304,1115150000,1115170458,20458
18305,1115200000,1115220458,20458
18306,1115250000,1115270458,20458
18307,1115300000,1115320458,20458
18308,1115350000,1115370458,20458
18309,1115400000,1115420458,20458
18310,1115450000,1115470458,20458
18311,1115500000,1115520458,20458
18312,1115550000,1115570458,20458
18313,1115600000,1115620458,20458
18314,1115650000,1115670458,20458
18315,1115700000,1115720458,20458
18316,1115750000,1115770458,20458
18317,1115800000,1115820458,20458
18318,1115850000,1115870458,20458
18319,1115900000,1115920458,20458
18320,1115950000,1115970458,20458
18321,1116000000,1116020458,20458
18322,1116050000,1116070458,20458
18323,1116100000,1116120458,20458
18324,1116150000,1116170458,20458
18325,1116200000,1116220458,20458
18326,1116250000,1116270458,20458
18327,1116300000,1116320458,20458
18328,1116350000,1116370458,20458
18329,1116400000,1116420458,20458
18330,1116450000,1116470458,20458
18331,1116500000,1116520458,20458
18332,1116550000,1116570458,20458
18333,1116600000,1116620458,20458
18334,1116650000,1116670458,20458
18335,1116700000,1116720458,20458
18336,1116750000,1116770458,20458
18337,1116800000,1116820458,20458
18338,1116850000,1116870458,20458
18339,1116900000,1116920458,20458
18340,1116950000,1116970458,20458
18341,1117000000,1117020458,20458
18342,1117050000,1117070458,20458
18343,1117100000,1117120458,20458
18344,1117150000,1117170458,20458
18345,1117200000,1117220458,20458
18346,1117250000,1117270458,20458
18347,1117300000,1117320458,20458
18348,1117350000,1117370458,20458
18349,1117400000,1117420458,20458
18350,1117450000,1117470458,20458
18351,1117500000,1117520458,20458
18352,1117550000,1117570458,20458
18353,1117600000,1117620458,20458
18354,1117650000,1117670458,20458
18355,1117700000,1117720458,20458
18356,1117750000,1117770458,20458
18357,1117800000,1117820458,20458
18358,1117850000,1117870458,20458
18359,1117900000,1117920458,20458
18360,1117950000,1117970458,20458
18361,1118000000,1118020458,20458
18362,1118050000,1118070458,20458
18363,1118100000,1118120458,20458
18364,1118150000,1118170458,20458
18365,1118200000,1118220458,20458
18366,1118250000,1118270458,20458
18367,1118300000,1118320458,20458
18368,1118350000,1118370458,20458
18369,1118400000,1118420458,20458
18370,1118450000,1118470458,20458
18371,1118500000,1118520458,20458
18372,1118550000,1118570458,20458
18373,1118600000,1118620458,20458
18374,1118650000,1118670458,20458
18375,1118700000,1118720458,20458
18376,1118750000,1118770458,20458
18377,1118800000,1118820458,20458
18378,1118850000,1118870458,20458
18379,1118900000,1118920458,20458
18380,1118950000,1118970458,20458
18381,1119000000,1119020458,20458
18382,1119050000,1119070458,20458
18383,1119100000,1119120458,20458
18384,1119150000,1119170458,20458
18385,1119200000,1119220458,20458
18386,1119250000,1119270458,20458
18387,1119300000,1119320458,20458
18388,1119350000,1119370458,20458
18389,1119400000,1119420458,20458
18390,1119450000,1119470458,20458
18391,1119500000,1119520458,20458
18392,1119550000,1119570458,20458
18393,1119600000,1119620458,20458
18394,1119650000,1119670458,20458
18395,1119700000,1119720458,20458
18396,1119750000,1119770458,20458
18397,1119800000,1119820458,20458
18398,1119850000,1119870458,20458
18399,1119900000,1119920458,20458
18400,1119950000,1119970458,20458
18401,1120000000,1120020458,20458
18402,1120050000,1120070458,20458
18403,1120100000,1120120458,20458
18404,1120150000,1120170458,20458
18405,1120200000,1120220458,20458
18406,1120250000,1120270458,20458
18407,1120300000,1120320458,20458
18408,1120350000,1120370458,20458
18409,1120400000,1120420458,20458
18410,1120450000,1120470458,20458
18411,1120500000,1120520458,20458
18412,1120550000,1120570458,20458
18413,1120600000,1120620458,20458
18414,1120650000,1120670458,20458
18415,1120700000,1120720458,20458
18416,1120750000,1120770458,20458
18417,1120800000,1120820458,20458
18418,1120850000,1120870458,20458
18419,1120900000,1120920458,20458
18420,1120950000,1120970458,20458
18421,1121000000,1121020458,20458
18422,1121050000,1121070458,20458
18423,1121100000,1121120458,20458
18424,1121150000,1121170458,20458
18425,1121200000,1121220458,20458
18426,1121250000,1121270458,20458
18427,1121300000,1121320458,20458
18428,1121350000,1121370458,20458
18429,1121400000,1121420458,20458
18430,1121450000,1121470458,20458
18431,1121500000,1121520458,20458
18432,1121550000,1121570458,20458
18433,1121600000,1121620458,20458
18434,1121650000,1121670458,20458
18435,1121700000,1121720458,20458
18436,1121750000,1121770458,20458
18437,1121800000,1121820458,20458
18438,1121850000,1121870458,20458
18439,1121900000,1121920458,20458
18440,1121950000,1121970458,20458
18441,1122000000,1122020458,20458
18442,1122050000,1122070458,20458
18443,1122100000,1122120458,20458
18444,1122150000,1122170458,20458
18445,1122200000,1122220458,20458
18446,1122250000,1122270458,20458
18447,1122300000,1122320458,20458
18448,1122350000,1122370458,20458
18449,1122400000,1122420458,20458
18450,1122450000,1122470458,20458
18451,1122500000,1122520458,20458
18452,1122550000,1122570458,20458
18453,1122600000,1122620458,20458
18454,1122650000,1122670458,20458
18455,1122700000,1122720458,20458
18456,1122750000,1122770458,20458
18457,1122800000,1122820458,20458
18458,1122850000,1122870458,20458
18459,1122900000,1122920458,20458
18460,1122950000,1122970458,20458
18461,1123000000,1123020458,20458
18462,1123050000,1123070458,20458
18463,1123100000,1123120458,20458
18464,1123150000,1123170458,20458
18465,1123200000,1123220458,20458
18466,1123250000,1123270458,20458
18467,1123300000,1123320458,20458
18468,1123350000,1123370458,20458
18469,1123400000,1123420458,20458
18470,1123450000,1123470458,20458
18471,1123500000,1123520458,20458
18472,1123550000,1123570458,20458
18473,1123600000,1123620458,20458
18474,1123650000,1123670458,20458
18475,1123700000,1123720458,20458
18476,1123750000,1123770458,20458
18477,1123800000,1123820458,20458
18478,1123850000,1123870458,20458
18479,1123900000,1123920458,20458
18480,1123950000,1123970458,20458
18481,1124000000,1124020458,20458
18482,1124050000,1124070458,20458
18483,1124100000,1124120458,20458
18484,1124150000,1124170458,20458
18485,1124200000,1124220458,20458
18486,1124250000,1124270458,20458
18487,1124300000,1124320458,20458
18488,1124350000,1124370458,20458
18489,1124400000,1124420458,20458
18490,1124450000,1124470458,20458
18491,1124500000,1124520458,20458
18492,1124550000,1124570458,20458
18493,1124600000,1124620458,20458
18494,1124650000,1124670458,20458
18495,1124700000,1124720458,20458
18496,1124750000,1124770458,20458
18497,1124800000,1124820458,20458
18498,1124850000,1124870458,20458
18499,1124900000,1124920458,20458
18500,1124950000,1124970458,20458
18501,1125000000,1125020458,20458
18502,1125050000,1125070458,20458
18503,1125100000,1125120458,20458
18504,1125150000,1125170458,20458
18505,1125200000,1125220458,20458
18506,1125250000,1125270458,20458
18507,1125300000,1125320458,20458
18508,1125350000,1125370458,20458
18509,1125400000,1125420458,20458
18510,1125450000,1125470458,20458
18511,1125500000,1125520458,20458
18512,1125550000,1125570458,20458
18513,1125600000,1125620458,20458
18514,1125650000,1125670458,20458
18515,1125700000,1125720458,20458
18516,1125750000,1125770458,20458
18517,1125800000,1125820458,20458
18518,1125850000,1125870458,20458
18519,1125900000,1125920458,20458
18520,1125950000,1125970458,20458
18521,1126000000,1126020458,20458
18522,1126050000,1126070458,20458
18523,1126100000,1126120458,20458
18524,1126150000,1126170458,20458
18525,1126200000,1126220458,20458
18526,1126250000,1126270458,20458
18527,1126300000,1126320458,20458
18528,1126350000,1126370458,20458
18529,1126400000,1126420458,20458
18530,1126450000,1126470458,20458
18531,1126500000,1126520458,20458
18532,1126550000,1126570458,20458
18533,1126600000,1126620458,20458
18534,1126650000,1126670458,20458
18535,1126700000,1126720458,20458
18536,1126750000,1126770458,20458
18537,1126800000,1126820458,20458
18538,1126850000,1126870458,20458
18539,1126900000,1126920458,20458
18540,1126950000,1126970458,20458
18541,1127000000,1127020458,20458
18542,1127050000,1127070458,20458
18543,1127100000,1127120458,20458
18544,1127150000,1127170458,20458
18545,1127200000,1127220458,20458
18546,1127250000,1127270458,20458
18547,1127300000,1127320458,20458
18548,1127350000,1127370458,20458
18549,1127400000,1127420458,20458
18550,1127450000,1127470458,20458
18551,1127500000,1127520458,20458
18552,1127550000,1127570458,20458
18553,1127600000,1127620458,20458
18554,1127650000,1127670458,20458
18555,1127700000,1127720458,20458
18556,1127750000,1127770458,20458
18557,1127800000,1127820458,20458
18558,1127850000,1127870458,20458
18559,1127900000,1127920458,20458
18560,1127950000,1127970458,20458
18561,1128000000,1128020458,20458
18562,1128050000,1128070458,20458
18563,1128100000,1128120458,20458
18564,1128150000,1128170458,20458
18565,1128200000,1128220458,20458
18566,1128250000,1128270458,20458
18567,1128300000,1128320458,20458
18568,1128350000,1128370458,20458
18569,1128400000,1128420458,20458
18570,1128450000,1128470458,20458
18571,1128500000,1128520458,20458
18572,1128550000,1128570458,20458
18573,1128600000,1128620458,20458
18574,1128650000,1128670458,20458
18575,1128700000,1128720458,20458
18576,1128750000,1128770458,20458
18577,1128800000,1128820458,20458
18578,1128850000,1128870458,20458
18579,1128900000,1128920458,20458
18580,1128950000,1128970458,20458
18581,1129000000,1129020458,20458
18582,1129050000,1129070458,20458
18583,1129100000,1129120458,20458
18584,1129150000,1129170458,20458
18585,1129200000,1129220458,20458
18586,1129250000,1129270458,20458
18587,1129300000,1129320458,20458
18588,1129350000,1129370458,20458
18589,1129400000,1129420458,20458
18590,1129450000,1129470458,20458
18591,1129500000,1129520458,20458
18592,1129550000,1129570458,20458
18593,1129600000,1129620458,20458
18594,1129650000,1129670458,20458
18595,1129700000,1129720458,20458
18596,1129750000,1129770458,20458
18597,1129800000,1129820458,20458
18598,1129850000,1129870458,20458
18599,1129900000,1129920458,20458
18600,1129950000,1129970458,20458
18601,1130000000,1130020458,20458
18602,1130050000,1130070458,20458
18603,1130100000,1130120458,20458
18604,1130150000,1130170458,20458
18605,1130200000,1130220458,20458
18606,1130250000,1130270458,20458
18607,1130300000,1130320458,20458
18608,1130350000,1130370458,20458
18609,1130400000,1130420458,20458
18610,1130450000,1130470458,20458
18611,1130500000,1130520458,20458
18612,1130550000,1130570458,20458
18613,1130600000,1130620458,20458
18614,1130650000,1130670458,20458
18615,1130700000,1130720458,20458
18616,1130750000,1130770458,20458
18617,1130800000,1130820458,20458
18618,1130850000,1130870458,20458
18619,1130900000,1130920458,20458
18620,1130950000,1130970458,20458
18621,1131000000,1131020458,20458
18622,1131050000,1131070458,20458
18623,1131100000,1131120458,20458
18624,1131150000,1131170458,20458
18625,1131200000,1131220458,20458
18626,1131250000,1131270458,20458
18627,1131300000,1131320458,20458
18628,1131350000,1131370458,20458
18629,1131400000,1131420458,20458
18630,1131450000,1131470458,20458
18631,1131500000,1131520458,20458
18632,1131550000,1131570458,20458
18633,1131600000,1131620458,20458
18634,1131650000,1131670458,20458
18635,1131700000,1131720458,20458
18636,1131750000,1131770458,20458
18637,1131800000,1131820458,20458
18638,1131850000,1131870458,20458
18639,1131900000,1131920458,20458
18640,1131950000,1131970458,20458
18641,1132000000,1132020458,20458
18642,1132050000,1132070458,20458
18643,1132100000,1132120458,20458
18644,1132150000,1132170458,20458
18645,1132200000,1132220458,20458
18646,1132250000,1132270458,20458
18647,1132300000,1132320458,20458
18648,1132350000,1132370458,20458
18649,1132400000,1132420458,20458
18650,1132450000,1132470458,20458
18651,1132500000,1132520458,20458
18652,1132550000,1132570458,20458
18653,1132600000,1132620458,20458
18654,1132650000,1132670458,20458
18655,1132700000,1132720458,20458
18656,1132750000,1132770458,20458
18657,1132800000,1132820458,20458
18658,1132850000,1132870458,20458
18659,1132900000,1132920458,20458
18660,1132950000,1132970458,20458
18661,1133000000,1133020458,20458
18662,1133050000,1133070458,20458
18663,1133100000,1133120458,20458
18664,1133150000,1133170458,20458
18665,1133200000,1133220458,20458
18666,1133250000,1133270458,20458
18667,1133300000,1133320458,20458
18668,1133350000,1133370458,20458
18669,1133400000,1133420458,20458
18670,1133450000,1133470458,20458
18671,1133500000,1133520458,20458
18672,1133550000,1133570458,20458
18673,1133600000,1133620458,20458
18674,1133650000,1133670458,20458
18675,1133700000,1133720458,20458
18676,1133750000,1133770458,20458
18677,1133800000,1133820458,20458
18678,1133850000,1133870458,20458
18679,1133900000,1133920458,20458
18680,1133950000,1133970458,20458
18681,1134000000,1134020458,20458
18682,1134050000,1134070458,20458
18683,1134100000,1134120458,20458
18684,1134150000,1134170458,20458
18685,1134200000,1134220458,20458
18686,1134250000,1134270458,20458
18687,1134300000,1134320458,20458
18688,1134350000,1134370458,20458
18689,1134400000,1134420458,20458
18690,1134450000,1134470458,20458
18691,1134500000,1134520458,20458
18692,1134550000,1134570458,20458
18693,1134600000,1134620458,20458
18694,1134650000,1134670458,20458
18695,1134700000,1134720458,20458
18696,1134750000,1134770458,20458
18697,1134800000,1134820458,20458
18698,1134850000,1134870458,20458
18699,1134900000,1134920458,20458
18700,1134950000,1134970458,20458
18701,1135000000,1135020458,20458
18702,1135050000,1135070458,20458
18703,1135100000,1135120458,20458
18704,1135150000,1135170458,20458
18705,1135200000,1135220458,20458
18706,1135250000,1135270458,20458
18707,1135300000,1135320458,20458
18708,1135350000,1135370458,20458
18709,1135400000,1135420458,20458
18710,1135450000,1135470458,20458
18711,1135500000,1135520458,20458
18712,1135550000,1135570458,20458
18713,1135600000,1135620458,20458
18714,1135650000,1135670458,20458
18715,1135700000,1135720458,20458
18716,1135750000,1135770458,20458
18717,1135800000,1135820458,20458
18718,1135850000,1135870458,20458
18719,1135900000,1135920458,20458
18720,1135950000,1135970458,20458
18721,1136000000,1136020458,20458
18722,1136050000,1136070458,20458
18723,1136100000,1136120458,20458
18724,1136150000,1136170458,20458
18725,1136200000,1136220458,20458
18726,1136250000,1136270458,20458
18727,1136300000,1136320458,20458
18728,1136350000,1136370458,20458
18729,1136400000,1136420458,20458
18730,1136450000,1136470458,20458
18731,1136500000,1136520458,20458
18732,1136550000,1136570458,20458
18733,1136600000,1136620458,20458
18734,1136650000,1136670458,20458
18735,1136700000,1136720458,20458
18736,1136750000,1136770458,20458
18737,1136800000,1136820458,20458
18738,1136850000,1136870458,20458
18739,1136900000,1136920458,20458
18740,1136950000,1136970458,20458
18741,1137000000,1137020458,20458
18742,1137050000,1137070458,20458
18743,1137100000,1137120458,20458
18744,1137150000,1137170458,20458
18745,1137200000,1137220458,20458
18746,1137250000,1137270458,20458
18747,1137300000,1137320458,20458
18748,1137350000,1137370458,20458
18749,1137400000,1137420458,20458
18750,1137450000,1137470458,20458
18751,1137500000,1137520458,20458
18752,1137550000,1137570458,20458
18753,1137600000,1137620458,20458
18754,1137650000,1137670458,20458
18755,1137700000,1137720458,20458
18756,1137750000,1137770458,20458
18757,1137800000,1137820458,20458
18758,1137850000,1137870458,20458
18759,1137900000,1137920458,20458
18760,1137950000,1137970458,20458
18761,1138000000,1138020458,20458
18762,1138050000,1138070458,20458
18763,1138100000,1138120458,20458
18764,1138150000,1138170458,20458
18765,1138200000,1138220458,20458
18766,1138250000,1138270458,20458
18767,1138300000,1138320458,20458
18768,1138350000,1138370458,20458
18769,1138400000,1138420458,20458
18770,1138450000,1138470458,20458
18771,1138500000,1138520458,20458
18772,1138550000,1138570458,20458
18773,1138600000,1138620458,20458
18774,1138650000,1138670458,20458
18775,1138700000,1138720458,20458
18776,1138750000,1138770458,20458
18777,1138800000,1138820458,20458
18778,1138850000,1138870458,20458
18779,1138900000,1138920458,20458
18780,1138950000,1138970458,20458
18781,1139000000,1139020458,20458
18782,1139050000,1139070458,20458
18783,1139100000,1139120458,20458
18784,1139150000,1139170458,20458
18785,1139200000,1139220458,20458
18786,1139250000,1139270458,20458
18787,1139300000,1139320458,20458
18788,1139350000,1139370458,20458
18789,1139400000,1139420458,20458
18790,1139450000,1139470458,20458
18791,1139500000,1139520458,20458
18792,1139550000,1139570458,20458
18793,1139600000,1139620458,20458
18794,1139650000,1139670458,20458
18795,1139700000,1139720458,20458
18796,1139750000,1139770458,20458
18797,1139800000,1139820458,20458
18798,1139850000,1139870458,20458
18799,1139900000,1139920458,20458
18800,1139950000,1139970458,20458
18801,1140000000,1140020458,20458
18802,1140050000,1140070458,20458
18803,1140100000,1140120458,20458
18804,1140150000,1140170458,20458
18805,1140200000,1140220458,20458
18806,1140250000,1140270458,20458
18807,1140300000,1140320458,20458
18808,1140350000,1140370458,20458
18809,1140400000,1140420458,20458
18810,1140450000,1140470458,20458
18811,1140500000,1140520458,20458
18812,1140550000,1140570458,20458
18813,1140600000,1140620458,20458
18814,1140650000,1140670458,20458
18815,1140700000,1140720458,20458
18816,1140750000,1140770458,20458
18817,1140800000,1140820458,20458
18818,1140850000,1140870458,20458
18819,1140900000,1140920458,20458
18820,1140950000,1140970458,20458
18821,1141000000,1141020458,20458
18822,1141050000,1141070458,20458
18823,1141100000,1141120458,20458
18824,1141150000,1141170458,20458
18825,1141200000,1141220458,20458
18826,1141250000,1141270458,20458
18827,1141300000,1141320458,20458
18828,1141350000,1141370458,20458
18829,1141400000,1141420458,20458
18830,1141450000,1141470458,20458
18831,1141500000,1141520458,20458
18832,1141550000,1141570458,20458
18833,1141600000,1141620458,20458
18834,1141650000,1141670458,20458
18835,1141700000,1141720458,20458
18836,1141750000,1141770458,20458
18837,1141800000,1141820458,20458
18838,1141850000,1141870458,20458
18839,1141900000,1141920458,20458
18840,1141950000,1141970458,20458
18841,1142000000,1142020458,20458
18842,1142050000,1142070458,20458
18843,1142100000,1142120458,20458
18844,1142150000,1142170458,20458
18845,1142200000,1142220458,20458
18846,1142250000,1142270458,20458
18847,1142300000,1142320458,20458
18848,1142350000,1142370458,20458
18849,1142400000,1142420458,20458
18850,1142450000,1142470458,20458
18851,1142500000,1142520458,20458
18852,1142550000,1142570458,20458
18853,1142600000,1142620458,20458
18854,1142650000,1142670458,20458
18855,1142700000,1142720458,20458
18856,1142750000,1142770458,20458
18857,1142800000,1142820458,20458
18858,1142850000,1142870458,20458
18859,1142900000,1142920458,20458
18860,1142950000,1142970458,20458
18861,1143000000,1143020458,20458
18862,1143050000,1143070458,20458
18863,1143100000,1143120458,20458
18864,1143150000,1143170458,20458
18865,1143200000,1143220458,20458
18866,1143250000,1143270458,20458
18867,1143300000,1143320458,20458
18868,1143350000,1143370458,20458
18869,1143400000,1143420458,20458
18870,1143450000,1143470458,20458
18871,1143500000,1143520458,20458
18872,1143550000,1143570458,20458
18873,1143600000,1143620458,20458
18874,1143650000,1143670458,20458
18875,1143700000,1143720458,20458
18876,1143750000,1143770458,20458
18877,1143800000,1143820458,20458
18878,1143850000,1143870458,20458
18879,1143900000,1143920458,20458
18880,1143950000,1143970458,20458
18881,1144000000,1144020458,20458
18882,1144050000,1144070458,20458
18883,1144100000,1144120458,20458
18884,1144150000,1144170458,20458
18885,1144200000,1144220458,20458
18886,1144250000,1144270458,20458
18887,1144300000,1144320458,20458
18888,1144350000,1144370458,20458
18889,1144400000,1144420458,20458
18890,1144450000,1144470458,20458
18891,1144500000,1144520458,20458
18892,1144550000,1144570458,20458
18893,1144600000,1144620458,20458
18894,1144650000,1144670458,20458
18895,1144700000,1144720458,20458
18896,1144750000,1144770458,20458
18897,1144800000,1144820458,20458
18898,1144850000,1144870458,20458
18899,1144900000,1144920458,20458
18900,1144950000,1144970458,20458
18901,1145000000,1145020458,20458
18902,1145050000,1145070458,20458
18903,1145100000,1145120458,20458
18904,1145150000,1145170458,20458
18905,1145200000,1145220458,20458
18906,1145250000,1145270458,20458
18907,1145300000,1145320458,20458
18908,1145350000,1145370458,20458
18909,1145400000,1145420458,20458
18910,1145450000,1145470458,20458
18911,1145500000,1145520458,20458
18912,1145550000,1145570458,20458
18913,1145600000,1145620458,20458
18914,1145650000,1145670458,20458
18915,1145700000,1145720458,20458
18916,1145750000,1145770458,20458
18917,1145800000,1145820458,20458
18918,1145850000,1145870458,20458
18919,1145900000,1145920458,20458
18920,1145950000,1145970458,20458
18921,1146000000,1146020458,20458
18922,1146050000,1146070458,20458
18923,1146100000,1146120458,20458
18924,1146150000,1146170458,20458
18925,1146200000,1146220458,20458
18926,1146250000,1146270458,20458
18927,1146300000,1146320458,20458
18928,1146350000,1146370458,20458
18929,1146400000,1146420458,20458
18930,1146450000,1146470458,20458
18931,1146500000,1146520458,20458
18932,1146550000,1146570458,20458
18933,1146600000,1146620458,20458
18934,1146650000,1146670458,20458
18935,1146700000,1146720458,20458
18936,1146750000,1146770458,20458
18937,1146800000,1146820458,20458
18938,1146850000,1146870458,20458
18939,1146900000,1146920458,20458
18940,1146950000,1146970458,20458
18941,1147000000,1147020458,20458
18942,1147050000,1147070458,20458
18943,1147100000,1147120458,20458
18944,1147150000,1147170458,20458
18945,1147200000,1147220458,20458
18946,1147250000,1147270458,20458
18947,1147300000,1147320458,20458
18948,1147350000,1147370458,20458
18949,1147400000,1147420458,20458
18950,1147450000,1147470458,20458
18951,1147500000,1147520458,20458
18952,1147550000,1147570458,20458
18953,1147600000,1147620458,20458
18954,1147650000,1147670458,20458
18955,1147700000,1147720458,20458
18956,1147750000,1147770458,20458
18957,1147800000,1147820458,20458
18958,1147850000,1147870458,20458
18959,1147900000,1147920458,20458
18960,1147950000,1147970458,20458
18961,1148000000,1148020458,20458
18962,1148050000,1148070458,20458
18963,1148100000,1148120458,20458
18964,1148150000,1148170458,20458
18965,1148200000,1148220458,20458
18966,1148250000,1148270458,20458
18967,1148300000,1148320458,20458
18968,1148350000,1148370458,20458
18969,1148400000,1148420458,20458
18970,1148450000,1148470458,20458
18971,1148500000,1148520458,20458
18972,1148550000,1148570458,20458
18973,1148600000,1148620458,20458
18974,1148650000,1148670458,20458
18975,1148700000,1148720458,20458
18976,1148750000,1148770458,20458
18977,1148800000,1148820458,20458
18978,1148850000,1148870458,20458
18979,1148900000,1148920458,20458
18980,1148950000,1148970458,20458
18981,1149000000,1149020458,20458
18982,1149050000,1149070458,20458
18983,1149100000,1149120458,20458
18984,1149150000,1149170458,20458
18985,1149200000,1149220458,20458
18986,1149250000,1149270458,20458
18987,1149300000,1149320458,20458
18988,1149350000,1149370458,20458
18989,1149400000,1149420458,20458
18990,1149450000,1149470458,20458
18991,1149500000,1149520458,20458
18992,1149550000,1149570458,20458
18993,1149600000,1149620458,20458
18994,1149650000,1149670458,20458
18995,1149700000,1149720458,20458
18996,1149750000,1149770458,20458
18997,1149800000,1149820458,20458
18998,1149850000,1149870458,20458
18999,1149900000,1149920458,20458
19000,1149950000,1149970458,20458
19001,1150000000,1150020458,20458
19002,1150050000,1150070458,20458
19003,1150100000,1150120458,20458
19004,1150150000,1150170458,20458
19005,1150200000,1150220458,20458
19006,1150250000,1150270458,20458
19007,1150300000,1150320458,20458
19008,1150350000,1150370458,20458
19009,1150400000,1150420458,20458
19010,1150450000,1150470458,20458
19011,1150500000,1150520458,20458
19012,1150550000,1150570458,20458
19013,1150600000,1150620458,20458
19014,1150650000,1150670458,20458
19015,1150700000,1150720458,20458
19016,1150750000,1150770458,20458
19017,1150800000,1150820458,20458
19018,1150850000,1150870458,20458
19019,1150900000,1150920458,20458
19020,1150950000,1150970458,20458
19021,1151000000,1151020458,20458
19022,1151050000,1151070458,20458
19023,1151100000,1151120458,20458
19024,1151150000,1151170458,20458
19025,1151200000,1151220458,20458
19026,1151250000,1151270458,20458
19027,1151300000,1151320458,20458
19028,1151350000,1151370458,20458
19029,1151400000,1151420458,20458
19030,1151450000,1151470458,20458
19031,1151500000,1151520458,20458
19032,1151550000,1151570458,20458
19033,1151600000,1151620458,20458
19034,1151650000,1151670458,20458
19035,1151700000,1151720458,20458
19036,1151750000,1151770458,20458
19037,1151800000,1151820458,20458
19038,1151850000,1151870458,20458
19039,1151900000,1151920458,20458
19040,1151950000,1151970458,20458
19041,1152000000,1152020458,20458
19042,1152050000,1152070458,20458
19043,1152100000,1152120458,20458
19044,1152150000,1152170458,20458
19045,1152200000,1152220458,20458
19046,1152250000,1152270458,20458
19047,1152300000,1152320458,20458
19048,1152350000,1152370458,20458
19049,1152400000,1152420458,20458
19050,1152450000,1152470458,20458
19051,1152500000,1152520458,20458
19052,1152550000,1152570458,20458
19053,1152600000,1152620458,20458
19054,1152650000,1152670458,20458
19055,1152700000,1152720458,20458
19056,1152750000,1152770458,20458
19057,1152800000,1152820458,20458
19058,1152850000,1152870458,20458
19059,1152900000,1152920458,20458
19060,1152950000,1152970458,20458
19061,1153000000,1153020458,20458
19062,1153050000,1153070458,20458
19063,1153100000,1153120458,20458
19064,1153150000,1153170458,20458
19065,1153200000,1153220458,20458
19066,1153250000,1153270458,20458
19067,1153300000,1153320458,20458
19068,1153350000,1153370458,20458
19069,1153400000,1153420458,20458
19070,1153450000,1153470458,20458
19071,1153500000,1153520458,20458
19072,1153550000,1153570458,20458
19073,1153600000,1153620458,20458
19074,1153650000,1153670458,20458
19075,1153700000,1153720458,20458
19076,1153750000,1153770458,20458
19077,1153800000,1153820458,20458
19078,1153850000,1153870458,20458
19079,1153900000,1153920458,20458
19080,1153950000,1153970458,20458
19081,1154000000,1154020458,20458
19082,1154050000,1154070458,20458
19083,1154100000,1154120458,20458
19084,1154150000,1154170458,20458
19085,1154200000,1154220458,20458
19086,1154250000,1154270458,20458
19087,1154300000,1154320458,20458
19088,1154350000,1154370458,20458
19089,1154400000,1154420458,20458
19090,1154450000,1154470458,20458
19091,1154500000,1154520458,20458
19092,1154550000,1154570458,20458
19093,1154600000,1154620458,20458
19094,1154650000,1154670458,20458
19095,1154700000,1154720458,20458
19096,1154750000,1154770458,20458
19097,1154800000,1154820458,20458
19098,1154850000,1154870458,20458
19099,1154900000,1154920458,20458
19100,1154950000,1154970458,20458
19101,1155000000,1155020458,20458
19102,1155050000,1155070458,20458
19103,1155100000,1155120458,20458
19104,1155150000,1155170458,20458
19105,1155200000,1155220458,20458
19106,1155250000,1155270458,20458
19107,1155300000,1155320458,20458
19108,1155350000,1155370458,20458
19109,1155400000,1155420458,20458
19110,1155450000,1155470458,20458
19111,1155500000,1155520458,20458
19112,1155550000,1155570458,20458
19113,1155600000,1155620458,20458
19114,1155650000,1155670458,20458
19115,1155700000,1155720458,20458
19116,1155750000,1155770458,20458
19117,1155800000,1155820458,20458
19118,1155850000,1155870458,20458
19119,1155900000,1155920458,20458
19120,1155950000,1155970458,20458
19121,1156000000,1156020458,20458
19122,1156050000,1156070458,20458
19123,1156100000,1156120458,20458
19124,1156150000,1156170458,20458
19125,1156200000,1156220458,20458
19126,1156250000,1156270458,20458
19127,1156300000,1156320458,20458
19128,1156350000,1156370458,20458
19129,1156400000,1156420458,20458
19130,1156450000,1156470458,20458
19131,1156500000,1156520458,20458
19132,1156550000,1156570458,20458
19133,1156600000,1156620458,20458
19134,1156650000,1156670458,20458
19135,1156700000,1156720458,20458
19136,1156750000,1156770458,20458
19137,1156800000,1156820458,20458
19138,1156850000,1156870458,20458
19139,1156900000,1156920458,20458
19140,1156950000,1156970458,20458
19141,1157000000,1157020458,20458
19142,1157050000,1157070458,20458
19143,1157100000,1157120458,20458
19144,1157150000,1157170458,20458
19145,1157200000,1157220458,20458
19146,1157250000,1157270458,20458
19147,1157300000,1157320458,20458
19148,1157350000,1157370458,20458
19149,1157400000,1157420458,20458
19150,1157450000,1157470458,20458
19151,1157500000,1157520458,20458
19152,1157550000,1157570458,20458
19153,1157600000,1157620458,20458
19154,1157650000,1157670458,20458
19155,1157700000,1157720458,20458
19156,1157750000,1157770458,20458
19157,1157800000,1157820458,20458
19158,1157850000,1157870458,20458
19159,1157900000,1157920458,20458
19160,1157950000,1157970458,20458
19161,1158000000,1158020458,20458
19162,1158050000,1158070458,20458
19163,1158100000,1158120458,20458
19164,1158150000,1158170458,20458
19165,1158200000,1158220458,20458
19166,1158250000,1158270458,20458
19167,1158300000,1158320458,20458
19168,1158350000,1158370458,20458
19169,1158400000,1158420458,20458
19170,1158450000,1158470458,20458
19171,1158500000,1158520458,20458
19172,1158550000,1158570458,20458
19173,1158600000,1158620458,20458
19174,1158650000,1158670458,20458
19175,1158700000,1158720458,20458
19176,1158750000,1158770458,20458
19177,1158800000,1158820458,20458
19178,1158850000,1158870458,20458
19179,1158900000,1158920458,20458
19180,1158950000,1158970458,20458
19181,1159000000,1159020458,20458
19182,1159050000,1159070458,20458
19183,1159100000,1159120458,20458
19184,1159150000,1159170458,20458
19185,1159200000,1159220458,20458
19186,1159250000,1159270458,20458
19187,1159300000,1159320458,20458
19188,1159350000,1159370458,20458
19189,1159400000,1159420458,20458
19190,1159450000,1159470458,20458
19191,1159500000,1159520458,20458
19192,1159550000,1159570458,20458
19193,1159600000,1159620458,20458
19194,1159650000,1159670458,20458
19195,1159700000,1159720458,20458
19196,1159750000,1159770458,20458
19197,1159800000,1159820458,20458
19198,1159850000,1159870458,20458
19199,1159900000,1159920458,20458
19200,1159950000,1159970458,20458
19201,1160000000,1160020458,20458
19202,1160050000,1160070458,20458
19203,1160100000,1160120458,20458
19204,1160150000,1160170458,20458
19205,1160200000,1160220458,20458
19206,1160250000,1160270458,20458
19207,1160300000,1160320458,20458
19208,1160350000,1160370458,20458
19209,1160400000,1160420458,20458
19210,1160450000,1160470458,20458
19211,1160500000,1160520458,20458
19212,1160550000,1160570458,20458
19213,1160600000,1160620458,20458
19214,1160650000,1160670458,20458
19215,1160700000,1160720458,20458
19216,1160750000,1160770458,20458
19217,1160800000,1160820458,20458
19218,1160850000,1160870458,20458
19219,1160900000,1160920458,20458
19220,1160950000,1160970458,20458
19221,1161000000,1161020458,20458
19222,1161050000,1161070458,20458
19223,1161100000,1161120458,20458
19224,1161150000,1161170458,20458
19225,1161200000,1161220458,20458
19226,1161250000,1161270458,20458
19227,1161300000,1161320458,20458
19228,1161350000,1161370458,20458
19229,1161400000,1161420458,20458
19230,1161450000,1161470458,20458
19231,1161500000,1161520458,20458
19232,1161550000,1161570458,20458
19233,1161600000,1161620458,20458
19234,1161650000,1161670458,20458
19235,1161700000,1161720458,20458
19236,1161750000,1161770458,20458
19237,1161800000,1161820458,20458
19238,1161850000,1161870458,20458
19239,1161900000,1161920458,20458
19240,1161950000,1161970458,20458
19241,1162000000,1162020458,20458
19242,1162050000,1162070458,20458
19243,1162100000,1162120458,20458
19244,1162150000,1162170458,20458
19245,1162200000,1162220458,20458
19246,1162250000,1162270458,20458
19247,1162300000,1162320458,20458
19248,1162350000,1162370458,20458
19249,1162400000,1162420458,20458
19250,1162450000,1162470458,20458
19251,1162500000,1162520458,20458
19252,1162550000,1162570458,20458
19253,1162600000,1162620458,20458
19254,1162650000,1162670458,20458
19255,1162700000,1162720458,20458
19256,1162750000,1162770458,20458
19257,1162800000,1162820458,20458
19258,1162850000,1162870458,20458
19259,1162900000,1162920458,20458
19260,1162950000,1162970458,20458
19261,1163000000,1163020458,20458
19262,1163050000,1163070458,20458
19263,1163100000,1163120458,20458
19264,1163150000,1163170458,20458
19265,1163200000,1163220458,20458
19266,1163250000,1163270458,20458
19267,1163300000,1163320458,20458
19268,1163350000,1163370458,20458
19269,1163400000,1163420458,20458
19270,1163450000,1163470458,20458
19271,1163500000,1163520458,20458
19272,1163550000,1163570458,20458
19273,1163600000,1163620458,20458
19274,1163650000,1163670458,20458
19275,1163700000,1163720458,20458
19276,1163750000,1163770458,20458
19277,1163800000,1163820458,20458
19278,1163850000,1163870458,20458
19279,1163900000,1163920458,20458
19280,1163950000,1163970458,20458
19281,1164000000,1164020458,20458
19282,1164050000,1164070458,20458
19283,1164100000,1164120458,20458
19284,1164150000,1164170458,20458
19285,1164200000,1164220458,20458
19286,1164250000,1164270458,20458
19287,1164300000,1164320458,20458
19288,1164350000,1164370458,20458
19289,1164400000,1164420458,20458
19290,1164450000,1164470458,20458
19291,1164500000,1164520458,20458
19292,1164550000,1164570458,20458
19293,1164600000,1164620458,20458
19294,1164650000,1164670458,20458
19295,1164700000,1164720458,20458
19296,1164750000,1164770458,20458
19297,1164800000,1164820458,20458
19298,1164850000,1164870458,20458
19299,1164900000,1164920458,20458
19300,1164950000,1164970458,20458
19301,1165000000,1165020458,20458
19302,1165050000,1165070458,20458
19303,1165100000,1165120458,20458
19304,1165150000,1165170458,20458
19305,1165200000,1165220458,20458
19306,1165250000,1165270458,20458
19307,1165300000,1165320458,20458
19308,1165350000,1165370458,20458
19309,1165400000,1165420458,20458
19310,1165450000,1165470458,20458
19311,1165500000,1165520458,20458
19312,1165550000,1165570458,20458
19313,1165600000,1165620458,20458
19314,1165650000,1165670458,20458
19315,1165700000,1165720458,20458
19316,1165750000,1165770458,20458
19317,1165800000,1165820458,20458
19318,1165850000,1165870458,20458
19319,1165900000,1165920458,20458
19320,1165950000,1165970458,20458
19321,1166000000,1166020458,20458
19322,1166050000,1166070458,20458
19323,1166100000,1166120458,20458
19324,1166150000,1166170458,20458
19325,1166200000,1166220458,20458
19326,1166250000,1166270458,20458
19327,1166300000,1166320458,20458
19328,1166350000,1166370458,20458
19329,1166400000,1166420458,20458
19330,1166450000,1166470458,20458
19331,1166500000,1166520458,20458
19332,1166550000,1166570458,20458
19333,1166600000,1166620458,20458
19334,1166650000,1166670458,20458
19335,1166700000,1166720458,20458
19336,1166750000,1166770458,20458
19337,1166800000,1166820458,20458
19338,1166850000,1166870458,20458
19339,1166900000,1166920458,20458
19340,1166950000,1166970458,20458
19341,1167000000,1167020458,20458
19342,1167050000,1167070458,20458
19343,1167100000,1167120458,20458
19344,1167150000,1167170458,20458
19345,1167200000,1167220458,20458
19346,1167250000,1167270458,20458
19347,1167300000,1167320458,20458
19348,1167350000,1167370458,20458
19349,1167400000,1167420458,20458
19350,1167450000,1167470458,20458
19351,1167500000,1167520458,20458
19352,1167550000,1167570458,20458
19353,1167600000,1167620458,20458
19354,1167650000,1167670458,20458
19355,1167700000,1167720458,20458
19356,1167750000,1167770458,20458
19357,1167800000,1167820458,20458
19358,1167850000,1167870458,20458
19359,1167900000,1167920458,20458
19360,1167950000,1167970458,20458
19361,1168000000,1168020458,20458
19362,1168050000,1168070458,20458
19363,1168100000,1168120458,20458
19364,1168150000,1168170458,20458
19365,1168200000,1168220458,20458
19366,1168250000,1168270458,20458
19367,1168300000,1168320458,20458
19368,1168350000,1168370458,20458
19369,1168400000,1168420458,20458
19370,1168450000,1168470458,20458
19371,1168500000,1168520458,20458
19372,1168550000,1168570458,20458
19373,1168600000,1168620458,20458
19374,1168650000,1168670458,20458
19375,1168700000,1168720458,20458
19376,1168750000,1168770458,20458
19377,1168800000,1168820458,20458
19378,1168850000,1168870458,20458
19379,1168900000,1168920458,20458
19380,1168950000,1168970458,20458
19381,1169000000,1169020458,20458
19382,1169050000,1169070458,20458
19383,1169100000,1169120458,20458
19384,1169150000,1169170458,20458
19385,1169200000,1169220458,20458
19386,1169250000,1169270458,20458
19387,1169300000,1169320458,20458
19388,1169350000,1169370458,20458
19389,1169400000,1169420458,20458
19390,1169450000,1169470458,20458
19391,1169500000,1169520458,20458
19392,1169550000,1169570458,20458
19393,1169600000,1169620458,20458
19394,1169650000,1169670458,20458
19395,1169700000,1169720458,20458
19396,1169750000,1169770458,20458
19397,1169800000,1169820458,20458
19398,1169850000,1169870458,20458
19399,1169900000,1169920458,20458
19400,1169950000,1169970458,20458
19401,1170000000,1170020458,20458
19402,1170050000,1170070458,20458
19403,1170100000,1170120458,20458
19404,1170150000,1170170458,20458
19405,1170200000,1170220458,20458
19406,1170250000,1170270458,20458
19407,1170300000,1170320458,20458
19408,1170350000,1170370458,20458
19409,1170400000,1170420458,20458
19410,1170450000,1170470458,20458
19411,1170500000,1170520458,20458
19412,1170550000,1170570458,20458
19413,1170600000,1170620458,20458
19414,1170650000,1170670458,20458
19415,1170700000,1170720458,20458
19416,1170750000,1170770458,20458
19417,1170800000,1170820458,20458
19418,1170850000,1170870458,20458
19419,1170900000,1170920458,20458
19420,1170950000,1170970458,20458
19421,1171000000,1171020458,20458
19422,1171050000,1171070458,20458
19423,1171100000,1171120458,20458
19424,1171150000,1171170458,20458
19425,1171200000,1171220458,20458
19426,1171250000,1171270458,20458
19427,1171300000,1171320458,20458
19428,1171350000,1171370458,20458
19429,1171400000,1171420458,20458
19430,1171450000,1171470458,20458
19431,1171500000,1171520458,20458
19432,1171550000,1171570458,20458
19433,1171600000,1171620458,20458
19434,1171650000,1171670458,20458
19435,1171700000,1171720458,20458
19436,1171750000,1171770458,20458
19437,1171800000,1171820458,20458
19438,1171850000,1171870458,20458
19439,1171900000,1171920458,20458
19440,1171950000,1171970458,20458
19441,1172000000,1172020458,20458
19442,1172050000,1172070458,20458
19443,1172100000,1172120458,20458
19444,1172150000,1172170458,20458
19445,1172200000,1172220458,20458
19446,1172250000,1172270458,20458
19447,1172300000,1172320458,20458
19448,1172350000,1172370458,20458
19449,1172400000,1172420458,20458
19450,1172450000,1172470458,20458
19451,1172500000,1172520458,20458
19452,1172550000,1172570458,20458
19453,1172600000,1172620458,20458
19454,1172650000,1172670458,20458
19455,1172700000,1172720458,20458
19456,1172750000,1172770458,20458
19457,1172800000,1172820458,20458
19458,1172850000,1172870458,20458
19459,1172900000,1172920458,20458
19460,1172950000,1172970458,20458
19461,1173000000,1173020458,20458
19462,1173050000,1173070458,20458
19463,1173100000,1173120458,20458
19464,1173150000,1173170458,20458
19465,1173200000,1173220458,20458
19466,1173250000,1173270458,20458
19467,1173300000,1173320458,20458
19468,1173350000,1173370458,20458
19469,1173400000,1173420458,20458
19470,1173450000,1173470458,20458
19471,1173500000,1173520458,20458
19472,1173550000,1173570458,20458
19473,1173600000,1173620458,20458
19474,1173650000,1173670458,20458
19475,1173700000,1173720458,20458
19476,1173750000,1173770458,20458
19477,1173800000,1173820458,20458
19478,1173850000,1173870458,20458
19479,1173900000,1173920458,20458
19480,1173950000,1173970458,20458
19481,1174000000,1174020458,20458
19482,1174050000,1174070458,20458
19483,1174100000,1174120458,20458
19484,1174150000,1174170458,20458
19485,1174200000,1174220458,20458
19486,1174250000,1174270458,20458
19487,1174300000,1174320458,20458
19488,1174350000,1174370458,20458
19489,1174400000,1174420458,20458
19490,1174450000,1174470458,20458
19491,1174500000,1174520458,20458
19492,1174550000,1174570458,20458
19493,1174600000,1174620458,20458
19494,1174650000,1174670458,20458
19495,1174700000,1174720458,20458
19496,1174750000,1174770458,20458
19497,1174800000,1174820458,20458
19498,1174850000,1174870458,20458
19499,1174900000,1174920458,20458
19500,1174950000,1174970458,20458
19501,1175000000,1175020458,20458
19502,1175050000,1175070458,20458
19503,1175100000,1175120458,20458
19504,1175150000,1175170458,20458
19505,1175200000,1175220458,20458
19506,1175250000,1175270458,20458
19507,1175300000,1175320458,20458
19508,1175350000,1175370458,20458
19509,1175400000,1175420458,20458
19510,1175450000,1175470458,20458
19511,1175500000,1175520458,20458
19512,1175550000,1175570458,20458
19513,1175600000,1175620458,20458
19514,1175650000,1175670458,20458
19515,1175700000,1175720458,20458
19516,1175750000,1175770458,20458
19517,1175800000,1175820458,20458
19518,1175850000,1175870458,20458
19519,1175900000,1175920458,20458
19520,1175950000,1175970458,20458
19521,1176000000,1176020458,20458
19522,1176050000,1176070458,20458
19523,1176100000,1176120458,20458
19524,1176150000,1176170458,20458
19525,1176200000,1176220458,20458
19526,1176250000,1176270458,20458
19527,1176300000,1176320458,20458
19528,1176350000,1176370458,20458
19529,1176400000,1176420458,20458
19530,1176450000,1176470458,20458
19531,1176500000,1176520458,20458
19532,1176550000,1176570458,20458
19533,1176600000,1176620458,20458
19534,1176650000,1176670458,20458
19535,1176700000,1176720458,20458
19536,1176750000,1176770458,20458
19537,1176800000,1176820458,20458
19538,1176850000,1176870458,20458
19539,1176900000,1176920458,20458
19540,1176950000,1176970458,20458
19541,1177000000,1177020458,20458
19542,1177050000,1177070458,20458
19543,1177100000,1177120458,20458
19544,1177150000,1177170458,20458
19545,1177200000,1177220458,20458
19546,1177250000,1177270458,20458
19547,1177300000,1177320458,20458
19548,1177350000,1177370458,20458
19549,1177400000,1177420458,20458
19550,1177450000,1177470458,20458
19551,1177500000,1177520458,20458
19552,1177550000,1177570458,20458
19553,1177600000,1177620458,20458
19554,1177650000,1177670458,20458
19555,1177700000,1177720458,20458
19556,1177750000,1177770458,20458
19557,1177800000,1177820458,20458
19558,1177850000,1177870458,20458
19559,1177900000,1177920458,20458
19560,1177950000,1177970458,20458
19561,1178000000,1178020458,20458
19562,1178050000,1178070458,20458
19563,1178100000,1178120458,20458
19564,1178150000,1178170458,20458
19565,1178200000,1178220458,20458
19566,1178250000,1178270458,20458
19567,1178300000,1178320458,20458
19568,1178350000,1178370458,20458
19569,1178400000,1178420458,20458
19570,1178450000,1178470458,20458
19571,1178500000,1178520458,20458
19572,1178550000,1178570458,20458
19573,1178600000,1178620458,20458
19574,1178650000,1178670458,20458
19575,1178700000,1178720458,20458
19576,1178750000,1178770458,20458
19577,1178800000,1178820458,20458
19578,1178850000,1178870458,20458
19579,1178900000,1178920458,20458
19580,1178950000,1178970458,20458
19581,1179000000,1179020458,20458
19582,1179050000,1179070458,20458
19583,1179100000,1179120458,20458
19584,1179150000,1179170458,20458
19585,1179200000,1179220458,20458
19586,1179250000,1179270458,20458
19587,1179300000,1179320458,20458
19588,1179350000,1179370458,20458
19589,1179400000,1179420458,20458
19590,1179450000,1179470458,20458
19591,1179500000,1179520458,20458
19592,1179550000,1179570458,20458
19593,1179600000,1179620458,20458
19594,1179650000,1179670458,20458
19595,1179700000,1179720458,20458
19596,1179750000,1179770458,20458
19597,1179800000,1179820458,20458
19598,1179850000,1179870458,20458
19599,1179900000,1179920458,20458
19600,1179950000,1179970458,20458
19601,1180000000,1180020458,20458
19602,1180050000,1180070458,20458
19603,1180100000,1180120458,20458
19604,1180150000,1180170458,20458
19605,1180200000,1180220458,20458
19606,1180250000,1180270458,20458
19607,1180300000,1180320458,20458
19608,1180350000,1180370458,20458
19609,1180400000,1180420458,20458
19610,1180450000,1180470458,20458
19611,1180500000,1180520458,20458
19612,1180550000,1180570458,20458
19613,1180600000,1180620458,20458
19614,1180650000,1180670458,20458
19615,1180700000,1180720458,20458
19616,1180750000,1180770458,20458
19617,1180800000,1180820458,20458
19618,1180850000,1180870458,20458
19619,1180900000,1180920458,20458
19620,1180950000,1180970458,20458
19621,1181000000,1181020458,20458
19622,1181050000,1181070458,20458
19623,1181100000,1181120458,20458
19624,1181150000,1181170458,20458
19625,1181200000,1181220458,20458
19626,1181250000,1181270458,20458
19627,1181300000,1181320458,20458
19628,1181350000,1181370458,20458
19629,1181400000,1181420458,20458
19630,1181450000,1181470458,20458
19631,1181500000,1181520458,20458
19632,1181550000,1181570458,20458
19633,1181600000,1181620458,20458
19634,1181650000,1181670458,20458
19635,1181700000,1181720458,20458
19636,1181750000,1181770458,20458
19637,1181800000,1181820458,20458
19638,1181850000,1181870458,20458
19639,1181900000,1181920458,20458
19640,1181950000,1181970458,20458
19641,1182000000,1182020458,20458
19642,1182050000,1182070458,20458
19643,1182100000,1182120458,20458
19644,1182150000,1182170458,20458
19645,1182200000,1182220458,20458
19646,1182250000,1182270458,20458
19647,1182300000,1182320458,20458
19648,1182350000,1182370458,20458
19649,1182400000,1182420458,20458
19650,1182450000,1182470458,20458
19651,1182500000,1182520458,20458
19652,1182550000,1182570458,20458
19653,1182600000,1182620458,20458
19654,1182650000,1182670458,20458
19655,1182700000,1182720458,20458
19656,1182750000,1182770458,20458
19657,1182800000,1182820458,20458
19658,1182850000,1182870458,20458
19659,1182900000,1182920458,20458
19660,1182950000,1182970458,20458
19661,1183000000,1183020458,20458
19662,1183050000,1183070458,20458
19663,1183100000,1183120458,20458
19664,1183150000,1183170458,20458
19665,1183200000,1183220458,20458
19666,1183250000,1183270458,20458
19667,1183300000,1183320458,20458
19668,1183350000,1183370458,20458
19669,1183400000,1183420458,20458
19670,1183450000,1183470458,20458
19671,1183500000,1183520458,20458
19672,1183550000,1183570458,20458
19673,1183600000,1183620458,20458
19674,1183650000,1183670458,20458
19675,1183700000,1183720458,20458
19676,1183750000,1183770458,20458
19677,1183800000,1183820458,20458
19678,1183850000,1183870458,20458
19679,1183900000,1183920458,20458
19680,1183950000,1183970458,20458
19681,1184000000,1184020458,20458
19682,1184050000,1184070458,20458
19683,1184100000,1184120458,20458
19684,1184150000,1184170458,20458
19685,1184200000,1184220458,20458
19686,1184250000,1184270458,20458
19687,1184300000,1184320458,20458
19688,1184350000,1184370458,20458
19689,1184400000,1184420458,20458
19690,1184450000,1184470458,20458
19691,1184500000,1184520458,20458
19692,1184550000,1184570458,20458
19693,1184600000,1184620458,20458
19694,1184650000,1184670458,20458
19695,1184700000,1184720458,20458
19696,1184750000,1184770458,20458
19697,1184800000,1184820458,20458
19698,1184850000,1184870458,20458
19699,1184900000,1184920458,20458
19700,1184950000,1184970458,20458
19701,1185000000,1185020458,20458
19702,1185050000,1185070458,20458
19703,1185100000,1185120458,20458
19704,1185150000,1185170458,20458
19705,1185200000,1185220458,20458
19706,1185250000,1185270458,20458
19707,1185300000,1185320458,20458
19708,1185350000,1185370458,20458
19709,1185400000,1185420458,20458
19710,1185450000,1185470458,20458
19711,1185500000,1185520458,20458
19712,1185550000,1185570458,20458
19713,1185600000,1185620458,20458
19714,1185650000,1185670458,20458
19715,1185700000,1185720458,20458
19716,1185750000,1185770458,20458
19717,1185800000,1185820458,20458
19718,1185850000,1185870458,20458
19719,1185900000,1185920458,20458
19720,1185950000,1185970458,20458
19721,1186000000,1186020458,20458
19722,1186050000,1186070458,20458
19723,1186100000,1186120458,20458
19724,1186150000,1186170458,20458
19725,1186200000,1186220458,20458
19726,1186250000,1186270458,20458
19727,1186300000,1186320458,20458
19728,1186350000,1186370458,20458
19729,1186400000,1186420458,20458
19730,1186450000,1186470458,20458
19731,1186500000,1186520458,20458
19732,1186550000,1186570458,20458
19733,1186600000,1186620458,20458
19734,1186650000,1186670458,20458
19735,1186700000,1186720458,20458
19736,1186750000,1186770458,20458
19737,1186800000,1186820458,20458
19738,1186850000,1186870458,20458
19739,1186900000,1186920458,20458
19740,1186950000,1186970458,20458
19741,1187000000,1187020458,20458
19742,1187050000,1187070458,20458
19743,1187100000,1187120458,20458
19744,1187150000,1187170458,20458
19745,1187200000,1187220458,20458
19746,1187250000,1187270458,20458
19747,1187300000,1187320458,20458
19748,1187350000,1187370458,20458
19749,1187400000,1187420458,20458
19750,1187450000,1187470458,20458
19751,1187500000,1187520458,20458
19752,1187550000,1187570458,20458
19753,1187600000,1187620458,20458
19754,1187650000,1187670458,20458
19755,1187700000,1187720458,20458
19756,1187750000,1187770458,20458
19757,1187800000,1187820458,20458
19758,1187850000,1187870458,20458
19759,1187900000,1187920458,20458
19760,1187950000,1187970458,20458
19761,1188000000,1188020458,20458
19762,1188050000,1188070458,20458
19763,1188100000,1188120458,20458
19764,1188150000,1188170458,20458
19765,1188200000,1188220458,20458
19766,1188250000,1188270458,20458
19767,1188300000,1188320458,20458
19768,1188350000,1188370458,20458
19769,1188400000,1188420458,20458
19770,1188450000,1188470458,20458
19771,1188500000,1188520458,20458
19772,1188550000,1188570458,20458
19773,1188600000,1188620458,20458
19774,1188650000,1188670458,20458
19775,1188700000,1188720458,20458
19776,1188750000,1188770458,20458
19777,1188800000,1188820458,20458
19778,1188850000,1188870458,20458
19779,1188900000,1188920458,20458
19780,1188950000,1188970458,20458
19781,1189000000,1189020458,20458
19782,1189050000,1189070458,20458
19783,1189100000,1189120458,20458
19784,1189150000,1189170458,20458
19785,1189200000,1189220458,20458
19786,1189250000,1189270458,20458
19787,1189300000,1189320458,20458
19788,1189350000,1189370458,20458
19789,1189400000,1189420458,20458
19790,1189450000,1189470458,20458
19791,1189500000,1189520458,20458
19792,1189550000,1189570458,20458
19793,1189600000,1189620458,20458
19794,1189650000,1189670458,20458
19795,1189700000,1189720458,20458
19796,1189750000,1189770458,20458
19797,1189800000,1189820458,20458
19798,1189850000,1189870458,20458
19799,1189900000,1189920458,20458
19800,1189950000,1189970458,20458
19801,1190000000,1190020458,20458
19802,1190050000,1190070458,20458
19803,1190100000,1190120458,20458
19804,1190150000,1190170458,20458
19805,1190200000,1190220458,20458
19806,1190250000,1190270458,20458
19807,1190300000,1190320458,20458
19808,1190350000,1190370458,20458
19809,1190400000,1190420458,20458
19810,1190450000,1190470458,20458
19811,1190500000,1190520458,20458
19812,1190550000,1190570458,20458
19813,1190600000,1190620458,20458
19814,1190650000,1190670458,20458
19815,1190700000,1190720458,20458
19816,1190750000,1190770458,20458
19817,1190800000,1190820458,20458
19818,1190850000,1190870458,20458
19819,1190900000,1190920458,20458
19820,1190950000,1190970458,20458
19821,1191000000,1191020458,20458
19822,1191050000,1191070458,20458
19823,1191100000,1191120458,20458
19824,1191150000,1191170458,20458
19825,1191200000,1191220458,20458
19826,1191250000,1191270458,20458
19827,1191300000,1191320458,20458
19828,1191350000,1191370458,20458
19829,1191400000,1191420458,20458
19830,1191450000,1191470458,20458
19831,1191500000,1191520458,20458
19832,1191550000,1191570458,20458
19833,1191600000,1191620458,20458
19834,1191650000,1191670458,20458
19835,1191700000,1191720458,20458
19836,1191750000,1191770458,20458
19837,1191800000,1191820458,20458
19838,1191850000,1191870458,20458
19839,1191900000,1191920458,20458
19840,1191950000,1191970458,20458
19841,1192000000,1192020458,20458
19842,1192050000,1192070458,20458
19843,1192100000,1192120458,20458
19844,1192150000,1192170458,20458
19845,1192200000,1192220458,20458
19846,1192250000,1192270458,20458
19847,1192300000,1192320458,20458
19848,1192350000,1192370458,20458
19849,1192400000,1192420458,20458
19850,1192450000,1192470458,20458
19851,1192500000,1192520458,20458
19852,1192550000,1192570458,20458
19853,1192600000,1192620458,20458
19854,1192650000,1192670458,20458
19855,1192700000,1192720458,20458
19856,1192750000,1192770458,20458
19857,1192800000,1192820458,20458
19858,1192850000,1192870458,20458
19859,1192900000,1192920458,20458
19860,1192950000,1192970458,20458
19861,1193000000,1193020458,20458
19862,1193050000,1193070458,20458
19863,1193100000,1193120458,20458
19864,1193150000,1193170458,20458
19865,1193200000,1193220458,20458
19866,1193250000,1193270458,20458
19867,1193300000,1193320458,20458
19868,1193350000,1193370458,20458
19869,1193400000,1193420458,20458
19870,1193450000,1193470458,20458
19871,1193500000,1193520458,20458
19872,1193550000,1193570458,20458
19873,1193600000,1193620458,20458
19874,1193650000,1193670458,20458
19875,1193700000,1193720458,20458
19876,1193750000,1193770458,20458
19877,1193800000,1193820458,20458
19878,1193850000,1193870458,20458
19879,1193900000,1193920458,20458
19880,1193950000,1193970458,20458
19881,1194000000,1194020458,20458
19882,1194050000,1194070458,20458
19883,1194100000,1194120458,20458
19884,1194150000,1194170458,20458
19885,1194200000,1194220458,20458
19886,1194250000,1194270458,20458
19887,1194300000,1194320458,20458
19888,1194350000,1194370458,20458
19889,1194400000,1194420458,20458
19890,1194450000,1194470458,20458
19891,1194500000,1194520458,20458
19892,1194550000,1194570458,20458
19893,1194600000,1194620458,20458
19894,1194650000,1194670458,20458
19895,1194700000,1194720458,20458
19896,1194750000,1194770458,20458
19897,1194800000,1194820458,20458
19898,1194850000,1194870458,20458
19899,1194900000,1194920458,20458
19900,1194950000,1194970458,20458
19901,1195000000,1195020458,20458
19902,1195050000,1195070458,20458
19903,1195100000,1195120458,20458
19904,1195150000,1195170458,20458
19905,1195200000,1195220458,20458
19906,1195250000,1195270458,20458
19907,1195300000,1195320458,20458
19908,1195350000,1195370458,20458
19909,1195400000,1195420458,20458
19910,1195450000,1195470458,20458
19911,1195500000,1195520458,20458
19912,1195550000,1195570458,20458
19913,1195600000,1195620458,20458
19914,1195650000,1195670458,20458
19915,1195700000,1195720458,20458
19916,1195750000,1195770458,20458
19917,1195800000,1195820458,20458
19918,1195850000,1195870458,20458
19919,1195900000,1195920458,20458
19920,1195950000,1195970458,20458
19921,1196000000,1196020458,20458
19922,1196050000,1196070458,20458
19923,1196100000,1196120458,20458
19924,1196150000,1196170458,20458
19925,1196200000,1196220458,20458
19926,1196250000,1196270458,20458
19927,1196300000,1196320458,20458
19928,1196350000,1196370458,20458
19929,1196400000,1196420458,20458
19930,1196450000,1196470458,20458
19931,1196500000,1196520458,20458
19932,1196550000,1196570458,20458
19933,1196600000,1196620458,20458
19934,1196650000,1196670458,20458
19935,1196700000,1196720458,20458
19936,1196750000,1196770458,20458
19937,1196800000,1196820458,20458
19938,1196850000,1196870458,20458
19939,1196900000,1196920458,20458
19940,1196950000,1196970458,20458
19941,1197000000,1197020458,20458
19942,1197050000,1197070458,20458
19943,1197100000,1197120458,20458
19944,1197150000,1197170458,20458
19945,1197200000,1197220458,20458
19946,1197250000,1197270458,20458
19947,1197300000,1197320458,20458
19948,1197350000,1197370458,20458
19949,1197400000,1197420458,20458
19950,1197450000,1197470458,20458
19951,1197500000,1197520458,20458
19952,1197550000,1197570458,20458
19953,1197600000,1197620458,20458
19954,1197650000,1197670458,20458
19955,1197700000,1197720458,20458
19956,1197750000,1197770458,20458
19957,1197800000,1197820458,20458
19958,1197850000,1197870458,20458
19959,1197900000,1197920458,20458
19960,1197950000,1197970458,20458
19961,1198000000,1198020458,20458
19962,1198050000,1198070458,20458
19963,1198100000,1198120458,20458
19964,1198150000,1198170458,20458
19965,1198200000,1198220458,20458
19966,1198250000,1198270458,20458
19967,1198300000,1198320458,20458
19968,1198350000,1198370458,20458
19969,1198400000,1198420458,20458
19970,1198450000,1198470458,20458
19971,1198500000,1198520458,20458
19972,1198550000,1198570458,20458
19973,1198600000,1198620458,20458
19974,1198650000,1198670458,20458
19975,1198700000,1198720458,20458
19976,1198750000,1198770458,20458
19977,1198800000,1198820458,20458
19978,1198850000,1198870458,20458
19979,1198900000,1198920458,20458
19980,1198950000,1198970458,20458
19981,1199000000,1199020458,20458
19982,1199050000,1199070458,20458
19983,1199100000,1199120458,20458
19984,1199150000,1199170458,20458
19985,1199200000,1199220458,20458
19986,1199250000,1199270458,20458
19987,1199300000,1199320458,20458
19988,1199350000,1199370458,20458
19989,1199400000,1199420458,20458
19990,1199450000,1199470458,20458
19991,1199500000,1199520458,20458
19992,1199550000,1199570458,20458
19993,1199600000,1199620458,20458
19994,1199650000,1199670458,20458
19995,1199700000,1199720458,20458
19996,1199750000,1199770458,20458
19997,1199800000,1199820458,20458
19998,1199850000,1199870458,20458
19999,1199900000,1199920458,20458
20000,1199950000,1199970458,20458
20001,1200000000,1200020458,20458
20002,1200050000,1200070458,20458
20003,1200100000,1200120458,20458
20004,1200150000,1200170458,20458
20005,1200200000,1200220458,20458
20006,1200250000,1200270458,20458
20007,1200300000,1200320458,20458
20008,1200350000,1200370458,20458
20009,1200400000,1200420458,20458
20010,1200450000,1200470458,20458
20011,1200500000,1200520458,20458
20012,1200550000,1200570458,20458
20013,1200600000,1200620458,20458
20014,1200650000,1200670458,20458
20015,1200700000,1200720458,20458
20016,1200750000,1200770458,20458
20017,1200800000,1200820458,20458
20018,1200850000,1200870458,20458
20019,1200900000,1200920458,20458
20020,1200950000,1200970458,20458
20021,1201000000,1201020458,20458
20022,1201050000,1201070458,20458
20023,1201100000,1201120458,20458
20024,1201150000,1201170458,20458
20025,1201200000,1201220458,20458
20026,1201250000,1201270458,20458
20027,1201300000,1201320458,20458
20028,1201350000,1201370458,20458
20029,1201400000,1201420458,20458
20030,1201450000,1201470458,20458
20031,1201500000,1201520458,20458
20032,1201550000,1201570458,20458
20033,1201600000,1201620458,20458
20034,1201650000,1201670458,20458
20035,1201700000,1201720458,20458
20036,1201750000,1201770458,20458
20037,1201800000,1201820458,20458
20038,1201850000,1201870458,20458
20039,1201900000,1201920458,20458
20040,1201950000,1201970458,20458
20041,1202000000,1202020458,20458
20042,1202050000,1202070458,20458
20043,1202100000,1202120458,20458
20044,1202150000,1202170458,20458
20045,1202200000,1202220458,20458
20046,1202250000,1202270458,20458
20047,1202300000,1202320458,20458
20048,1202350000,1202370458,20458
20049,1202400000,1202420458,20458
20050,1202450000,1202470458,20458
20051,1202500000,1202520458,20458
20052,1202550000,1202570458,20458
20053,1202600000,1202620458,20458
20054,1202650000,1202670458,20458
20055,1202700000,1202720458,20458
20056,1202750000,1202770458,20458
20057,1202800000,1202820458,20458
20058,1202850000,1202870458,20458
20059,1202900000,1202920458,20458
20060,1202950000,1202970458,20458
20061,1203000000,1203020458,20458
20062,1203050000,1203070458,20458
20063,1203100000,1203120458,20458
20064,1203150000,1203170458,20458
20065,1203200000,1203220458,20458
20066,1203250000,1203270458,20458
20067,1203300000,1203320458,20458
20068,1203350000,1203370458,20458
20069,1203400000,1203420458,20458
20070,1203450000,1203470458,20458
20071,1203500000,1203520458,20458
20072,1203550000,1203570458,20458
20073,1203600000,1203620458,20458
20074,1203650000,1203670458,20458
20075,1203700000,1203720458,20458
20076,1203750000,1203770458,20458
20077,1203800000,1203820458,20458
20078,1203850000,1203870458,20458
20079,1203900000,1203920458,20458
20080,1203950000,1203970458,20458
20081,1204000000,1204020458,20458
20082,1204050000,1204070458,20458
20083,1204100000,1204120458,20458
20084,1204150000,1204170458,20458
20085,1204200000,1204220458,20458
20086,1204250000,1204270458,20458
20087,1204300000,1204320458,20458
20088,1204350000,1204370458,20458
20089,1204400000,1204420458,20458
20090,1204450000,1204470458,20458
20091,1204500000,1204520458,20458
20092,1204550000,1204570458,20458
20093,1204600000,1204620458,20458
20094,1204650000,1204670458,20458
20095,1204700000,1204720458,20458
20096,1204750000,1204770458,20458
20097,1204800000,1204820458,20458
20098,1204850000,1204870458,20458
20099,1204900000,1204920458,20458
20100,1204950000,1204970458,20458
20101,1205000000,1205020458,20458
20102,1205050000,1205070458,20458
20103,1205100000,1205120458,20458
20104,1205150000,1205170458,20458
20105,1205200000,1205220458,20458
20106,1205250000,1205270458,20458
20107,1205300000,1205320458,20458
20108,1205350000,1205370458,20458
20109,1205400000,1205420458,20458
20110,1205450000,1205470458,20458
20111,1205500000,1205520458,20458
20112,1205550000,1205570458,20458
20113,1205600000,1205620458,20458
20114,1205650000,1205670458,20458
20115,1205700000,1205720458,20458
20116,1205750000,1205770458,20458
20117,1205800000,1205820458,20458
20118,1205850000,1205870458,20458
20119,1205900000,1205920458,20458
20120,1205950000,1205970458,20458
20121,1206000000,1206020458,20458
20122,1206050000,1206070458,20458
20123,1206100000,1206120458,20458
20124,1206150000,1206170458,20458
20125,1206200000,1206220458,20458
20126,1206250000,1206270458,20458
20127,1206300000,1206320458,20458
20128,1206350000,1206370458,20458
20129,1206400000,1206420458,20458
20130,1206450000,1206470458,20458
20131,1206500000,1206520458,20458
20132,1206550000,1206570458,20458
20133,1206600000,1206620458,20458
20134,1206650000,1206670458,20458
20135,1206700000,1206720458,20458
20136,1206750000,1206770458,20458
20137,1206800000,1206820458,20458
20138,1206850000,1206870458,20458
20139,1206900000,1206920458,20458
20140,1206950000,1206970458,20458
20141,1207000000,1207020458,20458
20142,1207050000,1207070458,20458
20143,1207100000,1207120458,20458
20144,1207150000,1207170458,20458
20145,1207200000,1207220458,20458
20146,1207250000,1207270458,20458
20147,1207300000,1207320458,20458
20148,1207350000,1207370458,20458
20149,1207400000,1207420458,20458
20150,1207450000,1207470458,20458
20151,1207500000,1207520458,20458
20152,1207550000,1207570458,20458
20153,1207600000,1207620458,20458
20154,1207650000,1207670458,20458
20155,1207700000,1207720458,20458
20156,1207750000,1207770458,20458
20157,1207800000,1207820458,20458
20158,1207850000,1207870458,20458
20159,1207900000,1207920458,20458
20160,1207950000,1207970458,20458
20161,1208000000,1208020458,20458
20162,1208050000,1208070458,20458
20163,1208100000,1208120458,20458
20164,1208150000,1208170458,20458
20165,1208200000,1208220458,20458
20166,1208250000,1208270458,20458
20167,1208300000,1208320458,20458
20168,1208350000,1208370458,20458
20169,1208400000,1208420458,20458
20170,1208450000,1208470458,20458
20171,1208500000,1208520458,20458
20172,1208550000,1208570458,20458
20173,1208600000,1208620458,20458
20174,1208650000,1208670458,20458
20175,1208700000,1208720458,20458
20176,1208750000,1208770458,20458
20177,1208800000,1208820458,20458
20178,1208850000,1208870458,20458
20179,1208900000,1208920458,20458
20180,1208950000,1208970458,20458
20181,1209000000,1209020458,20458
20182,1209050000,1209070458,20458
20183,1209100000,1209120458,20458
20184,1209150000,1209170458,20458
20185,1209200000,1209220458,20458
20186,1209250000,1209270458,20458
20187,1209300000,1209320458,20458
20188,1209350000,1209370458,20458
20189,1209400000,1209420458,20458
20190,1209450000,1209470458,20458
20191,1209500000,1209520458,20458
20192,1209550000,1209570458,20458
20193,1209600000,1209620458,20458
20194,1209650000,1209670458,20458
20195,1209700000,1209720458,20458
20196,1209750000,1209770458,20458
20197,1209800000,1209820458,20458
20198,1209850000,1209870458,20458
20199,1209900000,1209920458,20458
20200,1209950000,1209970458,20458
20201,1210000000,1210020458,20458
20202,1210050000,1210070458,20458
20203,1210100000,1210120458,20458
20204,1210150000,1210170458,20458
20205,1210200000,1210220458,20458
20206,1210250000,1210270458,20458
20207,1210300000,1210320458,20458
20208,1210350000,1210370458,20458
20209,1210400000,1210420458,20458
20210,1210450000,1210470458,20458
20211,1210500000,1210520458,20458
20212,1210550000,1210570458,20458
20213,1210600000,1210620458,20458
20214,1210650000,1210670458,20458
20215,1210700000,1210720458,20458
20216,1210750000,1210770458,20458
20217,1210800000,1210820458,20458
20218,1210850000,1210870458,20458
20219,1210900000,1210920458,20458
20220,1210950000,1210970458,20458
20221,1211000000,1211020458,20458
20222,1211050000,1211070458,20458
20223,1211100000,1211120458,20458
20224,1211150000,1211170458,20458
20225,1211200000,1211220458,20458
20226,1211250000,1211270458,20458
20227,1211300000,1211320458,20458
20228,1211350000,1211370458,20458
20229,1211400000,1211420458,20458
20230,1211450000,1211470458,20458
20231,1211500000,1211520458,20458
20232,1211550000,1211570458,20458
20233,1211600000,1211620458,20458
20234,1211650000,1211670458,20458
20235,1211700000,1211720458,20458
20236,1211750000,1211770458,20458
20237,1211800000,1211820458,20458
20238,1211850000,1211870458,20458
20239,1211900000,1211920458,20458
20240,1211950000,1211970458,20458
20241,1212000000,1212020458,20458
20242,1212050000,1212070458,20458
20243,1212100000,1212120458,20458
20244,1212150000,1212170458,20458
20245,1212200000,1212220458,20458
20246,1212250000,1212270458,20458
20247,1212300000,1212320458,20458
20248,1212350000,1212370458,20458
20249,1212400000,1212420458,20458
20250,1212450000,1212470458,20458
20251,1212500000,1212520458,20458
20252,1212550000,1212570458,20458
20253,1212600000,1212620458,20458
20254,1212650000,1212670458,20458
20255,1212700000,1212720458,20458
20256,1212750000,1212770458,20458
20257,1212800000,1212820458,20458
20258,1212850000,1212870458,20458
20259,1212900000,1212920458,20458
20260,1212950000,1212970458,20458
20261,1213000000,1213020458,20458
20262,1213050000,1213070458,20458
20263,1213100000,1213120458,20458
20264,1213150000,1213170458,20458
20265,1213200000,1213220458,20458
20266,1213250000,1213270458,20458
20267,1213300000,1213320458,20458
20268,1213350000,1213370458,20458
20269,1213400000,1213420458,20458
20270,1213450000,1213470458,20458
20271,1213500000,1213520458,20458
20272,1213550000,1213570458,20458
20273,1213600000,1213620458,20458
20274,1213650000,1213670458,20458
20275,1213700000,1213720458,20458
20276,1213750000,1213770458,20458
20277,1213800000,1213820458,20458
20278,1213850000,1213870458,20458
20279,1213900000,1213920458,20458
20280,1213950000,1213970458,20458
20281,1214000000,1214020458,20458
20282,1214050000,1214070458,20458
20283,1214100000,1214120458,20458
20284,1214150000,1214170458,20458
20285,1214200000,1214220458,20458
20286,1214250000,1214270458,20458
20287,1214300000,1214320458,20458
20288,1214350000,1214370458,20458
20289,1214400000,1214420458,20458
20290,1214450000,1214470458,20458
20291,1214500000,1214520458,20458
20292,1214550000,1214570458,20458
20293,1214600000,1214620458,20458
20294,1214650000,1214670458,20458
20295,1214700000,1214720458,20458
20296,1214750000,1214770458,20458
20297,1214800000,1214820458,20458
20298,1214850000,1214870458,20458
20299,1214900000,1214920458,20458
20300,1214950000,1214970458,20458
20301,1215000000,1215020458,20458
20302,1215050000,1215070458,20458
20303,1215100000,1215120458,20458
20304,1215150000,1215170458,20458
20305,1215200000,1215220458,20458
20306,1215250000,1215270458,20458
20307,1215300000,1215320458,20458
20308,1215350000,1215370458,20458
20309,1215400000,1215420458,20458
20310,1215450000,1215470458,20458
20311,1215500000,1215520458,20458
20312,1215550000,1215570458,20458
20313,1215600000,1215620458,20458
20314,1215650000,1215670458,20458
20315,1215700000,1215720458,20458
20316,1215750000,1215770458,20458
20317,1215800000,1215820458,20458
20318,1215850000,1215870458,20458
20319,1215900000,1215920458,20458
20320,1215950000,1215970458,20458
20321,1216000000,1216020458,20458
20322,1216050000,1216070458,20458
20323,1216100000,1216120458,20458
20324,1216150000,1216170458,20458
20325,1216200000,1216220458,20458
20326,1216250000,1216270458,20458
20327,1216300000,1216320458,20458
20328,1216350000,1216370458,20458
20329,1216400000,1216420458,20458
20330,1216450000,1216470458,20458
20331,1216500000,1216520458,20458
20332,1216550000,1216570458,20458
20333,1216600000,1216620458,20458
20334,1216650000,1216670458,20458
20335,1216700000,1216720458,20458
20336,1216750000,1216770458,20458
20337,1216800000,1216820458,20458
20338,1216850000,1216870458,20458
20339,1216900000,1216920458,20458
20340,1216950000,1216970458,20458
20341,1217000000,1217020458,20458
20342,1217050000,1217070458,20458
20343,1217100000,1217120458,20458
20344,1217150000,1217170458,20458
20345,1217200000,1217220458,20458
20346,1217250000,1217270458,20458
20347,1217300000,1217320458,20458
20348,1217350000,1217370458,20458
20349,1217400000,1217420458,20458
20350,1217450000,1217470458,20458
20351,1217500000,1217520458,20458
20352,1217550000,1217570458,20458
20353,1217600000,1217620458,20458
20354,1217650000,1217670458,20458
20355,1217700000,1217720458,20458
20356,1217750000,1217770458,20458
20357,1217800000,1217820458,20458
20358,1217850000,1217870458,20458
20359,1217900000,1217920458,20458
20360,1217950000,1217970458,20458
20361,1218000000,1218020458,20458
20362,1218050000,1218070458,20458
20363,1218100000,1218120458,20458
20364,1218150000,1218170458,20458
20365,1218200000,1218220458,20458
20366,1218250000,1218270458,20458
20367,1218300000,1218320458,20458
20368,1218350000,1218370458,20458
20369,1218400000,1218420458,20458
20370,1218450000,1218470458,20458
20371,1218500000,1218520458,20458
20372,1218550000,1218570458,20458
20373,1218600000,1218620458,20458
20374,1218650000,1218670458,20458
20375,1218700000,1218720458,20458
20376,1218750000,1218770458,20458
20377,1218800000,1218820458,20458
20378,1218850000,1218870458,20458
20379,1218900000,1218920458,20458
20380,1218950000,1218970458,20458
20381,1219000000,1219020458,20458
20382,1219050000,1219070458,20458
20383,1219100000,1219120458,20458
20384,1219150000,1219170458,20458
20385,1219200000,1219220458,20458
20386,1219250000,1219270458,20458
20387,1219300000,1219320458,20458
20388,1219350000,1219370458,20458
20389,1219400000,1219420458,20458
20390,1219450000,1219470458,20458
20391,1219500000,1219520458,20458
20392,1219550000,1219570458,20458
20393,1219600000,1219620458,20458
20394,1219650000,1219670458,20458
20395,1219700000,1219720458,20458
20396,1219750000,1219770458,20458
20397,1219800000,1219820458,20458
20398,1219850000,1219870458,20458
20399,1219900000,1219920458,20458
20400,1219950000,1219970458,20458
20401,1220000000,1220020458,20458
20402,1220050000,1220070458,20458
20403,1220100000,1220120458,20458
20404,1220150000,1220170458,20458
20405,1220200000,1220220458,20458
20406,1220250000,1220270458,20458
20407,1220300000,1220320458,20458
20408,1220350000,1220370458,20458
20409,1220400000,1220420458,20458
20410,1220450000,1220470458,20458
20411,1220500000,1220520458,20458
20412,1220550000,1220570458,20458
20413,1220600000,1220620458,20458
20414,1220650000,1220670458,20458
20415,1220700000,1220720458,20458
20416,1220750000,1220770458,20458
20417,1220800000,1220820458,20458
20418,1220850000,1220870458,20458
20419,1220900000,1220920458,20458
20420,1220950000,1220970458,20458
20421,1221000000,1221020458,20458
20422,1221050000,1221070458,20458
20423,1221100000,1221120458,20458
20424,1221150000,1221170458,20458
20425,1221200000,1221220458,20458
20426,1221250000,1221270458,20458
20427,1221300000,1221320458,20458
20428,1221350000,1221370458,20458
20429,1221400000,1221420458,20458
20430,1221450000,1221470458,20458
20431,1221500000,1221520458,20458
20432,1221550000,1221570458,20458
20433,1221600000,1221620458,20458
20434,1221650000,1221670458,20458
20435,1221700000,1221720458,20458
20436,1221750000,1221770458,20458
20437,1221800000,1221820458,20458
20438,1221850000,1221870458,20458
20439,1221900000,1221920458,20458
20440,1221950000,1221970458,20458
20441,1222000000,1222020458,20458
20442,1222050000,1222070458,20458
20443,1222100000,1222120458,20458
20444,1222150000,1222170458,20458
20445,1222200000,1222220458,20458
20446,1222250000,1222270458,20458
20447,1222300000,1222320458,20458
20448,1222350000,1222370458,20458
20449,1222400000,1222420458,20458
20450,1222450000,1222470458,20458
20451,1222500000,1222520458,20458
20452,1222550000,1222570458,20458
20453,1222600000,1222620458,20458
20454,1222650000,1222670458,20458
20455,1222700000,1222720458,20458
20456,1222750000,1222770458,20458
20457,1222800000,1222820458,20458
20458,1222850000,1222870458,20458
20459,1222900000,1222920458,20458
20460,1222950000,1222970458,20458
20461,1223000000,1223020458,20458
20462,1223050000,1223070458,20458
20463,1223100000,1223120458,20458
20464,1223150000,1223170458,20458
20465,1223200000,1223220458,20458
20466,1223250000,1223270458,20458
20467,1223300000,1223320458,20458
20468,1223350000,1223370458,20458
20469,1223400000,1223420458,20458
20470,1223450000,1223470458,20458
20471,1223500000,1223520458,20458
20472,1223550000,1223570458,20458
20473,1223600000,1223620458,20458
20474,1223650000,1223670458,20458
20475,1223700000,1223720458,20458
20476,1223750000,1223770458,20458
20477,1223800000,1223820458,20458
20478,1223850000,1223870458,20458
20479,1223900000,1223920458,20458
20480,1223950000,1223970458,20458
20481,1224000000,1224020458,20458
20482,1224050000,1224070458,20458
20483,1224100000,1224120458,20458
20484,1224150000,1224170458,20458
20485,1224200000,1224220458,20458
20486,1224250000,1224270458,20458
20487,1224300000,1224320458,20458
20488,1224350000,1224370458,20458
20489,1224400000,1224420458,20458
20490,1224450000,1224470458,20458
20491,1224500000,1224520458,20458
20492,1224550000,1224570458,20458
20493,1224600000,1224620458,20458
20494,1224650000,1224670458,20458
20495,1224700000,1224720458,20458
20496,1224750000,1224770458,20458
20497,1224800000,1224820458,20458
20498,1224850000,1224870458,20458
20499,1224900000,1224920458,20458
20500,1224950000,1224970458,20458
20501,1225000000,1225020458,20458
20502,1225050000,1225070458,20458
20503,1225100000,1225120458,20458
20504,1225150000,1225170458,20458
20505,1225200000,1225220458,20458
20506,1225250000,1225270458,20458
20507,1225300000,1225320458,20458
20508,1225350000,1225370458,20458
20509,1225400000,1225420458,20458
20510,1225450000,1225470458,20458
20511,1225500000,1225520458,20458
20512,1225550000,1225570458,20458
20513,1225600000,1225620458,20458
20514,1225650000,1225670458,20458
20515,1225700000,1225720458,20458
20516,1225750000,1225770458,20458
20517,1225800000,1225820458,20458
20518,1225850000,1225870458,20458
20519,1225900000,1225920458,20458
20520,1225950000,1225970458,20458
20521,1226000000,1226020458,20458
20522,1226050000,1226070458,20458
20523,1226100000,1226120458,20458
20524,1226150000,1226170458,20458
20525,1226200000,1226220458,20458
20526,1226250000,1226270458,20458
20527,1226300000,1226320458,20458
20528,1226350000,1226370458,20458
20529,1226400000,1226420458,20458
20530,1226450000,1226470458,20458
20531,1226500000,1226520458,20458
20532,1226550000,1226570458,20458
20533,1226600000,1226620458,20458
20534,1226650000,1226670458,20458
20535,1226700000,1226720458,20458
20536,1226750000,1226770458,20458
20537,1226800000,1226820458,20458
20538,1226850000,1226870458,20458
20539,1226900000,1226920458,20458
20540,1226950000,1226970458,20458
20541,1227000000,1227020458,20458
20542,1227050000,1227070458,20458
20543,1227100000,1227120458,20458
20544,1227150000,1227170458,20458
20545,1227200000,1227220458,20458
20546,1227250000,1227270458,20458
20547,1227300000,1227320458,20458
20548,1227350000,1227370458,20458
20549,1227400000,1227420458,20458
20550,1227450000,1227470458,20458
20551,1227500000,1227520458,20458
20552,1227550000,1227570458,20458
20553,1227600000,1227620458,20458
20554,1227650000,1227670458,20458
20555,1227700000,1227720458,20458
20556,1227750000,1227770458,20458
20557,1227800000,1227820458,20458
20558,1227850000,1227870458,20458
20559,1227900000,1227920458,20458
20560,1227950000,1227970458,20458
20561,1228000000,1228020458,20458
20562,1228050000,1228070458,20458
20563,1228100000,1228120458,20458
20564,1228150000,1228170458,20458
20565,1228200000,1228220458,20458
20566,1228250000,1228270458,20458
20567,1228300000,1228320458,20458
20568,1228350000,1228370458,20458
20569,1228400000,1228420458,20458
20570,1228450000,1228470458,20458
20571,1228500000,1228520458,20458
20572,1228550000,1228570458,20458
20573,1228600000,1228620458,20458
20574,1228650000,1228670458,20458
20575,1228700000,1228720458,20458
20576,1228750000,1228770458,20458
20577,1228800000,1228820458,20458
20578,1228850000,1228870458,20458
20579,1228900000,1228920458,20458
20580,1228950000,1228970458,20458
20581,1229000000,1229020458,20458
20582,1229050000,1229070458,20458
20583,1229100000,1229120458,20458
20584,1229150000,1229170458,20458
20585,1229200000,1229220458,20458
20586,1229250000,1229270458,20458
20587,1229300000,1229320458,20458
20588,1229350000,1229370458,20458
20589,1229400000,1229420458,20458
20590,1229450000,1229470458,20458
20591,1229500000,1229520458,20458
20592,1229550000,1229570458,20458
20593,1229600000,1229620458,20458
20594,1229650000,1229670458,20458
20595,1229700000,1229720458,20458
20596,1229750000,1229770458,20458
20597,1229800000,1229820458,20458
20598,1229850000,1229870458,20458
20599,1229900000,1229920458,20458
20600,1229950000,1229970458,20458
20601,1230000000,1230020458,20458
20602,1230050000,1230070458,20458
20603,1230100000,1230120458,20458
20604,1230150000,1230170458,20458
20605,1230200000,1230220458,20458
20606,1230250000,1230270458,20458
20607,1230300000,1230320458,20458
20608,1230350000,1230370458,20458
20609,1230400000,1230420458,20458
20610,1230450000,1230470458,20458
20611,1230500000,1230520458,20458
20612,1230550000,1230570458,20458
20613,1230600000,1230620458,20458
20614,1230650000,1230670458,20458
20615,1230700000,1230720458,20458
20616,1230750000,1230770458,20458
20617,1230800000,1230820458,20458
20618,1230850000,1230870458,20458
20619,1230900000,1230920458,20458
20620,1230950000,1230970458,20458
20621,1231000000,1231020458,20458
20622,1231050000,1231070458,20458
20623,1231100000,1231120458,20458
20624,1231150000,1231170458,20458
20625,1231200000,1231220458,20458
20626,1231250000,1231270458,20458
20627,1231300000,1231320458,20458
20628,1231350000,1231370458,20458
20629,1231400000,1231420458,20458
20630,1231450000,1231470458,20458
20631,1231500000,1231520458,20458
20632,1231550000,1231570458,20458
20633,1231600000,1231620458,20458
20634,1231650000,1231670458,20458
20635,1231700000,1231720458,20458
20636,1231750000,1231770458,20458
20637,1231800000,1231820458,20458
20638,1231850000,1231870458,20458
20639,1231900000,1231920458,20458
20640,1231950000,1231970458,20458
20641,1232000000,1232020458,20458
20642,1232050000,1232070458,20458
20643,1232100000,1232120458,20458
20644,1232150000,1232170458,20458
20645,1232200000,1232220458,20458
20646,1232250000,1232270458,20458
20647,1232300000,1232320458,20458
20648,1232350000,1232370458,20458
20649,1232400000,1232420458,20458
20650,1232450000,1232470458,20458
20651,1232500000,1232520458,20458
20652,1232550000,1232570458,20458
20653,1232600000,1232620458,20458
20654,1232650000,1232670458,20458
20655,1232700000,1232720458,20458
20656,1232750000,1232770458,20458
20657,1232800000,1232820458,20458
20658,1232850000,1232870458,20458
20659,1232900000,1232920458,20458
20660,1232950000,1232970458,20458
20661,1233000000,1233020458,20458
20662,1233050000,1233070458,20458
20663,1233100000,1233120458,20458
20664,1233150000,1233170458,20458
20665,1233200000,1233220458,20458
20666,1233250000,1233270458,20458
20667,1233300000,1233320458,20458
20668,1233350000,1233370458,20458
20669,1233400000,1233420458,20458
20670,1233450000,1233470458,20458
20671,1233500000,1233520458,20458
20672,1233550000,1233570458,20458
20673,1233600000,1233620458,20458
20674,1233650000,1233670458,20458
20675,1233700000,1233720458,20458
20676,1233750000,1233770458,20458
20677,1233800000,1233820458,20458
20678,1233850000,1233870458,20458
20679,1233900000,1233920458,20458
20680,1233950000,1233970458,20458
20681,1234000000,1234020458,20458
20682,1234050000,1234070458,20458
20683,1234100000,1234120458,20458
20684,1234150000,1234170458,20458
20685,1234200000,1234220458,20458
20686,1234250000,1234270458,20458
20687,1234300000,1234320458,20458
20688,1234350000,1234370458,20458
20689,1234400000,1234420458,20458
20690,1234450000,1234470458,20458
20691,1234500000,1234520458,20458
20692,1234550000,1234570458,20458
20693,1234600000,1234620458,20458
20694,1234650000,1234670458,20458
20695,1234700000,1234720458,20458
20696,1234750000,1234770458,20458
20697,1234800000,1234820458,20458
20698,1234850000,1234870458,20458
20699,1234900000,1234920458,20458
20700,1234950000,1234970458,20458
20701,1235000000,1235020458,20458
20702,1235050000,1235070458,20458
20703,1235100000,1235120458,20458
20704,1235150000,1235170458,20458
20705,1235200000,1235220458,20458
20706,1235250000,1235270458,20458
20707,1235300000,1235320458,20458
20708,1235350000,1235370458,20458
20709,1235400000,1235420458,20458
20710,1235450000,1235470458,20458
20711,1235500000,1235520458,20458
20712,1235550000,1235570458,20458
20713,1235600000,1235620458,20458
20714,1235650000,1235670458,20458
20715,1235700000,1235720458,20458
20716,1235750000,1235770458,20458
20717,1235800000,1235820458,20458
20718,1235850000,1235870458,20458
20719,1235900000,1235920458,20458
20720,1235950000,1235970458,20458
20721,1236000000,1236020458,20458
20722,1236050000,1236070458,20458
20723,1236100000,1236120458,20458
20724,1236150000,1236170458,20458
20725,1236200000,1236220458,20458
20726,1236250000,1236270458,20458
20727,1236300000,1236320458,20458
20728,1236350000,1236370458,20458
20729,1236400000,1236420458,20458
20730,1236450000,1236470458,20458
20731,1236500000,1236520458,20458
20732,1236550000,1236570458,20458
20733,1236600000,1236620458,20458
20734,1236650000,1236670458,20458
20735,1236700000,1236720458,20458
20736,1236750000,1236770458,20458
20737,1236800000,1236820458,20458
20738,1236850000,1236870458,20458
20739,1236900000,1236920458,20458
20740,1236950000,1236970458,20458
20741,1237000000,1237020458,20458
20742,1237050000,1237070458,20458
20743,1237100000,1237120458,20458
20744,1237150000,1237170458,20458
20745,1237200000,1237220458,20458
20746,1237250000,1237270458,20458
20747,1237300000,1237320458,20458
20748,1237350000,1237370458,20458
20749,1237400000,1237420458,20458
20750,1237450000,1237470458,20458
20751,1237500000,1237520458,20458
20752,1237550000,1237570458,20458
20753,1237600000,1237620458,20458
20754,1237650000,1237670458,20458
20755,1237700000,1237720458,20458
20756,1237750000,1237770458,20458
20757,1237800000,1237820458,20458
20758,1237850000,1237870458,20458
20759,1237900000,1237920458,20458
20760,1237950000,1237970458,20458
20761,1238000000,1238020458,20458
20762,1238050000,1238070458,20458
20763,1238100000,1238120458,20458
20764,1238150000,1238170458,20458
20765,1238200000,1238220458,20458
20766,1238250000,1238270458,20458
20767,1238300000,1238320458,20458
20768,1238350000,1238370458,20458
20769,1238400000,1238420458,20458
20770,1238450000,1238470458,20458
20771,1238500000,1238520458,20458
20772,1238550000,1238570458,20458
20773,1238600000,1238620458,20458
20774,1238650000,1238670458,20458
20775,1238700000,1238720458,20458
20776,1238750000,1238770458,20458
20777,1238800000,1238820458,20458
20778,1238850000,1238870458,20458
20779,1238900000,1238920458,20458
20780,1238950000,1238970458,20458
20781,1239000000,1239020458,20458
20782,1239050000,1239070458,20458
20783,1239100000,1239120458,20458
20784,1239150000,1239170458,20458
20785,1239200000,1239220458,20458
20786,1239250000,1239270458,20458
20787,1239300000,1239320458,20458
20788,1239350000,1239370458,20458
20789,1239400000,1239420458,20458
20790,1239450000,1239470458,20458
20791,1239500000,1239520458,20458
20792,1239550000,1239570458,20458
20793,1239600000,1239620458,20458
20794,1239650000,1239670458,20458
20795,1239700000,1239720458,20458
20796,1239750000,1239770458,20458
20797,1239800000,1239820458,20458
20798,1239850000,1239870458,20458
20799,1239900000,1239920458,20458
20800,1239950000,1239970458,20458
20801,1240000000,1240020458,20458
20802,1240050000,1240070458,20458
20803,1240100000,1240120458,20458
20804,1240150000,1240170458,20458
20805,1240200000,1240220458,20458
20806,1240250000,1240270458,20458
20807,1240300000,1240320458,20458
20808,1240350000,1240370458,20458
20809,1240400000,1240420458,20458
20810,1240450000,1240470458,20458
20811,1240500000,1240520458,20458
20812,1240550000,1240570458,20458
20813,1240600000,1240620458,20458
20814,1240650000,1240670458,20458
20815,1240700000,1240720458,20458
20816,1240750000,1240770458,20458
20817,1240800000,1240820458,20458
20818,1240850000,1240870458,20458
20819,1240900000,1240920458,20458
20820,1240950000,1240970458,20458
20821,1241000000,1241020458,20458
20822,1241050000,1241070458,20458
20823,1241100000,1241120458,20458
20824,1241150000,1241170458,20458
20825,1241200000,1241220458,20458
20826,1241250000,1241270458,20458
20827,1241300000,1241320458,20458
20828,1241350000,1241370458,20458
20829,1241400000,1241420458,20458
20830,1241450000,1241470458,20458
20831,1241500000,1241520458,20458
20832,1241550000,1241570458,20458
20833,1241600000,1241620458,20458
20834,1241650000,1241670458,20458
20835,1241700000,1241720458,20458
20836,1241750000,1241770458,20458
20837,1241800000,1241820458,20458
20838,1241850000,1241870458,20458
20839,1241900000,1241920458,20458
20840,1241950000,1241970458,20458
20841,1242000000,1242020458,20458
20842,1242050000,1242070458,20458
20843,1242100000,1242120458,20458
20844,1242150000,1242170458,20458
20845,1242200000,1242220458,20458
20846,1242250000,1242270458,20458
20847,1242300000,1242320458,20458
20848,1242350000,1242370458,20458
20849,1242400000,1242420458,20458
20850,1242450000,1242470458,20458
20851,1242500000,1242520458,20458
20852,1242550000,1242570458,20458
20853,1242600000,1242620458,20458
20854,1242650000,1242670458,20458
20855,1242700000,1242720458,20458
20856,1242750000,1242770458,20458
20857,1242800000,1242820458,20458
20858,1242850000,1242870458,20458
20859,1242900000,1242920458,20458
20860,1242950000,1242970458,20458
20861,1243000000,1243020458,20458
20862,1243050000,1243070458,20458
20863,1243100000,1243120458,20458
20864,1243150000,1243170458,20458
20865,1243200000,1243220458,20458
20866,1243250000,1243270458,20458
20867,1243300000,1243320458,20458
20868,1243350000,1243370458,20458
20869,1243400000,1243420458,20458
20870,1243450000,1243470458,20458
20871,1243500000,1243520458,20458
20872,1243550000,1243570458,20458
20873,1243600000,1243620458,20458
20874,1243650000,1243670458,20458
20875,1243700000,1243720458,20458
20876,1243750000,1243770458,20458
20877,1243800000,1243820458,20458
20878,1243850000,1243870458,20458
20879,1243900000,1243920458,20458
20880,1243950000,1243970458,20458
20881,1244000000,1244020458,20458
20882,1244050000,1244070458,20458
20883,1244100000,1244120458,20458
20884,1244150000,1244170458,20458
20885,1244200000,1244220458,20458
20886,1244250000,1244270458,20458
20887,1244300000,1244320458,20458
20888,1244350000,1244370458,20458
20889,1244400000,1244420458,20458
20890,1244450000,1244470458,20458
20891,1244500000,1244520458,20458
20892,1244550000,1244570458,20458
20893,1244600000,1244620458,20458
20894,1244650000,1244670458,20458
20895,1244700000,1244720458,20458
20896,1244750000,1244770458,20458
20897,1244800000,1244820458,20458
20898,1244850000,1244870458,20458
20899,1244900000,1244920458,20458
20900,1244950000,1244970458,20458
20901,1245000000,1245020458,20458
20902,1245050000,1245070458,20458
20903,1245100000,1245120458,20458
20904,1245150000,1245170458,20458
20905,1245200000,1245220458,20458
20906,1245250000,1245270458,20458
20907,1245300000,1245320458,20458
20908,1245350000,1245370458,20458
20909,1245400000,1245420458,20458
20910,1245450000,1245470458,20458
20911,1245500000,1245520458,20458
20912,1245550000,1245570458,20458
20913,1245600000,1245620458,20458
20914,1245650000,1245670458,20458
20915,1245700000,1245720458,20458
20916,1245750000,1245770458,20458
20917,1245800000,1245820458,20458
20918,1245850000,1245870458,20458
20919,1245900000,1245920458,20458
20920,1245950000,1245970458,20458
20921,1246000000,1246020458,20458
20922,1246050000,1246070458,20458
20923,1246100000,1246120458,20458
20924,1246150000,1246170458,20458
20925,1246200000,1246220458,20458
20926,1246250000,1246270458,20458
20927,1246300000,1246320458,20458
20928,1246350000,1246370458,20458
20929,1246400000,1246420458,20458
20930,1246450000,1246470458,20458
20931,1246500000,1246520458,20458
20932,1246550000,1246570458,20458
20933,1246600000,1246620458,20458
20934,1246650000,1246670458,20458
20935,1246700000,1246720458,20458
20936,1246750000,1246770458,20458
20937,1246800000,1246820458,20458
20938,1246850000,1246870458,20458
20939,1246900000,1246920458,20458
20940,1246950000,1246970458,20458
20941,1247000000,1247020458,20458
20942,1247050000,1247070458,20458
20943,1247100000,1247120458,20458
20944,1247150000,1247170458,20458
20945,1247200000,1247220458,20458
20946,1247250000,1247270458,20458
20947,1247300000,1247320458,20458
20948,1247350000,1247370458,20458
20949,1247400000,1247420458,20458
20950,1247450000,1247470458,20458
20951,1247500000,1247520458,20458
20952,1247550000,1247570458,20458
20953,1247600000,1247620458,20458
20954,1247650000,1247670458,20458
20955,1247700000,1247720458,20458
20956,1247750000,1247770458,20458
20957,1247800000,1247820458,20458
20958,1247850000,1247870458,20458
20959,1247900000,1247920458,20458
20960,1247950000,1247970458,20458
20961,1248000000,1248020458,20458
20962,1248050000,1248070458,20458
20963,1248100000,1248120458,20458
20964,1248150000,1248170458,20458
20965,1248200000,1248220458,20458
20966,1248250000,1248270458,20458
20967,1248300000,1248320458,20458
20968,1248350000,1248370458,20458
20969,1248400000,1248420458,20458
20970,1248450000,1248470458,20458
20971,1248500000,1248520458,20458
20972,1248550000,1248570458,20458
20973,1248600000,1248620458,20458
20974,1248650000,1248670458,20458
20975,1248700000,1248720458,20458
20976,1248750000,1248770458,20458
20977,1248800000,1248820458,20458
20978,1248850000,1248870458,20458
20979,1248900000,1248920458,20458
20980,1248950000,1248970458,20458
20981,1249000000,1249020458,20458
20982,1249050000,1249070458,20458
20983,1249100000,1249120458,20458
20984,1249150000,1249170458,20458
20985,1249200000,1249220458,20458
20986,1249250000,1249270458,20458
20987,1249300000,1249320458,20458
20988,1249350000,1249370458,20458
20989,1249400000,1249420458,20458
20990,1249450000,1249470458,20458
20991,1249500000,1249520458,20458
20992,1249550000,1249570458,20458
20993,1249600000,1249620458,20458
20994,1249650000,1249670458,20458
20995,1249700000,1249720458,20458
20996,1249750000,1249770458,20458
20997,1249800000,1249820458,20458
20998,1249850000,1249870458,20458
20999,1249900000,1249920458,20458
21000,1249950000,1249970458,20458
21001,1250000000,1250020458,20458
21002,1250050000,1250070458,20458
21003,1250100000,1250120458,20458
21004,1250150000,1250170458,20458
21005,1250200000,1250220458,20458
21006,1250250000,1250270458,20458
21007,1250300000,1250320458,20458
21008,1250350000,1250370458,20458
21009,1250400000,1250420458,20458
21010,1250450000,1250470458,20458
21011,1250500000,1250520458,20458
21012,1250550000,1250570458,20458
21013,1250600000,1250620458,20458
21014,1250650000,1250670458,20458
21015,1250700000,1250720458,20458
21016,1250750000,1250770458,20458
21017,1250800000,1250820458,20458
21018,1250850000,1250870458,20458
21019,1250900000,1250920458,20458
21020,1250950000,1250970458,20458
21021,1251000000,1251020458,20458
21022,1251050000,1251070458,20458
21023,1251100000,1251120458,20458
21024,1251150000,1251170458,20458
21025,1251200000,1251220458,20458
21026,1251250000,1251270458,20458
21027,1251300000,1251320458,20458
21028,1251350000,1251370458,20458
21029,1251400000,1251420458,20458
21030,1251450000,1251470458,20458
21031,1251500000,1251520458,20458
21032,1251550000,1251570458,20458
21033,1251600000,1251620458,20458
21034,1251650000,1251670458,20458
21035,1251700000,1251720458,20458
21036,1251750000,1251770458,20458
21037,1251800000,1251820458,20458
21038,1251850000,1251870458,20458
21039,1251900000,1251920458,20458
21040,1251950000,1251970458,20458
21041,1252000000,1252020458,20458
21042,1252050000,1252070458,20458
21043,1252100000,1252120458,20458
21044,1252150000,1252170458,20458
21045,1252200000,1252220458,20458
21046,1252250000,1252270458,20458
21047,1252300000,1252320458,20458
21048,1252350000,1252370458,20458
21049,1252400000,1252420458,20458
21050,1252450000,1252470458,20458
21051,1252500000,1252520458,20458
21052,1252550000,1252570458,20458
21053,1252600000,1252620458,20458
21054,1252650000,1252670458,20458
21055,1252700000,1252720458,20458
21056,1252750000,1252770458,20458
21057,1252800000,1252820458,20458
21058,1252850000,1252870458,20458
21059,1252900000,1252920458,20458
21060,1252950000,1252970458,20458
21061,1253000000,1253020458,20458
21062,1253050000,1253070458,20458
21063,1253100000,1253120458,20458
21064,1253150000,1253170458,20458
21065,1253200000,1253220458,20458
21066,1253250000,1253270458,20458
21067,1253300000,1253320458,20458
21068,1253350000,1253370458,20458
21069,1253400000,1253420458,20458
21070,1253450000,1253470458,20458
21071,1253500000,1253520458,20458
21072,1253550000,1253570458,20458
21073,1253600000,1253620458,20458
21074,1253650000,1253670458,20458
21075,1253700000,1253720458,20458
21076,1253750000,1253770458,20458
21077,1253800000,1253820458,20458
21078,1253850000,1253870458,20458
21079,1253900000,1253920458,20458
21080,1253950000,1253970458,20458
21081,1254000000,1254020458,20458
21082,1254050000,1254070458,20458
21083,1254100000,1254120458,20458
21084,1254150000,1254170458,20458
21085,1254200000,1254220458,20458
21086,1254250000,1254270458,20458
21087,1254300000,1254320458,20458
21088,1254350000,1254370458,20458
21089,1254400000,1254420458,20458
21090,1254450000,1254470458,20458
21091,1254500000,1254520458,20458
21092,1254550000,1254570458,20458
21093,1254600000,1254620458,20458
21094,1254650000,1254670458,20458
21095,1254700000,1254720458,20458
21096,1254750000,1254770458,20458
21097,1254800000,1254820458,20458
21098,1254850000,1254870458,20458
21099,1254900000,1254920458,20458
21100,1254950000,1254970458,20458
21101,1255000000,1255020458,20458
21102,1255050000,1255070458,20458
21103,1255100000,1255120458,20458
21104,1255150000,1255170458,20458
21105,1255200000,1255220458,20458
21106,1255250000,1255270458,20458
21107,1255300000,1255320458,20458
21108,1255350000,1255370458,20458
21109,1255400000,1255420458,20458
21110,1255450000,1255470458,20458
21111,1255500000,1255520458,20458
21112,1255550000,1255570458,20458
21113,1255600000,1255620458,20458
21114,1255650000,1255670458,20458
21115,1255700000,1255720458,20458
21116,1255750000,1255770458,20458
21117,1255800000,1255820458,20458
21118,1255850000,1255870458,20458
21119,1255900000,1255920458,20458
21120,1255950000,1255970458,20458
21121,1256000000,1256020458,20458
21122,1256050000,1256070458,20458
21123,1256100000,1256120458,20458
21124,1256150000,1256170458,20458
21125,1256200000,1256220458,20458
21126,1256250000,1256270458,20458
21127,1256300000,1256320458,20458
21128,1256350000,1256370458,20458
21129,1256400000,1256420458,20458
21130,1256450000,1256470458,20458
21131,1256500000,1256520458,20458
21132,1256550000,1256570458,20458
21133,1256600000,1256620458,20458
21134,1256650000,1256670458,20458
21135,1256700000,1256720458,20458
21136,1256750000,1256770458,20458
21137,1256800000,1256820458,20458
21138,1256850000,1256870458,20458
21139,1256900000,1256920458,20458
21140,1256950000,1256970458,20458
21141,1257000000,1257020458,20458
21142,1257050000,1257070458,20458
21143,1257100000,1257120458,20458
21144,1257150000,1257170458,20458
21145,1257200000,1257220458,20458
21146,1257250000,1257270458,20458
21147,1257300000,1257320458,20458
21148,1257350000,1257370458,20458
21149,1257400000,1257420458,20458
21150,1257450000,1257470458,20458
21151,1257500000,1257520458,20458
21152,1257550000,1257570458,20458
21153,1257600000,1257620458,20458
21154,1257650000,1257670458,20458
21155,1257700000,1257720458,20458
21156,1257750000,1257770458,20458
21157,1257800000,1257820458,20458
21158,1257850000,1257870458,20458
21159,1257900000,1257920458,20458
21160,1257950000,1257970458,20458
21161,1258000000,1258020458,20458
21162,1258050000,1258070458,20458
21163,1258100000,1258120458,20458
21164,1258150000,1258170458,20458
21165,1258200000,1258220458,20458
21166,1258250000,1258270458,20458
21167,1258300000,1258320458,20458
21168,1258350000,1258370458,20458
21169,1258400000,1258420458,20458
21170,1258450000,1258470458,20458
21171,1258500000,1258520458,20458
21172,1258550000,1258570458,20458
21173,1258600000,1258620458,20458
21174,1258650000,1258670458,20458
21175,1258700000,1258720458,20458
21176,1258750000,1258770458,20458
21177,1258800000,1258820458,20458
21178,1258850000,1258870458,20458
21179,1258900000,1258920458,20458
21180,1258950000,1258970458,20458
21181,1259000000,1259020458,20458
21182,1259050000,1259070458,20458
21183,1259100000,1259120458,20458
21184,1259150000,1259170458,20458
21185,1259200000,1259220458,20458
21186,1259250000,1259270458,20458
21187,1259300000,1259320458,20458
21188,1259350000,1259370458,20458
21189,1259400000,1259420458,20458
21190,1259450000,1259470458,20458
21191,1259500000,1259520458,20458
21192,1259550000,1259570458,20458
21193,1259600000,1259620458,20458
21194,1259650000,1259670458,20458
21195,1259700000,1259720458,20458
21196,1259750000,1259770458,20458
21197,1259800000,1259820458,20458
21198,1259850000,1259870458,20458
21199,1259900000,1259920458,20458
21200,1259950000,1259970458,20458
21201,1260000000,1260020458,20458
21202,1260050000,1260070458,20458
21203,1260100000,1260120458,20458
21204,1260150000,1260170458,20458
21205,1260200000,1260220458,20458
21206,1260250000,1260270458,20458
21207,1260300000,1260320458,20458
21208,1260350000,1260370458,20458
21209,1260400000,1260420458,20458
21210,1260450000,1260470458,20458
21211,1260500000,1260520458,20458
21212,1260550000,1260570458,20458
21213,1260600000,1260620458,20458
21214,1260650000,1260670458,20458
21215,1260700000,1260720458,20458
21216,1260750000,1260770458,20458
21217,1260800000,1260820458,20458
21218,1260850000,1260870458,20458
21219,1260900000,1260920458,20458
21220,1260950000,1260970458,20458
21221,1261000000,1261020458,20458
21222,1261050000,1261070458,20458
21223,1261100000,1261120458,20458
21224,1261150000,1261170458,20458
21225,1261200000,1261220458,20458
21226,1261250000,1261270458,20458
21227,1261300000,1261320458,20458
21228,1261350000,1261370458,20458
21229,1261400000,1261420458,20458
21230,1261450000,1261470458,20458
21231,1261500000,1261520458,20458
21232,1261550000,1261570458,20458
21233,1261600000,1261620458,20458
21234,1261650000,1261670458,20458
21235,1261700000,1261720458,20458
21236,1261750000,1261770458,20458
21237,1261800000,1261820458,20458
21238,1261850000,1261870458,20458
21239,1261900000,1261920458,20458
21240,1261950000,1261970458,20458
21241,1262000000,1262020458,20458
21242,1262050000,1262070458,20458
21243,1262100000,1262120458,20458
21244,1262150000,1262170458,20458
21245,1262200000,1262220458,20458
21246,1262250000,1262270458,20458
21247,1262300000,1262320458,20458
21248,1262350000,1262370458,20458
21249,1262400000,1262420458,20458
21250,1262450000,1262470458,20458
21251,1262500000,1262520458,20458
21252,1262550000,1262570458,20458
21253,1262600000,1262620458,20458
21254,1262650000,1262670458,20458
21255,1262700000,1262720458,20458
21256,1262750000,1262770458,20458
21257,1262800000,1262820458,20458
21258,1262850000,1262870458,20458
21259,1262900000,1262920458,20458
21260,1262950000,1262970458,20458
21261,1263000000,1263020458,20458
21262,1263050000,1263070458,20458
21263,1263100000,1263120458,20458
21264,1263150000,1263170458,20458
21265,1263200000,1263220458,20458
21266,1263250000,1263270458,20458
21267,1263300000,1263320458,20458
21268,1263350000,1263370458,20458
21269,1263400000,1263420458,20458
21270,1263450000,1263470458,20458
21271,1263500000,1263520458,20458
21272,1263550000,1263570458,20458
21273,1263600000,1263620458,20458
21274,1263650000,1263670458,20458
21275,1263700000,1263720458,20458
21276,1263750000,1263770458,20458
21277,1263800000,1263820458,20458
21278,1263850000,1263870458,20458
21279,1263900000,1263920458,20458
21280,1263950000,1263970458,20458
21281,1264000000,1264020458,20458
21282,1264050000,1264070458,20458
21283,1264100000,1264120458,20458
21284,1264150000,1264170458,20458
21285,1264200000,1264220458,20458
21286,1264250000,1264270458,20458
21287,1264300000,1264320458,20458
21288,1264350000,1264370458,20458
21289,1264400000,1264420458,20458
21290,1264450000,1264470458,20458
21291,1264500000,1264520458,20458
21292,1264550000,1264570458,20458
21293,1264600000,1264620458,20458
21294,1264650000,1264670458,20458
21295,1264700000,1264720458,20458
21296,1264750000,1264770458,20458
21297,1264800000,1264820458,20458
21298,1264850000,1264870458,20458
21299,1264900000,1264920458,20458
21300,1264950000,1264970458,20458
21301,1265000000,1265020458,20458
21302,1265050000,1265070458,20458
21303,1265100000,1265120458,20458
21304,1265150000,1265170458,20458
21305,1265200000,1265220458,20458
21306,1265250000,1265270458,20458
21307,1265300000,1265320458,20458
21308,1265350000,1265370458,20458
21309,1265400000,1265420458,20458
21310,1265450000,1265470458,20458
21311,1265500000,1265520458,20458
21312,1265550000,1265570458,20458
21313,1265600000,1265620458,20458
21314,1265650000,1265670458,20458
21315,1265700000,1265720458,20458
21316,1265750000,1265770458,20458
21317,1265800000,1265820458,20458
21318,1265850000,1265870458,20458
21319,1265900000,1265920458,20458
21320,1265950000,1265970458,20458
21321,1266000000,1266020458,20458
21322,1266050000,1266070458,20458
21323,1266100000,1266120458,20458
21324,1266150000,1266170458,20458
21325,1266200000,1266220458,20458
21326,1266250000,1266270458,20458
21327,1266300000,1266320458,20458
21328,1266350000,1266370458,20458
21329,1266400000,1266420458,20458
21330,1266450000,1266470458,20458
21331,1266500000,1266520458,20458
21332,1266550000,1266570458,20458
21333,1266600000,1266620458,20458
21334,1266650000,1266670458,20458
21335,1266700000,1266720458,20458
21336,1266750000,1266770458,20458
21337,1266800000,1266820458,20458
21338,1266850000,1266870458,20458
21339,1266900000,1266920458,20458
21340,1266950000,1266970458,20458
21341,1267000000,1267020458,20458
21342,1267050000,1267070458,20458
21343,1267100000,1267120458,20458
21344,1267150000,1267170458,20458
21345,1267200000,1267220458,20458
21346,1267250000,1267270458,20458
21347,1267300000,1267320458,20458
21348,1267350000,1267370458,20458
21349,1267400000,1267420458,20458
21350,1267450000,1267470458,20458
21351,1267500000,1267520458,20458
21352,1267550000,1267570458,20458
21353,1267600000,1267620458,20458
21354,1267650000,1267670458,20458
21355,1267700000,1267720458,20458
21356,1267750000,1267770458,20458
21357,1267800000,1267820458,20458
21358,1267850000,1267870458,20458
21359,1267900000,1267920458,20458
21360,1267950000,1267970458,20458
21361,1268000000,1268020458,20458
21362,1268050000,1268070458,20458
21363,1268100000,1268120458,20458
21364,1268150000,1268170458,20458
21365,1268200000,1268220458,20458
21366,1268250000,1268270458,20458
21367,1268300000,1268320458,20458
21368,1268350000,1268370458,20458
21369,1268400000,1268420458,20458
21370,1268450000,1268470458,20458
21371,1268500000,1268520458,20458
21372,1268550000,1268570458,20458
21373,1268600000,1268620458,20458
21374,1268650000,1268670458,20458
21375,1268700000,1268720458,20458
21376,1268750000,1268770458,20458
21377,1268800000,1268820458,20458
21378,1268850000,1268870458,20458
21379,1268900000,1268920458,20458
21380,1268950000,1268970458,20458
21381,1269000000,1269020458,20458
21382,1269050000,1269070458,20458
21383,1269100000,1269120458,20458
21384,1269150000,1269170458,20458
21385,1269200000,1269220458,20458
21386,1269250000,1269270458,20458
21387,1269300000,1269320458,20458
21388,1269350000,1269370458,20458
21389,1269400000,1269420458,20458
21390,1269450000,1269470458,20458
21391,1269500000,1269520458,20458
21392,1269550000,1269570458,20458
21393,1269600000,1269620458,20458
21394,1269650000,1269670458,20458
21395,1269700000,1269720458,20458
21396,1269750000,1269770458,20458
21397,1269800000,1269820458,20458
21398,1269850000,1269870458,20458
21399,1269900000,1269920458,20458
21400,1269950000,1269970458,20458
21401,1270000000,1270020458,20458
21402,1270050000,1270070458,20458
21403,1270100000,1270120458,20458
21404,1270150000,1270170458,20458
21405,1270200000,1270220458,20458
21406,1270250000,1270270458,20458
21407,1270300000,1270320458,20458
21408,1270350000,1270370458,20458
21409,1270400000,1270420458,20458
21410,1270450000,1270470458,20458
21411,1270500000,1270520458,20458
21412,1270550000,1270570458,20458
21413,1270600000,1270620458,20458
21414,1270650000,1270670458,20458
21415,1270700000,1270720458,20458
21416,1270750000,1270770458,20458
21417,1270800000,1270820458,20458
21418,1270850000,1270870458,20458
21419,1270900000,1270920458,20458
21420,1270950000,1270970458,20458
21421,1271000000,1271020458,20458
21422,1271050000,1271070458,20458
21423,1271100000,1271120458,20458
21424,1271150000,1271170458,20458
21425,1271200000,1271220458,20458
21426,1271250000,1271270458,20458
21427,1271300000,1271320458,20458
21428,1271350000,1271370458,20458
21429,1271400000,1271420458,20458
21430,1271450000,1271470458,20458
21431,1271500000,1271520458,20458
21432,1271550000,1271570458,20458
21433,1271600000,1271620458,20458
21434,1271650000,1271670458,20458
21435,1271700000,1271720458,20458
21436,1271750000,1271770458,20458
21437,1271800000,1271820458,20458
21438,1271850000,1271870458,20458
21439,1271900000,1271920458,20458
21440,1271950000,1271970458,20458
21441,1272000000,1272020458,20458
21442,1272050000,1272070458,20458
21443,1272100000,1272120458,20458
21444,1272150000,1272170458,20458
21445,1272200000,1272220458,20458
21446,1272250000,1272270458,20458
21447,1272300000,1272320458,20458
21448,1272350000,1272370458,20458
21449,1272400000,1272420458,20458
21450,1272450000,1272470458,20458
21451,1272500000,1272520458,20458
21452,1272550000,1272570458,20458
21453,1272600000,1272620458,20458
21454,1272650000,1272670458,20458
21455,1272700000,1272720458,20458
21456,1272750000,1272770458,20458
21457,1272800000,1272820458,20458
21458,1272850000,1272870458,20458
21459,1272900000,1272920458,20458
21460,1272950000,1272970458,20458
21461,1273000000,1273020458,20458
21462,1273050000,1273070458,20458
21463,1273100000,1273120458,20458
21464,1273150000,1273170458,20458
21465,1273200000,1273220458,20458
21466,1273250000,1273270458,20458
21467,1273300000,1273320458,20458
21468,1273350000,1273370458,20458
21469,1273400000,1273420458,20458
21470,1273450000,1273470458,20458
21471,1273500000,1273520458,20458
21472,1273550000,1273570458,20458
21473,1273600000,1273620458,20458
21474,1273650000,1273670458,20458
21475,1273700000,1273720458,20458
21476,1273750000,1273770458,20458
21477,1273800000,1273820458,20458
21478,1273850000,1273870458,20458
21479,1273900000,1273920458,20458
21480,1273950000,1273970458,20458
21481,1274000000,1274020458,20458
21482,1274050000,1274070458,20458
21483,1274100000,1274120458,20458
21484,1274150000,1274170458,20458
21485,1274200000,1274220458,20458
21486,1274250000,1274270458,20458
21487,1274300000,1274320458,20458
21488,1274350000,1274370458,20458
21489,1274400000,1274420458,20458
21490,1274450000,1274470458,20458
21491,1274500000,1274520458,20458
21492,1274550000,1274570458,20458
21493,1274600000,1274620458,20458
21494,1274650000,1274670458,20458
21495,1274700000,1274720458,20458
21496,1274750000,1274770458,20458
21497,1274800000,1274820458,20458
21498,1274850000,1274870458,20458
21499,1274900000,1274920458,20458
21500,1274950000,1274970458,20458
21501,1275000000,1275020458,20458
21502,1275050000,1275070458,20458
21503,1275100000,1275120458,20458
21504,1275150000,1275170458,20458
21505,1275200000,1275220458,20458
21506,1275250000,1275270458,20458
21507,1275300000,1275320458,20458
21508,1275350000,1275370458,20458
21509,1275400000,1275420458,20458
21510,1275450000,1275470458,20458
21511,1275500000,1275520458,20458
21512,1275550000,1275570458,20458
21513,1275600000,1275620458,20458
21514,1275650000,1275670458,20458
21515,1275700000,1275720458,20458
21516,1275750000,1275770458,20458
21517,1275800000,1275820458,20458
21518,1275850000,1275870458,20458
21519,1275900000,1275920458,20458
21520,1275950000,1275970458,20458
21521,1276000000,1276020458,20458
21522,1276050000,1276070458,20458
21523,1276100000,1276120458,20458
21524,1276150000,1276170458,20458
21525,1276200000,1276220458,20458
21526,1276250000,1276270458,20458
21527,1276300000,1276320458,20458
21528,1276350000,1276370458,20458
21529,1276400000,1276420458,20458
21530,1276450000,1276470458,20458
21531,1276500000,1276520458,20458
21532,1276550000,1276570458,20458
21533,1276600000,1276620458,20458
21534,1276650000,1276670458,20458
21535,1276700000,1276720458,20458
21536,1276750000,1276770458,20458
21537,1276800000,1276820458,20458
21538,1276850000,1276870458,20458
21539,1276900000,1276920458,20458
21540,1276950000,1276970458,20458
21541,1277000000,1277020458,20458
21542,1277050000,1277070458,20458
21543,1277100000,1277120458,20458
21544,1277150000,1277170458,20458
21545,1277200000,1277220458,20458
21546,1277250000,1277270458,20458
21547,1277300000,1277320458,20458
21548,1277350000,1277370458,20458
21549,1277400000,1277420458,20458
21550,1277450000,1277470458,20458
21551,1277500000,1277520458,20458
21552,1277550000,1277570458,20458
21553,1277600000,1277620458,20458
21554,1277650000,1277670458,20458
21555,1277700000,1277720458,20458
21556,1277750000,1277770458,20458
21557,1277800000,1277820458,20458
21558,1277850000,1277870458,20458
21559,1277900000,1277920458,20458
21560,1277950000,1277970458,20458
21561,1278000000,1278020458,20458
21562,1278050000,1278070458,20458
21563,1278100000,1278120458,20458
21564,1278150000,1278170458,20458
21565,1278200000,1278220458,20458
21566,1278250000,1278270458,20458
21567,1278300000,1278320458,20458
21568,1278350000,1278370458,20458
21569,1278400000,1278420458,20458
21570,1278450000,1278470458,20458
21571,1278500000,1278520458,20458
21572,1278550000,1278570458,20458
21573,1278600000,1278620458,20458
21574,1278650000,1278670458,20458
21575,1278700000,1278720458,20458
21576,1278750000,1278770458,20458
21577,1278800000,1278820458,20458
21578,1278850000,1278870458,20458
21579,1278900000,1278920458,20458
21580,1278950000,1278970458,20458
21581,1279000000,1279020458,20458
21582,1279050000,1279070458,20458
21583,1279100000,1279120458,20458
21584,1279150000,1279170458,20458
21585,1279200000,1279220458,20458
21586,1279250000,1279270458,20458
21587,1279300000,1279320458,20458
21588,1279350000,1279370458,20458
21589,1279400000,1279420458,20458
21590,1279450000,1279470458,20458
21591,1279500000,1279520458,20458
21592,1279550000,1279570458,20458
21593,1279600000,1279620458,20458
21594,1279650000,1279670458,20458
21595,1279700000,1279720458,20458
21596,1279750000,1279770458,20458
21597,1279800000,1279820458,20458
21598,1279850000,1279870458,20458
21599,1279900000,1279920458,20458
21600,1279950000,1279970458,20458
21601,1280000000,1280020458,20458
21602,1280050000,1280070458,20458
21603,1280100000,1280120458,20458
21604,1280150000,1280170458,20458
21605,1280200000,1280220458,20458
21606,1280250000,1280270458,20458
21607,1280300000,1280320458,20458
21608,1280350000,1280370458,20458
21609,1280400000,1280420458,20458
21610,1280450000,1280470458,20458
21611,1280500000,1280520458,20458
21612,1280550000,1280570458,20458
21613,1280600000,1280620458,20458
21614,1280650000,1280670458,20458
21615,1280700000,1280720458,20458
21616,1280750000,1280770458,20458
21617,1280800000,1280820458,20458
21618,1280850000,1280870458,20458
21619,1280900000,1280920458,20458
21620,1280950000,1280970458,20458
21621,1281000000,1281020458,20458
21622,1281050000,1281070458,20458
21623,1281100000,1281120458,20458
21624,1281150000,1281170458,20458
21625,1281200000,1281220458,20458
21626,1281250000,1281270458,20458
21627,1281300000,1281320458,20458
21628,1281350000,1281370458,20458
21629,1281400000,1281420458,20458
21630,1281450000,1281470458,20458
21631,1281500000,1281520458,20458
21632,1281550000,1281570458,20458
21633,1281600000,1281620458,20458
21634,1281650000,1281670458,20458
21635,1281700000,1281720458,20458
21636,1281750000,1281770458,20458
21637,1281800000,1281820458,20458
21638,1281850000,1281870458,20458
21639,1281900000,1281920458,20458
21640,1281950000,1281970458,20458
21641,1282000000,1282020458,20458
21642,1282050000,1282070458,20458
21643,1282100000,1282120458,20458
21644,1282150000,1282170458,20458
21645,1282200000,1282220458,20458
21646,1282250000,1282270458,20458
21647,1282300000,1282320458,20458
21648,1282350000,1282370458,20458
21649,1282400000,1282420458,20458
21650,1282450000,1282470458,20458
21651,1282500000,1282520458,20458
21652,1282550000,1282570458,20458
21653,1282600000,1282620458,20458
21654,1282650000,1282670458,20458
21655,1282700000,1282720458,20458
21656,1282750000,1282770458,20458
21657,1282800000,1282820458,20458
21658,1282850000,1282870458,20458
21659,1282900000,1282920458,20458
21660,1282950000,1282970458,20458
21661,1283000000,1283020458,20458
21662,1283050000,1283070458,20458
21663,1283100000,1283120458,20458
21664,1283150000,1283170458,20458
21665,1283200000,1283220458,20458
21666,1283250000,1283270458,20458
21667,1283300000,1283320458,20458
21668,1283350000,1283370458,20458
21669,1283400000,1283420458,20458
21670,1283450000,1283470458,20458
21671,1283500000,1283520458,20458
21672,1283550000,1283570458,20458
21673,1283600000,1283620458,20458
21674,1283650000,1283670458,20458
21675,1283700000,1283720458,20458
21676,1283750000,1283770458,20458
21677,1283800000,1283820458,20458
21678,1283850000,1283870458,20458
21679,1283900000,1283920458,20458
21680,1283950000,1283970458,20458
21681,1284000000,1284020458,20458
21682,1284050000,1284070458,20458
21683,1284100000,1284120458,20458
21684,1284150000,1284170458,20458
21685,1284200000,1284220458,20458
21686,1284250000,1284270458,20458
21687,1284300000,1284320458,20458
21688,1284350000,1284370458,20458
21689,1284400000,1284420458,20458
21690,1284450000,1284470458,20458
21691,1284500000,1284520458,20458
21692,1284550000,1284570458,20458
21693,1284600000,1284620458,20458
21694,1284650000,1284670458,20458
21695,1284700000,1284720458,20458
21696,1284750000,1284770458,20458
21697,1284800000,1284820458,20458
21698,1284850000,1284870458,20458
21699,1284900000,1284920458,20458
21700,1284950000,1284970458,20458
21701,1285000000,1285020458,20458
21702,1285050000,1285070458,20458
21703,1285100000,1285120458,20458
21704,1285150000,1285170458,20458
21705,1285200000,1285220458,20458
21706,1285250000,1285270458,20458
21707,1285300000,1285320458,20458
21708,1285350000,1285370458,20458
21709,1285400000,1285420458,20458
21710,1285450000,1285470458,20458
21711,1285500000,1285520458,20458
21712,1285550000,1285570458,20458
21713,1285600000,1285620458,20458
21714,1285650000,1285670458,20458
21715,1285700000,1285720458,20458
21716,1285750000,1285770458,20458
21717,1285800000,1285820458,20458
21718,1285850000,1285870458,20458
21719,1285900000,1285920458,20458
21720,1285950000,1285970458,20458
21721,1286000000,1286020458,20458
21722,1286050000,1286070458,20458
21723,1286100000,1286120458,20458
21724,1286150000,1286170458,20458
21725,1286200000,1286220458,20458
21726,1286250000,1286270458,20458
21727,1286300000,1286320458,20458
21728,1286350000,1286370458,20458
21729,1286400000,1286420458,20458
21730,1286450000,1286470458,20458
21731,1286500000,1286520458,20458
21732,1286550000,1286570458,20458
21733,1286600000,1286620458,20458
21734,1286650000,1286670458,20458
21735,1286700000,1286720458,20458
21736,1286750000,1286770458,20458
21737,1286800000,1286820458,20458
21738,1286850000,1286870458,20458
21739,1286900000,1286920458,20458
21740,1286950000,1286970458,20458
21741,1287000000,1287020458,20458
21742,1287050000,1287070458,20458
21743,1287100000,1287120458,20458
21744,1287150000,1287170458,20458
21745,1287200000,1287220458,20458
21746,1287250000,1287270458,20458
21747,1287300000,1287320458,20458
21748,1287350000,1287370458,20458
21749,1287400000,1287420458,20458
21750,1287450000,1287470458,20458
21751,1287500000,1287520458,20458
21752,1287550000,1287570458,20458
21753,1287600000,1287620458,20458
21754,1287650000,1287670458,20458
21755,1287700000,1287720458,20458
21756,1287750000,1287770458,20458
21757,1287800000,1287820458,20458
21758,1287850000,1287870458,20458
21759,1287900000,1287920458,20458
21760,1287950000,1287970458,20458
21761,1288000000,1288020458,20458
21762,1288050000,1288070458,20458
21763,1288100000,1288120458,20458
21764,1288150000,1288170458,20458
21765,1288200000,1288220458,20458
21766,1288250000,1288270458,20458
21767,1288300000,1288320458,20458
21768,1288350000,1288370458,20458
21769,1288400000,1288420458,20458
21770,1288450000,1288470458,20458
21771,1288500000,1288520458,20458
21772,1288550000,1288570458,20458
21773,1288600000,1288620458,20458
21774,1288650000,1288670458,20458
21775,1288700000,1288720458,20458
21776,1288750000,1288770458,20458
21777,1288800000,1288820458,20458
21778,1288850000,1288870458,20458
21779,1288900000,1288920458,20458
21780,1288950000,1288970458,20458
21781,1289000000,1289020458,20458
21782,1289050000,1289070458,20458
21783,1289100000,1289120458,20458
21784,1289150000,1289170458,20458
21785,1289200000,1289220458,20458
21786,1289250000,1289270458,20458
21787,1289300000,1289320458,20458
21788,1289350000,1289370458,20458
21789,1289400000,1289420458,20458
21790,1289450000,1289470458,20458
21791,1289500000,1289520458,20458
21792,1289550000,1289570458,20458
21793,1289600000,1289620458,20458
21794,1289650000,1289670458,20458
21795,1289700000,1289720458,20458
21796,1289750000,1289770458,20458
21797,1289800000,1289820458,20458
21798,1289850000,1289870458,20458
21799,1289900000,1289920458,20458
21800,1289950000,1289970458,20458
21801,1290000000,1290020458,20458
21802,1290050000,1290070458,20458
21803,1290100000,1290120458,20458
21804,1290150000,1290170458,20458
21805,1290200000,1290220458,20458
21806,1290250000,1290270458,20458
21807,1290300000,1290320458,20458
21808,1290350000,1290370458,20458
21809,1290400000,1290420458,20458
21810,1290450000,1290470458,20458
21811,1290500000,1290520458,20458
21812,1290550000,1290570458,20458
21813,1290600000,1290620458,20458
21814,1290650000,1290670458,20458
21815,1290700000,1290720458,20458
21816,1290750000,1290770458,20458
21817,1290800000,1290820458,20458
21818,1290850000,1290870458,20458
21819,1290900000,1290920458,20458
21820,1290950000,1290970458,20458
21821,1291000000,1291020458,20458
21822,1291050000,1291070458,20458
21823,1291100000,1291120458,20458
21824,1291150000,1291170458,20458
21825,1291200000,1291220458,20458
21826,1291250000,1291270458,20458
21827,1291300000,1291320458,20458
21828,1291350000,1291370458,20458
21829,1291400000,1291420458,20458
21830,1291450000,1291470458,20458
21831,1291500000,1291520458,20458
21832,1291550000,1291570458,20458
21833,1291600000,1291620458,20458
21834,1291650000,1291670458,20458
21835,1291700000,1291720458,20458
21836,1291750000,1291770458,20458
21837,1291800000,1291820458,20458
21838,1291850000,1291870458,20458
21839,1291900000,1291920458,20458
21840,1291950000,1291970458,20458
21841,1292000000,1292020458,20458
21842,1292050000,1292070458,20458
21843,1292100000,1292120458,20458
21844,1292150000,1292170458,20458
21845,1292200000,1292220458,20458
21846,1292250000,1292270458,20458
21847,1292300000,1292320458,20458
21848,1292350000,1292370458,20458
21849,1292400000,1292420458,20458
21850,1292450000,1292470458,20458
21851,1292500000,1292520458,20458
21852,1292550000,1292570458,20458
21853,1292600000,1292620458,20458
21854,1292650000,1292670458,20458
21855,1292700000,1292720458,20458
21856,1292750000,1292770458,20458
21857,1292800000,1292820458,20458
21858,1292850000,1292870458,20458
21859,1292900000,1292920458,20458
21860,1292950000,1292970458,20458
21861,1293000000,1293020458,20458
21862,1293050000,1293070458,20458
21863,1293100000,1293120458,20458
21864,1293150000,1293170458,20458
21865,1293200000,1293220458,20458
21866,1293250000,1293270458,20458
21867,1293300000,1293320458,20458
21868,1293350000,1293370458,20458
21869,1293400000,1293420458,20458
21870,1293450000,1293470458,20458
21871,1293500000,1293520458,20458
21872,1293550000,1293570458,20458
21873,1293600000,1293620458,20458
21874,1293650000,1293670458,20458
21875,1293700000,1293720458,20458
21876,1293750000,1293770458,20458
21877,1293800000,1293820458,20458
21878,1293850000,1293870458,20458
21879,1293900000,1293920458,20458
21880,1293950000,1293970458,20458
21881,1294000000,1294020458,20458
21882,1294050000,1294070458,20458
21883,1294100000,1294120458,20458
21884,1294150000,1294170458,20458
21885,1294200000,1294220458,20458
21886,1294250000,1294270458,20458
21887,1294300000,1294320458,20458
21888,1294350000,1294370458,20458
21889,1294400000,1294420458,20458
21890,1294450000,1294470458,20458
21891,1294500000,1294520458,20458
21892,1294550000,1294570458,20458
21893,1294600000,1294620458,20458
21894,1294650000,1294670458,20458
21895,1294700000,1294720458,20458
21896,1294750000,1294770458,20458
21897,1294800000,1294820458,20458
21898,1294850000,1294870458,20458
21899,1294900000,1294920458,20458
21900,1294950000,1294970458,20458
21901,1295000000,1295020458,20458
21902,1295050000,1295070458,20458
21903,1295100000,1295120458,20458
21904,1295150000,1295170458,20458
21905,1295200000,1295220458,20458
21906,1295250000,1295270458,20458
21907,1295300000,1295320458,20458
21908,1295350000,1295370458,20458
21909,1295400000,1295420458,20458
21910,1295450000,1295470458,20458
21911,1295500000,1295520458,20458
21912,1295550000,1295570458,20458
21913,1295600000,1295620458,20458
21914,1295650000,1295670458,20458
21915,1295700000,1295720458,20458
21916,1295750000,1295770458,20458
21917,1295800000,1295820458,20458
21918,1295850000,1295870458,20458
21919,1295900000,1295920458,20458
21920,1295950000,1295970458,20458
21921,1296000000,1296020458,20458
21922,1296050000,1296070458,20458
21923,1296100000,1296120458,20458
21924,1296150000,1296170458,20458
21925,1296200000,1296220458,20458
21926,1296250000,1296270458,20458
21927,1296300000,1296320458,20458
21928,1296350000,1296370458,20458
21929,1296400000,1296420458,20458
21930,1296450000,1296470458,20458
21931,1296500000,1296520458,20458
21932,1296550000,1296570458,20458
21933,1296600000,1296620458,20458
21934,1296650000,1296670458,20458
21935,1296700000,1296720458,20458
21936,1296750000,1296770458,20458
21937,1296800000,1296820458,20458
21938,1296850000,1296870458,20458
21939,1296900000,1296920458,20458
21940,1296950000,1296970458,20458
21941,1297000000,1297020458,20458
21942,1297050000,1297070458,20458
21943,1297100000,1297120458,20458
21944,1297150000,1297170458,20458
21945,1297200000,1297220458,20458
21946,1297250000,1297270458,20458
21947,1297300000,1297320458,20458
21948,1297350000,1297370458,20458
21949,1297400000,1297420458,20458
21950,1297450000,1297470458,20458
21951,1297500000,1297520458,20458
21952,1297550000,1297570458,20458
21953,1297600000,1297620458,20458
21954,1297650000,1297670458,20458
21955,1297700000,1297720458,20458
21956,1297750000,1297770458,20458
21957,1297800000,1297820458,20458
21958,1297850000,1297870458,20458
21959,1297900000,1297920458,20458
21960,1297950000,1297970458,20458
21961,1298000000,1298020458,20458
21962,1298050000,1298070458,20458
21963,1298100000,1298120458,20458
21964,1298150000,1298170458,20458
21965,1298200000,1298220458,20458
21966,1298250000,1298270458,20458
21967,1298300000,1298320458,20458
21968,1298350000,1298370458,20458
21969,1298400000,1298420458,20458
21970,1298450000,1298470458,20458
21971,1298500000,1298520458,20458
21972,1298550000,1298570458,20458
21973,1298600000,1298620458,20458
21974,1298650000,1298670458,20458
21975,1298700000,1298720458,20458
21976,1298750000,1298770458,20458
21977,1298800000,1298820458,20458
21978,1298850000,1298870458,20458
21979,1298900000,1298920458,20458
21980,1298950000,1298970458,20458
21981,1299000000,1299020458,20458
21982,1299050000,1299070458,20458
21983,1299100000,1299120458,20458
21984,1299150000,1299170458,20458
21985,1299200000,1299220458,20458
21986,1299250000,1299270458,20458
21987,1299300000,1299320458,20458
21988,1299350000,1299370458,20458
21989,1299400000,1299420458,20458
21990,1299450000,1299470458,20458
21991,1299500000,1299520458,20458
21992,1299550000,1299570458,20458
21993,1299600000,1299620458,20458
21994,1299650000,1299670458,20458
21995,1299700000,1299720458,20458
21996,1299750000,1299770458,20458
21997,1299800000,1299820458,20458
21998,1299850000,1299870458,20458
21999,1299900000,1299920458,20458
22000,1299950000,1299970458,20458
22001,1300000000,1300020458,20458
22002,1300050000,1300070458,20458
22003,1300100000,1300120458,20458
22004,1300150000,1300170458,20458
22005,1300200000,1300220458,20458
22006,1300250000,1300270458,20458
22007,1300300000,1300320458,20458
22008,1300350000,1300370458,20458
22009,1300400000,1300420458,20458
22010,1300450000,1300470458,20458
22011,1300500000,1300520458,20458
22012,1300550000,1300570458,20458
22013,1300600000,1300620458,20458
22014,1300650000,1300670458,20458
22015,1300700000,1300720458,20458
22016,1300750000,1300770458,20458
22017,1300800000,1300820458,20458
22018,1300850000,1300870458,20458
22019,1300900000,1300920458,20458
22020,1300950000,1300970458,20458
22021,1301000000,1301020458,20458
22022,1301050000,1301070458,20458
22023,1301100000,1301120458,20458
22024,1301150000,1301170458,20458
22025,1301200000,1301220458,20458
22026,1301250000,1301270458,20458
22027,1301300000,1301320458,20458
22028,1301350000,1301370458,20458
22029,1301400000,1301420458,20458
22030,1301450000,1301470458,20458
22031,1301500000,1301520458,20458
22032,1301550000,1301570458,20458
22033,1301600000,1301620458,20458
22034,1301650000,1301670458,20458
22035,1301700000,1301720458,20458
22036,1301750000,1301770458,20458
22037,1301800000,1301820458,20458
22038,1301850000,1301870458,20458
22039,1301900000,1301920458,20458
22040,1301950000,1301970458,20458
22041,1302000000,1302020458,20458
22042,1302050000,1302070458,20458
22043,1302100000,1302120458,20458
22044,1302150000,1302170458,20458
22045,1302200000,1302220458,20458
22046,1302250000,1302270458,20458
22047,1302300000,1302320458,20458
22048,1302350000,1302370458,20458
22049,1302400000,1302420458,20458
22050,1302450000,1302470458,20458
22051,1302500000,1302520458,20458
22052,1302550000,1302570458,20458
22053,1302600000,1302620458,20458
22054,1302650000,1302670458,20458
22055,1302700000,1302720458,20458
22056,1302750000,1302770458,20458
22057,1302800000,1302820458,20458
22058,1302850000,1302870458,20458
22059,1302900000,1302920458,20458
22060,1302950000,1302970458,20458
22061,1303000000,1303020458,20458
22062,1303050000,1303070458,20458
22063,1303100000,1303120458,20458
22064,1303150000,1303170458,20458
22065,1303200000,1303220458,20458
22066,1303250000,1303270458,20458
22067,1303300000,1303320458,20458
22068,1303350000,1303370458,20458
22069,1303400000,1303420458,20458
22070,1303450000,1303470458,20458
22071,1303500000,1303520458,20458
22072,1303550000,1303570458,20458
22073,1303600000,1303620458,20458
22074,1303650000,1303670458,20458
22075,1303700000,1303720458,20458
22076,1303750000,1303770458,20458
22077,1303800000,1303820458,20458
22078,1303850000,1303870458,20458
22079,1303900000,1303920458,20458
22080,1303950000,1303970458,20458
22081,1304000000,1304020458,20458
22082,1304050000,1304070458,20458
22083,1304100000,1304120458,20458
22084,1304150000,1304170458,20458
22085,1304200000,1304220458,20458
22086,1304250000,1304270458,20458
22087,1304300000,1304320458,20458
22088,1304350000,1304370458,20458
22089,1304400000,1304420458,20458
22090,1304450000,1304470458,20458
22091,1304500000,1304520458,20458
22092,1304550000,1304570458,20458
22093,1304600000,1304620458,20458
22094,1304650000,1304670458,20458
22095,1304700000,1304720458,20458
22096,1304750000,1304770458,20458
22097,1304800000,1304820458,20458
22098,1304850000,1304870458,20458
22099,1304900000,1304920458,20458
22100,1304950000,1304970458,20458
22101,1305000000,1305020458,20458
22102,1305050000,1305070458,20458
22103,1305100000,1305120458,20458
22104,1305150000,1305170458,20458
22105,1305200000,1305220458,20458
22106,1305250000,1305270458,20458
22107,1305300000,1305320458,20458
22108,1305350000,1305370458,20458
22109,1305400000,1305420458,20458
22110,1305450000,1305470458,20458
22111,1305500000,1305520458,20458
22112,1305550000,1305570458,20458
22113,1305600000,1305620458,20458
22114,1305650000,1305670458,20458
22115,1305700000,1305720458,20458
22116,1305750000,1305770458,20458
22117,1305800000,1305820458,20458
22118,1305850000,1305870458,20458
22119,1305900000,1305920458,20458
22120,1305950000,1305970458,20458
22121,1306000000,1306020458,20458
22122,1306050000,1306070458,20458
22123,1306100000,1306120458,20458
22124,1306150000,1306170458,20458
22125,1306200000,1306220458,20458
22126,1306250000,1306270458,20458
22127,1306300000,1306320458,20458
22128,1306350000,1306370458,20458
22129,1306400000,1306420458,20458
22130,1306450000,1306470458,20458
22131,1306500000,1306520458,20458
22132,1306550000,1306570458,20458
22133,1306600000,1306620458,20458
22134,1306650000,1306670458,20458
22135,1306700000,1306720458,20458
22136,1306750000,1306770458,20458
22137,1306800000,1306820458,20458
22138,1306850000,1306870458,20458
22139,1306900000,1306920458,20458
22140,1306950000,1306970458,20458
22141,1307000000,1307020458,20458
22142,1307050000,1307070458,20458
22143,1307100000,1307120458,20458
22144,1307150000,1307170458,20458
22145,1307200000,1307220458,20458
22146,1307250000,1307270458,20458
22147,1307300000,1307320458,20458
22148,1307350000,1307370458,20458
22149,1307400000,1307420458,20458
22150,1307450000,1307470458,20458
22151,1307500000,1307520458,20458
22152,1307550000,1307570458,20458
22153,1307600000,1307620458,20458
22154,1307650000,1307670458,20458
22155,1307700000,1307720458,20458
22156,1307750000,1307770458,20458
22157,1307800000,1307820458,20458
22158,1307850000,1307870458,20458
22159,1307900000,1307920458,20458
22160,1307950000,1307970458,20458
22161,1308000000,1308020458,20458
22162,1308050000,1308070458,20458
22163,1308100000,1308120458,20458
22164,1308150000,1308170458,20458
22165,1308200000,1308220458,20458
22166,1308250000,1308270458,20458
22167,1308300000,1308320458,20458
22168,1308350000,1308370458,20458
22169,1308400000,1308420458,20458
22170,1308450000,1308470458,20458
22171,1308500000,1308520458,20458
22172,1308550000,1308570458,20458
22173,1308600000,1308620458,20458
22174,1308650000,1308670458,20458
22175,1308700000,1308720458,20458
22176,1308750000,1308770458,20458
22177,1308800000,1308820458,20458
22178,1308850000,1308870458,20458
22179,1308900000,1308920458,20458
22180,1308950000,1308970458,20458
22181,1309000000,1309020458,20458
22182,1309050000,1309070458,20458
22183,1309100000,1309120458,20458
22184,1309150000,1309170458,20458
22185,1309200000,1309220458,20458
22186,1309250000,1309270458,20458
22187,1309300000,1309320458,20458
22188,1309350000,1309370458,20458
22189,1309400000,1309420458,20458
22190,1309450000,1309470458,20458
22191,1309500000,1309520458,20458
22192,1309550000,1309570458,20458
22193,1309600000,1309620458,20458
22194,1309650000,1309670458,20458
22195,1309700000,1309720458,20458
22196,1309750000,1309770458,20458
22197,1309800000,1309820458,20458
22198,1309850000,1309870458,20458
22199,1309900000,1309920458,20458
22200,1309950000,1309970458,20458
22201,1310000000,1310020458,20458
22202,1310050000,1310070458,20458
22203,1310100000,1310120458,20458
22204,1310150000,1310170458,20458
22205,1310200000,1310220458,20458
22206,1310250000,1310270458,20458
22207,1310300000,1310320458,20458
22208,1310350000,1310370458,20458
22209,1310400000,1310420458,20458
22210,1310450000,1310470458,20458
22211,1310500000,1310520458,20458
22212,1310550000,1310570458,20458
22213,1310600000,1310620458,20458
22214,1310650000,1310670458,20458
22215,1310700000,1310720458,20458
22216,1310750000,1310770458,20458
22217,1310800000,1310820458,20458
22218,1310850000,1310870458,20458
22219,1310900000,1310920458,20458
22220,1310950000,1310970458,20458
22221,1311000000,1311020458,20458
22222,1311050000,1311070458,20458
22223,1311100000,1311120458,20458
22224,1311150000,1311170458,20458
22225,1311200000,1311220458,20458
22226,1311250000,1311270458,20458
22227,1311300000,1311320458,20458
22228,1311350000,1311370458,20458
22229,1311400000,1311420458,20458
22230,1311450000,1311470458,20458
22231,1311500000,1311520458,20458
22232,1311550000,1311570458,20458
22233,1311600000,1311620458,20458
22234,1311650000,1311670458,20458
22235,1311700000,1311720458,20458
22236,1311750000,1311770458,20458
22237,1311800000,1311820458,20458
22238,1311850000,1311870458,20458
22239,1311900000,1311920458,20458
22240,1311950000,1311970458,20458
22241,1312000000,1312020458,20458
22242,1312050000,1312070458,20458
22243,1312100000,1312120458,20458
22244,1312150000,1312170458,20458
22245,1312200000,1312220458,20458
22246,1312250000,1312270458,20458
22247,1312300000,1312320458,20458
22248,1312350000,1312370458,20458
22249,1312400000,1312420458,20458
22250,1312450000,1312470458,20458
22251,1312500000,1312520458,20458
22252,1312550000,1312570458,20458
22253,1312600000,1312620458,20458
22254,1312650000,1312670458,20458
22255,1312700000,1312720458,20458
22256,1312750000,1312770458,20458
22257,1312800000,1312820458,20458
22258,1312850000,1312870458,20458
22259,1312900000,1312920458,20458
22260,1312950000,1312970458,20458
22261,1313000000,1313020458,20458
22262,1313050000,1313070458,20458
22263,1313100000,1313120458,20458
22264,1313150000,1313170458,20458
22265,1313200000,1313220458,20458
22266,1313250000,1313270458,20458
22267,1313300000,1313320458,20458
22268,1313350000,1313370458,20458
22269,1313400000,1313420458,20458
22270,1313450000,1313470458,20458
22271,1313500000,1313520458,20458
22272,1313550000,1313570458,20458
22273,1313600000,1313620458,20458
22274,1313650000,1313670458,20458
22275,1313700000,1313720458,20458
22276,1313750000,1313770458,20458
22277,1313800000,1313820458,20458
22278,1313850000,1313870458,20458
22279,1313900000,1313920458,20458
22280,1313950000,1313970458,20458
22281,1314000000,1314020458,20458
22282,1314050000,1314070458,20458
22283,1314100000,1314120458,20458
22284,1314150000,1314170458,20458
22285,1314200000,1314220458,20458
22286,1314250000,1314270458,20458
22287,1314300000,1314320458,20458
22288,1314350000,1314370458,20458
22289,1314400000,1314420458,20458
22290,1314450000,1314470458,20458
22291,1314500000,1314520458,20458
22292,1314550000,1314570458,20458
22293,1314600000,1314620458,20458
22294,1314650000,1314670458,20458
22295,1314700000,1314720458,20458
22296,1314750000,1314770458,20458
22297,1314800000,1314820458,20458
22298,1314850000,1314870458,20458
22299,1314900000,1314920458,20458
22300,1314950000,1314970458,20458
22301,1315000000,1315020458,20458
22302,1315050000,1315070458,20458
22303,1315100000,1315120458,20458
22304,1315150000,1315170458,20458
22305,1315200000,1315220458,20458
22306,1315250000,1315270458,20458
22307,1315300000,1315320458,20458
22308,1315350000,1315370458,20458
22309,1315400000,1315420458,20458
22310,1315450000,1315470458,20458
22311,1315500000,1315520458,20458
22312,1315550000,1315570458,20458
22313,1315600000,1315620458,20458
22314,1315650000,1315670458,20458
22315,1315700000,1315720458,20458
22316,1315750000,1315770458,20458
22317,1315800000,1315820458,20458
22318,1315850000,1315870458,20458
22319,1315900000,1315920458,20458
22320,1315950000,1315970458,20458
22321,1316000000,1316020458,20458
22322,1316050000,1316070458,20458
22323,1316100000,1316120458,20458
22324,1316150000,1316170458,20458
22325,1316200000,1316220458,20458
22326,1316250000,1316270458,20458
22327,1316300000,1316320458,20458
22328,1316350000,1316370458,20458
22329,1316400000,1316420458,20458
22330,1316450000,1316470458,20458
22331,1316500000,1316520458,20458
22332,1316550000,1316570458,20458
22333,1316600000,1316620458,20458
22334,1316650000,1316670458,20458
22335,1316700000,1316720458,20458
22336,1316750000,1316770458,20458
22337,1316800000,1316820458,20458
22338,1316850000,1316870458,20458
22339,1316900000,1316920458,20458
22340,1316950000,1316970458,20458
22341,1317000000,1317020458,20458
22342,1317050000,1317070458,20458
22343,1317100000,1317120458,20458
22344,1317150000,1317170458,20458
22345,1317200000,1317220458,20458
22346,1317250000,1317270458,20458
22347,1317300000,1317320458,20458
22348,1317350000,1317370458,20458
22349,1317400000,1317420458,20458
22350,1317450000,1317470458,20458
22351,1317500000,1317520458,20458
22352,1317550000,1317570458,20458
22353,1317600000,1317620458,20458
22354,1317650000,1317670458,20458
22355,1317700000,1317720458,20458
22356,1317750000,1317770458,20458
22357,1317800000,1317820458,20458
22358,1317850000,1317870458,20458
22359,1317900000,1317920458,20458
22360,1317950000,1317970458,20458
22361,1318000000,1318020458,20458
22362,1318050000,1318070458,20458
22363,1318100000,1318120458,20458
22364,1318150000,1318170458,20458
22365,1318200000,1318220458,20458
22366,1318250000,1318270458,20458
22367,1318300000,1318320458,20458
22368,1318350000,1318370458,20458
22369,1318400000,1318420458,20458
22370,1318450000,1318470458,20458
22371,1318500000,1318520458,20458
22372,1318550000,1318570458,20458
22373,1318600000,1318620458,20458
22374,1318650000,1318670458,20458
22375,1318700000,1318720458,20458
22376,1318750000,1318770458,20458
22377,1318800000,1318820458,20458
22378,1318850000,1318870458,20458
22379,1318900000,1318920458,20458
22380,1318950000,1318970458,20458
22381,1319000000,1319020458,20458
22382,1319050000,1319070458,20458
22383,1319100000,1319120458,20458
22384,1319150000,1319170458,20458
22385,1319200000,1319220458,20458
22386,1319250000,1319270458,20458
22387,1319300000,1319320458,20458
22388,1319350000,1319370458,20458
22389,1319400000,1319420458,20458
22390,1319450000,1319470458,20458
22391,1319500000,1319520458,20458
22392,1319550000,1319570458,20458
22393,1319600000,1319620458,20458
22394,1319650000,1319670458,20458
22395,1319700000,1319720458,20458
22396,1319750000,1319770458,20458
22397,1319800000,1319820458,20458
22398,1319850000,1319870458,20458
22399,1319900000,1319920458,20458
22400,1319950000,1319970458,20458
22401,1320000000,1320020458,20458
22402,1320050000,1320070458,20458
22403,1320100000,1320120458,20458
22404,1320150000,1320170458,20458
22405,1320200000,1320220458,20458
22406,1320250000,1320270458,20458
22407,1320300000,1320320458,20458
22408,1320350000,1320370458,20458
22409,1320400000,1320420458,20458
22410,1320450000,1320470458,20458
22411,1320500000,1320520458,20458
22412,1320550000,1320570458,20458
22413,1320600000,1320620458,20458
22414,1320650000,1320670458,20458
22415,1320700000,1320720458,20458
22416,1320750000,1320770458,20458
22417,1320800000,1320820458,20458
22418,1320850000,1320870458,20458
22419,1320900000,1320920458,20458
22420,1320950000,1320970458,20458
22421,1321000000,1321020458,20458
22422,1321050000,1321070458,20458
22423,1321100000,1321120458,20458
22424,1321150000,1321170458,20458
22425,1321200000,1321220458,20458
22426,1321250000,1321270458,20458
22427,1321300000,1321320458,20458
22428,1321350000,1321370458,20458
22429,1321400000,1321420458,20458
22430,1321450000,1321470458,20458
22431,1321500000,1321520458,20458
22432,1321550000,1321570458,20458
22433,1321600000,1321620458,20458
22434,1321650000,1321670458,20458
22435,1321700000,1321720458,20458
22436,1321750000,1321770458,20458
22437,1321800000,1321820458,20458
22438,1321850000,1321870458,20458
22439,1321900000,1321920458,20458
22440,1321950000,1321970458,20458
22441,1322000000,1322020458,20458
22442,1322050000,1322070458,20458
22443,1322100000,1322120458,20458
22444,1322150000,1322170458,20458
22445,1322200000,1322220458,20458
22446,1322250000,1322270458,20458
22447,1322300000,1322320458,20458
22448,1322350000,1322370458,20458
22449,1322400000,1322420458,20458
22450,1322450000,1322470458,20458
22451,1322500000,1322520458,20458
22452,1322550000,1322570458,20458
22453,1322600000,1322620458,20458
22454,1322650000,1322670458,20458
22455,1322700000,1322720458,20458
22456,1322750000,1322770458,20458
22457,1322800000,1322820458,20458
22458,1322850000,1322870458,20458
22459,1322900000,1322920458,20458
22460,1322950000,1322970458,20458
22461,1323000000,1323020458,20458
22462,1323050000,1323070458,20458
22463,1323100000,1323120458,20458
22464,1323150000,1323170458,20458
22465,1323200000,1323220458,20458
22466,1323250000,1323270458,20458
22467,1323300000,1323320458,20458
22468,1323350000,1323370458,20458
22469,1323400000,1323420458,20458
22470,1323450000,1323470458,20458
22471,1323500000,1323520458,20458
22472,1323550000,1323570458,20458
22473,1323600000,1323620458,20458
22474,1323650000,1323670458,20458
22475,1323700000,1323720458,20458
22476,1323750000,1323770458,20458
22477,1323800000,1323820458,20458
22478,1323850000,1323870458,20458
22479,1323900000,1323920458,20458
22480,1323950000,1323970458,20458
22481,1324000000,1324020458,20458
22482,1324050000,1324070458,20458
22483,1324100000,1324120458,20458
22484,1324150000,1324170458,20458
22485,1324200000,1324220458,20458
22486,1324250000,1324270458,20458
22487,1324300000,1324320458,20458
22488,1324350000,1324370458,20458
22489,1324400000,1324420458,20458
22490,1324450000,1324470458,20458
22491,1324500000,1324520458,20458
22492,1324550000,1324570458,20458
22493,1324600000,1324620458,20458
22494,1324650000,1324670458,20458
22495,1324700000,1324720458,20458
22496,1324750000,1324770458,20458
22497,1324800000,1324820458,20458
22498,1324850000,1324870458,20458
22499,1324900000,1324920458,20458
22500,1324950000,1324970458,20458
22501,1325000000,1325020458,20458
22502,1325050000,1325070458,20458
22503,1325100000,1325120458,20458
22504,1325150000,1325170458,20458
22505,1325200000,1325220458,20458
22506,1325250000,1325270458,20458
22507,1325300000,1325320458,20458
22508,1325350000,1325370458,20458
22509,1325400000,1325420458,20458
22510,1325450000,1325470458,20458
22511,1325500000,1325520458,20458
22512,1325550000,1325570458,20458
22513,1325600000,1325620458,20458
22514,1325650000,1325670458,20458
22515,1325700000,1325720458,20458
22516,1325750000,1325770458,20458
22517,1325800000,1325820458,20458
22518,1325850000,1325870458,20458
22519,1325900000,1325920458,20458
22520,1325950000,1325970458,20458
22521,1326000000,1326020458,20458
22522,1326050000,1326070458,20458
22523,1326100000,1326120458,20458
22524,1326150000,1326170458,20458
22525,1326200000,1326220458,20458
22526,1326250000,1326270458,20458
22527,1326300000,1326320458,20458
22528,1326350000,1326370458,20458
22529,1326400000,1326420458,20458
22530,1326450000,1326470458,20458
22531,1326500000,1326520458,20458
22532,1326550000,1326570458,20458
22533,1326600000,1326620458,20458
22534,1326650000,1326670458,20458
22535,1326700000,1326720458,20458
22536,1326750000,1326770458,20458
22537,1326800000,1326820458,20458
22538,1326850000,1326870458,20458
22539,1326900000,1326920458,20458
22540,1326950000,1326970458,20458
22541,1327000000,1327020458,20458
22542,1327050000,1327070458,20458
22543,1327100000,1327120458,20458
22544,1327150000,1327170458,20458
22545,1327200000,1327220458,20458
22546,1327250000,1327270458,20458
22547,1327300000,1327320458,20458
22548,1327350000,1327370458,20458
22549,1327400000,1327420458,20458
22550,1327450000,1327470458,20458
22551,1327500000,1327520458,20458
22552,1327550000,1327570458,20458
22553,1327600000,1327620458,20458
22554,1327650000,1327670458,20458
22555,1327700000,1327720458,20458
22556,1327750000,1327770458,20458
22557,1327800000,1327820458,20458
22558,1327850000,1327870458,20458
22559,1327900000,1327920458,20458
22560,1327950000,1327970458,20458
22561,1328000000,1328020458,20458
22562,1328050000,1328070458,20458
22563,1328100000,1328120458,20458
22564,1328150000,1328170458,20458
22565,1328200000,1328220458,20458
22566,1328250000,1328270458,20458
22567,1328300000,1328320458,20458
22568,1328350000,1328370458,20458
22569,1328400000,1328420458,20458
22570,1328450000,1328470458,20458
22571,1328500000,1328520458,20458
22572,1328550000,1328570458,20458
22573,1328600000,1328620458,20458
22574,1328650000,1328670458,20458
22575,1328700000,1328720458,20458
22576,1328750000,1328770458,20458
22577,1328800000,1328820458,20458
22578,1328850000,1328870458,20458
22579,1328900000,1328920458,20458
22580,1328950000,1328970458,20458
22581,1329000000,1329020458,20458
22582,1329050000,1329070458,20458
22583,1329100000,1329120458,20458
22584,1329150000,1329170458,20458
22585,1329200000,1329220458,20458
22586,1329250000,1329270458,20458
22587,1329300000,1329320458,20458
22588,1329350000,1329370458,20458
22589,1329400000,1329420458,20458
22590,1329450000,1329470458,20458
22591,1329500000,1329520458,20458
22592,1329550000,1329570458,20458
22593,1329600000,1329620458,20458
22594,1329650000,1329670458,20458
22595,1329700000,1329720458,20458
22596,1329750000,1329770458,20458
22597,1329800000,1329820458,20458
22598,1329850000,1329870458,20458
22599,1329900000,1329920458,20458
22600,1329950000,1329970458,20458
22601,1330000000,1330020458,20458
22602,1330050000,1330070458,20458
22603,1330100000,1330120458,20458
22604,1330150000,1330170458,20458
22605,1330200000,1330220458,20458
22606,1330250000,1330270458,20458
22607,1330300000,1330320458,20458
22608,1330350000,1330370458,20458
22609,1330400000,1330420458,20458
22610,1330450000,1330470458,20458
22611,1330500000,1330520458,20458
22612,1330550000,1330570458,20458
22613,1330600000,1330620458,20458
22614,1330650000,1330670458,20458
22615,1330700000,1330720458,20458
22616,1330750000,1330770458,20458
22617,1330800000,1330820458,20458
22618,1330850000,1330870458,20458
22619,1330900000,1330920458,20458
22620,1330950000,1330970458,20458
22621,1331000000,1331020458,20458
22622,1331050000,1331070458,20458
22623,1331100000,1331120458,20458
22624,1331150000,1331170458,20458
22625,1331200000,1331220458,20458
22626,1331250000,1331270458,20458
22627,1331300000,1331320458,20458
22628,1331350000,1331370458,20458
22629,1331400000,1331420458,20458
22630,1331450000,1331470458,20458
22631,1331500000,1331520458,20458
22632,1331550000,1331570458,20458
22633,1331600000,1331620458,20458
22634,1331650000,1331670458,20458
22635,1331700000,1331720458,20458
22636,1331750000,1331770458,20458
22637,1331800000,1331820458,20458
22638,1331850000,1331870458,20458
22639,1331900000,1331920458,20458
22640,1331950000,1331970458,20458
22641,1332000000,1332020458,20458
22642,1332050000,1332070458,20458
22643,1332100000,1332120458,20458
22644,1332150000,1332170458,20458
22645,1332200000,1332220458,20458
22646,1332250000,1332270458,20458
22647,1332300000,1332320458,20458
22648,1332350000,1332370458,20458
22649,1332400000,1332420458,20458
22650,1332450000,1332470458,20458
22651,1332500000,1332520458,20458
22652,1332550000,1332570458,20458
22653,1332600000,1332620458,20458
22654,1332650000,1332670458,20458
22655,1332700000,1332720458,20458
22656,1332750000,1332770458,20458
22657,1332800000,1332820458,20458
22658,1332850000,1332870458,20458
22659,1332900000,1332920458,20458
22660,1332950000,1332970458,20458
22661,1333000000,1333020458,20458
22662,1333050000,1333070458,20458
22663,1333100000,1333120458,20458
22664,1333150000,1333170458,20458
22665,1333200000,1333220458,20458
22666,1333250000,1333270458,20458
22667,1333300000,1333320458,20458
22668,1333350000,1333370458,20458
22669,1333400000,1333420458,20458
22670,1333450000,1333470458,20458
22671,1333500000,1333520458,20458
22672,1333550000,1333570458,20458
22673,1333600000,1333620458,20458
22674,1333650000,1333670458,20458
22675,1333700000,1333720458,20458
22676,1333750000,1333770458,20458
22677,1333800000,1333820458,20458
22678,1333850000,1333870458,20458
22679,1333900000,1333920458,20458
22680,1333950000,1333970458,20458
22681,1334000000,1334020458,20458
22682,1334050000,1334070458,20458
22683,1334100000,1334120458,20458
22684,1334150000,1334170458,20458
22685,1334200000,1334220458,20458
22686,1334250000,1334270458,20458
22687,1334300000,1334320458,20458
22688,1334350000,1334370458,20458
22689,1334400000,1334420458,20458
22690,1334450000,1334470458,20458
22691,1334500000,1334520458,20458
22692,1334550000,1334570458,20458
22693,1334600000,1334620458,20458
22694,1334650000,1334670458,20458
22695,1334700000,1334720458,20458
22696,1334750000,1334770458,20458
22697,1334800000,1334820458,20458
22698,1334850000,1334870458,20458
22699,1334900000,1334920458,20458
22700,1334950000,1334970458,20458
22701,1335000000,1335020458,20458
22702,1335050000,1335070458,20458
22703,1335100000,1335120458,20458
22704,1335150000,1335170458,20458
22705,1335200000,1335220458,20458
22706,1335250000,1335270458,20458
22707,1335300000,1335320458,20458
22708,1335350000,1335370458,20458
22709,1335400000,1335420458,20458
22710,1335450000,1335470458,20458
22711,1335500000,1335520458,20458
22712,1335550000,1335570458,20458
22713,1335600000,1335620458,20458
22714,1335650000,1335670458,20458
22715,1335700000,1335720458,20458
22716,1335750000,1335770458,20458
22717,1335800000,1335820458,20458
22718,1335850000,1335870458,20458
22719,1335900000,1335920458,20458
22720,1335950000,1335970458,20458
22721,1336000000,1336020458,20458
22722,1336050000,1336070458,20458
22723,1336100000,1336120458,20458
22724,1336150000,1336170458,20458
22725,1336200000,1336220458,20458
22726,1336250000,1336270458,20458
22727,1336300000,1336320458,20458
22728,1336350000,1336370458,20458
22729,1336400000,1336420458,20458
22730,1336450000,1336470458,20458
22731,1336500000,1336520458,20458
22732,1336550000,1336570458,20458
22733,1336600000,1336620458,20458
22734,1336650000,1336670458,20458
22735,1336700000,1336720458,20458
22736,1336750000,1336770458,20458
22737,1336800000,1336820458,20458
22738,1336850000,1336870458,20458
22739,1336900000,1336920458,20458
22740,1336950000,1336970458,20458
22741,1337000000,1337020458,20458
22742,1337050000,1337070458,20458
22743,1337100000,1337120458,20458
22744,1337150000,1337170458,20458
22745,1337200000,1337220458,20458
22746,1337250000,1337270458,20458
22747,1337300000,1337320458,20458
22748,1337350000,1337370458,20458
22749,1337400000,1337420458,20458
22750,1337450000,1337470458,20458
22751,1337500000,1337520458,20458
22752,1337550000,1337570458,20458
22753,1337600000,1337620458,20458
22754,1337650000,1337670458,20458
22755,1337700000,1337720458,20458
22756,1337750000,1337770458,20458
22757,1337800000,1337820458,20458
22758,1337850000,1337870458,20458
22759,1337900000,1337920458,20458
22760,1337950000,1337970458,20458
22761,1338000000,1338020458,20458
22762,1338050000,1338070458,20458
22763,1338100000,1338120458,20458
22764,1338150000,1338170458,20458
22765,1338200000,1338220458,20458
22766,1338250000,1338270458,20458
22767,1338300000,1338320458,20458
22768,1338350000,1338370458,20458
22769,1338400000,1338420458,20458
22770,1338450000,1338470458,20458
22771,1338500000,1338520458,20458
22772,1338550000,1338570458,20458
22773,1338600000,1338620458,20458
22774,1338650000,1338670458,20458
22775,1338700000,1338720458,20458
22776,1338750000,1338770458,20458
22777,1338800000,1338820458,20458
22778,1338850000,1338870458,20458
22779,1338900000,1338920458,20458
22780,1338950000,1338970458,20458
22781,1339000000,1339020458,20458
22782,1339050000,1339070458,20458
22783,1339100000,1339120458,20458
22784,1339150000,1339170458,20458
22785,1339200000,1339220458,20458
22786,1339250000,1339270458,20458
22787,1339300000,1339320458,20458
22788,1339350000,1339370458,20458
22789,1339400000,1339420458,20458
22790,1339450000,1339470458,20458
22791,1339500000,1339520458,20458
22792,1339550000,1339570458,20458
22793,1339600000,1339620458,20458
22794,1339650000,1339670458,20458
22795,1339700000,1339720458,20458
22796,1339750000,1339770458,20458
22797,1339800000,1339820458,20458
22798,1339850000,1339870458,20458
22799,1339900000,1339920458,20458
22800,1339950000,1339970458,20458
22801,1340000000,1340020458,20458
22802,1340050000,1340070458,20458
22803,1340100000,1340120458,20458
22804,1340150000,1340170458,20458
22805,1340200000,1340220458,20458
22806,1340250000,1340270458,20458
22807,1340300000,1340320458,20458
22808,1340350000,1340370458,20458
22809,1340400000,1340420458,20458
22810,1340450000,1340470458,20458
22811,1340500000,1340520458,20458
22812,1340550000,1340570458,20458
22813,1340600000,1340620458,20458
22814,1340650000,1340670458,20458
22815,1340700000,1340720458,20458
22816,1340750000,1340770458,20458
22817,1340800000,1340820458,20458
22818,1340850000,1340870458,20458
22819,1340900000,1340920458,20458
22820,1340950000,1340970458,20458
22821,1341000000,1341020458,20458
22822,1341050000,1341070458,20458
22823,1341100000,1341120458,20458
22824,1341150000,1341170458,20458
22825,1341200000,1341220458,20458
22826,1341250000,1341270458,20458
22827,1341300000,1341320458,20458
22828,1341350000,1341370458,20458
22829,1341400000,1341420458,20458
22830,1341450000,1341470458,20458
22831,1341500000,1341520458,20458
22832,1341550000,1341570458,20458
22833,1341600000,1341620458,20458
22834,1341650000,1341670458,20458
22835,1341700000,1341720458,20458
22836,1341750000,1341770458,20458
22837,1341800000,1341820458,20458
22838,1341850000,1341870458,20458
22839,1341900000,1341920458,20458
22840,1341950000,1341970458,20458
22841,1342000000,1342020458,20458
22842,1342050000,1342070458,20458
22843,1342100000,1342120458,20458
22844,1342150000,1342170458,20458
22845,1342200000,1342220458,20458
22846,1342250000,1342270458,20458
22847,1342300000,1342320458,20458
22848,1342350000,1342370458,20458
22849,1342400000,1342420458,20458
22850,1342450000,1342470458,20458
22851,1342500000,1342520458,20458
22852,1342550000,1342570458,20458
22853,1342600000,1342620458,20458
22854,1342650000,1342670458,20458
22855,1342700000,1342720458,20458
22856,1342750000,1342770458,20458
22857,1342800000,1342820458,20458
22858,1342850000,1342870458,20458
22859,1342900000,1342920458,20458
22860,1342950000,1342970458,20458
22861,1343000000,1343020458,20458
22862,1343050000,1343070458,20458
22863,1343100000,1343120458,20458
22864,1343150000,1343170458,20458
22865,1343200000,1343220458,20458
22866,1343250000,1343270458,20458
22867,1343300000,1343320458,20458
22868,1343350000,1343370458,20458
22869,1343400000,1343420458,20458
22870,1343450000,1343470458,20458
22871,1343500000,1343520458,20458
22872,1343550000,1343570458,20458
22873,1343600000,1343620458,20458
22874,1343650000,1343670458,20458
22875,1343700000,1343720458,20458
22876,1343750000,1343770458,20458
22877,1343800000,1343820458,20458
22878,1343850000,1343870458,20458
22879,1343900000,1343920458,20458
22880,1343950000,1343970458,20458
22881,1344000000,1344020458,20458
22882,1344050000,1344070458,20458
22883,1344100000,1344120458,20458
22884,1344150000,1344170458,20458
22885,1344200000,1344220458,20458
22886,1344250000,1344270458,20458
22887,1344300000,1344320458,20458
22888,1344350000,1344370458,20458
22889,1344400000,1344420458,20458
22890,1344450000,1344470458,20458
22891,1344500000,1344520458,20458
22892,1344550000,1344570458,20458
22893,1344600000,1344620458,20458
22894,1344650000,1344670458,20458
22895,1344700000,1344720458,20458
22896,1344750000,1344770458,20458
22897,1344800000,1344820458,20458
22898,1344850000,1344870458,20458
22899,1344900000,1344920458,20458
22900,1344950000,1344970458,20458
22901,1345000000,1345020458,20458
22902,1345050000,1345070458,20458
22903,1345100000,1345120458,20458
22904,1345150000,1345170458,20458
22905,1345200000,1345220458,20458
22906,1345250000,1345270458,20458
22907,1345300000,1345320458,20458
22908,1345350000,1345370458,20458
22909,1345400000,1345420458,20458
22910,1345450000,1345470458,20458
22911,1345500000,1345520458,20458
22912,1345550000,1345570458,20458
22913,1345600000,1345620458,20458
22914,1345650000,1345670458,20458
22915,1345700000,1345720458,20458
22916,1345750000,1345770458,20458
22917,1345800000,1345820458,20458
22918,1345850000,1345870458,20458
22919,1345900000,1345920458,20458
22920,1345950000,1345970458,20458
22921,1346000000,1346020458,20458
22922,1346050000,1346070458,20458
22923,1346100000,1346120458,20458
22924,1346150000,1346170458,20458
22925,1346200000,1346220458,20458
22926,1346250000,1346270458,20458
22927,1346300000,1346320458,20458
22928,1346350000,1346370458,20458
22929,1346400000,1346420458,20458
22930,1346450000,1346470458,20458
22931,1346500000,1346520458,20458
22932,1346550000,1346570458,20458
22933,1346600000,1346620458,20458
22934,1346650000,1346670458,20458
22935,1346700000,1346720458,20458
22936,1346750000,1346770458,20458
22937,1346800000,1346820458,20458
22938,1346850000,1346870458,20458
22939,1346900000,1346920458,20458
22940,1346950000,1346970458,20458
22941,1347000000,1347020458,20458
22942,1347050000,1347070458,20458
22943,1347100000,1347120458,20458
22944,1347150000,1347170458,20458
22945,1347200000,1347220458,20458
22946,1347250000,1347270458,20458
22947,1347300000,1347320458,20458
22948,1347350000,1347370458,20458
22949,1347400000,1347420458,20458
22950,1347450000,1347470458,20458
22951,1347500000,1347520458,20458
22952,1347550000,1347570458,20458
22953,1347600000,1347620458,20458
22954,1347650000,1347670458,20458
22955,1347700000,1347720458,20458
22956,1347750000,1347770458,20458
22957,1347800000,1347820458,20458
22958,1347850000,1347870458,20458
22959,1347900000,1347920458,20458
22960,1347950000,1347970458,20458
22961,1348000000,1348020458,20458
22962,1348050000,1348070458,20458
22963,1348100000,1348120458,20458
22964,1348150000,1348170458,20458
22965,1348200000,1348220458,20458
22966,1348250000,1348270458,20458
22967,1348300000,1348320458,20458
22968,1348350000,1348370458,20458
22969,1348400000,1348420458,20458
22970,1348450000,1348470458,20458
22971,1348500000,1348520458,20458
22972,1348550000,1348570458,20458
22973,1348600000,1348620458,20458
22974,1348650000,1348670458,20458
22975,1348700000,1348720458,20458
22976,1348750000,1348770458,20458
22977,1348800000,1348820458,20458
22978,1348850000,1348870458,20458
22979,1348900000,1348920458,20458
22980,1348950000,1348970458,20458
22981,1349000000,1349020458,20458
22982,1349050000,1349070458,20458
22983,1349100000,1349120458,20458
22984,1349150000,1349170458,20458
22985,1349200000,1349220458,20458
22986,1349250000,1349270458,20458
22987,1349300000,1349320458,20458
22988,1349350000,1349370458,20458
22989,1349400000,1349420458,20458
22990,1349450000,1349470458,20458
22991,1349500000,1349520458,20458
22992,1349550000,1349570458,20458
22993,1349600000,1349620458,20458
22994,1349650000,1349670458,20458
22995,1349700000,1349720458,20458
22996,1349750000,1349770458,20458
22997,1349800000,1349820458,20458
22998,1349850000,1349870458,20458
22999,1349900000,1349920458,20458
23000,1349950000,1349970458,20458
23001,1350000000,1350020458,20458
23002,1350050000,1350070458,20458
23003,1350100000,1350120458,20458
23004,1350150000,1350170458,20458
23005,1350200000,1350220458,20458
23006,1350250000,1350270458,20458
23007,1350300000,1350320458,20458
23008,1350350000,1350370458,20458
23009,1350400000,1350420458,20458
23010,1350450000,1350470458,20458
23011,1350500000,1350520458,20458
23012,1350550000,1350570458,20458
23013,1350600000,1350620458,20458
23014,1350650000,1350670458,20458
23015,1350700000,1350720458,20458
23016,1350750000,1350770458,20458
23017,1350800000,1350820458,20458
23018,1350850000,1350870458,20458
23019,1350900000,1350920458,20458
23020,1350950000,1350970458,20458
23021,1351000000,1351020458,20458
23022,1351050000,1351070458,20458
23023,1351100000,1351120458,20458
23024,1351150000,1351170458,20458
23025,1351200000,1351220458,20458
23026,1351250000,1351270458,20458
23027,1351300000,1351320458,20458
23028,1351350000,1351370458,20458
23029,1351400000,1351420458,20458
23030,1351450000,1351470458,20458
23031,1351500000,1351520458,20458
23032,1351550000,1351570458,20458
23033,1351600000,1351620458,20458
23034,1351650000,1351670458,20458
23035,1351700000,1351720458,20458
23036,1351750000,1351770458,20458
23037,1351800000,1351820458,20458
23038,1351850000,1351870458,20458
23039,1351900000,1351920458,20458
23040,1351950000,1351970458,20458
23041,1352000000,1352020458,20458
23042,1352050000,1352070458,20458
23043,1352100000,1352120458,20458
23044,1352150000,1352170458,20458
23045,1352200000,1352220458,20458
23046,1352250000,1352270458,20458
23047,1352300000,1352320458,20458
23048,1352350000,1352370458,20458
23049,1352400000,1352420458,20458
23050,1352450000,1352470458,20458
23051,1352500000,1352520458,20458
23052,1352550000,1352570458,20458
23053,1352600000,1352620458,20458
23054,1352650000,1352670458,20458
23055,1352700000,1352720458,20458
23056,1352750000,1352770458,20458
23057,1352800000,1352820458,20458
23058,1352850000,1352870458,20458
23059,1352900000,1352920458,20458
23060,1352950000,1352970458,20458
23061,1353000000,1353020458,20458
23062,1353050000,1353070458,20458
23063,1353100000,1353120458,20458
23064,1353150000,1353170458,20458
23065,1353200000,1353220458,20458
23066,1353250000,1353270458,20458
23067,1353300000,1353320458,20458
23068,1353350000,1353370458,20458
23069,1353400000,1353420458,20458
23070,1353450000,1353470458,20458
23071,1353500000,1353520458,20458
23072,1353550000,1353570458,20458
23073,1353600000,1353620458,20458
23074,1353650000,1353670458,20458
23075,1353700000,1353720458,20458
23076,1353750000,1353770458,20458
23077,1353800000,1353820458,20458
23078,1353850000,1353870458,20458
23079,1353900000,1353920458,20458
23080,1353950000,1353970458,20458
23081,1354000000,1354020458,20458
23082,1354050000,1354070458,20458
23083,1354100000,1354120458,20458
23084,1354150000,1354170458,20458
23085,1354200000,1354220458,20458
23086,1354250000,1354270458,20458
23087,1354300000,1354320458,20458
23088,1354350000,1354370458,20458
23089,1354400000,1354420458,20458
23090,1354450000,1354470458,20458
23091,1354500000,1354520458,20458
23092,1354550000,1354570458,20458
23093,1354600000,1354620458,20458
23094,1354650000,1354670458,20458
23095,1354700000,1354720458,20458
23096,1354750000,1354770458,20458
23097,1354800000,1354820458,20458
23098,1354850000,1354870458,20458
23099,1354900000,1354920458,20458
23100,1354950000,1354970458,20458
23101,1355000000,1355020458,20458
23102,1355050000,1355070458,20458
23103,1355100000,1355120458,20458
23104,1355150000,1355170458,20458
23105,1355200000,1355220458,20458
23106,1355250000,1355270458,20458
23107,1355300000,1355320458,20458
23108,1355350000,1355370458,20458
23109,1355400000,1355420458,20458
23110,1355450000,1355470458,20458
23111,1355500000,1355520458,20458
23112,1355550000,1355570458,20458
23113,1355600000,1355620458,20458
23114,1355650000,1355670458,20458
23115,1355700000,1355720458,20458
23116,1355750000,1355770458,20458
23117,1355800000,1355820458,20458
23118,1355850000,1355870458,20458
23119,1355900000,1355920458,20458
23120,1355950000,1355970458,20458
23121,1356000000,1356020458,20458
23122,1356050000,1356070458,20458
23123,1356100000,1356120458,20458
23124,1356150000,1356170458,20458
23125,1356200000,1356220458,20458
23126,1356250000,1356270458,20458
23127,1356300000,1356320458,20458
23128,1356350000,1356370458,20458
23129,1356400000,1356420458,20458
23130,1356450000,1356470458,20458
23131,1356500000,1356520458,20458
23132,1356550000,1356570458,20458
23133,1356600000,1356620458,20458
23134,1356650000,1356670458,20458
23135,1356700000,1356720458,20458
23136,1356750000,1356770458,20458
23137,1356800000,1356820458,20458
23138,1356850000,1356870458,20458
23139,1356900000,1356920458,20458
23140,1356950000,1356970458,20458
23141,1357000000,1357020458,20458
23142,1357050000,1357070458,20458
23143,1357100000,1357120458,20458
23144,1357150000,1357170458,20458
23145,1357200000,1357220458,20458
23146,1357250000,1357270458,20458
23147,1357300000,1357320458,20458
23148,1357350000,1357370458,20458
23149,1357400000,1357420458,20458
23150,1357450000,1357470458,20458
23151,1357500000,1357520458,20458
23152,1357550000,1357570458,20458
23153,1357600000,1357620458,20458
23154,1357650000,1357670458,20458
23155,1357700000,1357720458,20458
23156,1357750000,1357770458,20458
23157,1357800000,1357820458,20458
23158,1357850000,1357870458,20458
23159,1357900000,1357920458,20458
23160,1357950000,1357970458,20458
23161,1358000000,1358020458,20458
23162,1358050000,1358070458,20458
23163,1358100000,1358120458,20458
23164,1358150000,1358170458,20458
23165,1358200000,1358220458,20458
23166,1358250000,1358270458,20458
23167,1358300000,1358320458,20458
23168,1358350000,1358370458,20458
23169,1358400000,1358420458,20458
23170,1358450000,1358470458,20458
23171,1358500000,1358520458,20458
23172,1358550000,1358570458,20458
23173,1358600000,1358620458,20458
23174,1358650000,1358670458,20458
23175,1358700000,1358720458,20458
23176,1358750000,1358770458,20458
23177,1358800000,1358820458,20458
23178,1358850000,1358870458,20458
23179,1358900000,1358920458,20458
23180,1358950000,1358970458,20458
23181,1359000000,1359020458,20458
23182,1359050000,1359070458,20458
23183,1359100000,1359120458,20458
23184,1359150000,1359170458,20458
23185,1359200000,1359220458,20458
23186,1359250000,1359270458,20458
23187,1359300000,1359320458,20458
23188,1359350000,1359370458,20458
23189,1359400000,1359420458,20458
23190,1359450000,1359470458,20458
23191,1359500000,1359520458,20458
23192,1359550000,1359570458,20458
23193,1359600000,1359620458,20458
23194,1359650000,1359670458,20458
23195,1359700000,1359720458,20458
23196,1359750000,1359770458,20458
23197,1359800000,1359820458,20458
23198,1359850000,1359870458,20458
23199,1359900000,1359920458,20458
23200,1359950000,1359970458,20458
23201,1360000000,1360020458,20458
23202,1360050000,1360070458,20458
23203,1360100000,1360120458,20458
23204,1360150000,1360170458,20458
23205,1360200000,1360220458,20458
23206,1360250000,1360270458,20458
23207,1360300000,1360320458,20458
23208,1360350000,1360370458,20458
23209,1360400000,1360420458,20458
23210,1360450000,1360470458,20458
23211,1360500000,1360520458,20458
23212,1360550000,1360570458,20458
23213,1360600000,1360620458,20458
23214,1360650000,1360670458,20458
23215,1360700000,1360720458,20458
23216,1360750000,1360770458,20458
23217,1360800000,1360820458,20458
23218,1360850000,1360870458,20458
23219,1360900000,1360920458,20458
23220,1360950000,1360970458,20458
23221,1361000000,1361020458,20458
23222,1361050000,1361070458,20458
23223,1361100000,1361120458,20458
23224,1361150000,1361170458,20458
23225,1361200000,1361220458,20458
23226,1361250000,1361270458,20458
23227,1361300000,1361320458,20458
23228,1361350000,1361370458,20458
23229,1361400000,1361420458,20458
23230,1361450000,1361470458,20458
23231,1361500000,1361520458,20458
23232,1361550000,1361570458,20458
23233,1361600000,1361620458,20458
23234,1361650000,1361670458,20458
23235,1361700000,1361720458,20458
23236,1361750000,1361770458,20458
23237,1361800000,1361820458,20458
23238,1361850000,1361870458,20458
23239,1361900000,1361920458,20458
23240,1361950000,1361970458,20458
23241,1362000000,1362020458,20458
23242,1362050000,1362070458,20458
23243,1362100000,1362120458,20458
23244,1362150000,1362170458,20458
23245,1362200000,1362220458,20458
23246,1362250000,1362270458,20458
23247,1362300000,1362320458,20458
23248,1362350000,1362370458,20458
23249,1362400000,1362420458,20458
23250,1362450000,1362470458,20458
23251,1362500000,1362520458,20458
23252,1362550000,1362570458,20458
23253,1362600000,1362620458,20458
23254,1362650000,1362670458,20458
23255,1362700000,1362720458,20458
23256,1362750000,1362770458,20458
23257,1362800000,1362820458,20458
23258,1362850000,1362870458,20458
23259,1362900000,1362920458,20458
23260,1362950000,1362970458,20458
23261,1363000000,1363020458,20458
23262,1363050000,1363070458,20458
23263,1363100000,1363120458,20458
23264,1363150000,1363170458,20458
23265,1363200000,1363220458,20458
23266,1363250000,1363270458,20458
23267,1363300000,1363320458,20458
23268,1363350000,1363370458,20458
23269,1363400000,1363420458,20458
23270,1363450000,1363470458,20458
23271,1363500000,1363520458,20458
23272,1363550000,1363570458,20458
23273,1363600000,1363620458,20458
23274,1363650000,1363670458,20458
23275,1363700000,1363720458,20458
23276,1363750000,1363770458,20458
23277,1363800000,1363820458,20458
23278,1363850000,1363870458,20458
23279,1363900000,1363920458,20458
23280,1363950000,1363970458,20458
23281,1364000000,1364020458,20458
23282,1364050000,1364070458,20458
23283,1364100000,1364120458,20458
23284,1364150000,1364170458,20458
23285,1364200000,1364220458,20458
23286,1364250000,1364270458,20458
23287,1364300000,1364320458,20458
23288,1364350000,1364370458,20458
23289,1364400000,1364420458,20458
23290,1364450000,1364470458,20458
23291,1364500000,1364520458,20458
23292,1364550000,1364570458,20458
23293,1364600000,1364620458,20458
23294,1364650000,1364670458,20458
23295,1364700000,1364720458,20458
23296,1364750000,1364770458,20458
23297,1364800000,1364820458,20458
23298,1364850000,1364870458,20458
23299,1364900000,1364920458,20458
23300,1364950000,1364970458,20458
23301,1365000000,1365020458,20458
23302,1365050000,1365070458,20458
23303,1365100000,1365120458,20458
23304,1365150000,1365170458,20458
23305,1365200000,1365220458,20458
23306,1365250000,1365270458,20458
23307,1365300000,1365320458,20458
23308,1365350000,1365370458,20458
23309,1365400000,1365420458,20458
23310,1365450000,1365470458,20458
23311,1365500000,1365520458,20458
23312,1365550000,1365570458,20458
23313,1365600000,1365620458,20458
23314,1365650000,1365670458,20458
23315,1365700000,1365720458,20458
23316,1365750000,1365770458,20458
23317,1365800000,1365820458,20458
23318,1365850000,1365870458,20458
23319,1365900000,1365920458,20458
23320,1365950000,1365970458,20458
23321,1366000000,1366020458,20458
23322,1366050000,1366070458,20458
23323,1366100000,1366120458,20458
23324,1366150000,1366170458,20458
23325,1366200000,1366220458,20458
23326,1366250000,1366270458,20458
23327,1366300000,1366320458,20458
23328,1366350000,1366370458,20458
23329,1366400000,1366420458,20458
23330,1366450000,1366470458,20458
23331,1366500000,1366520458,20458
23332,1366550000,1366570458,20458
23333,1366600000,1366620458,20458
23334,1366650000,1366670458,20458
23335,1366700000,1366720458,20458
23336,1366750000,1366770458,20458
23337,1366800000,1366820458,20458
23338,1366850000,1366870458,20458
23339,1366900000,1366920458,20458
23340,1366950000,1366970458,20458
23341,1367000000,1367020458,20458
23342,1367050000,1367070458,20458
23343,1367100000,1367120458,20458
23344,1367150000,1367170458,20458
23345,1367200000,1367220458,20458
23346,1367250000,1367270458,20458
23347,1367300000,1367320458,20458
23348,1367350000,1367370458,20458
23349,1367400000,1367420458,20458
23350,1367450000,1367470458,20458
23351,1367500000,1367520458,20458
23352,1367550000,1367570458,20458
23353,1367600000,1367620458,20458
23354,1367650000,1367670458,20458
23355,1367700000,1367720458,20458
23356,1367750000,1367770458,20458
23357,1367800000,1367820458,20458
23358,1367850000,1367870458,20458
23359,1367900000,1367920458,20458
23360,1367950000,1367970458,20458
23361,1368000000,1368020458,20458
23362,1368050000,1368070458,20458
23363,1368100000,1368120458,20458
23364,1368150000,1368170458,20458
23365,1368200000,1368220458,20458
23366,1368250000,1368270458,20458
23367,1368300000,1368320458,20458
23368,1368350000,1368370458,20458
23369,1368400000,1368420458,20458
23370,1368450000,1368470458,20458
23371,1368500000,1368520458,20458
23372,1368550000,1368570458,20458
23373,1368600000,1368620458,20458
23374,1368650000,1368670458,20458
23375,1368700000,1368720458,20458
23376,1368750000,1368770458,20458
23377,1368800000,1368820458,20458
23378,1368850000,1368870458,20458
23379,1368900000,1368920458,20458
23380,1368950000,1368970458,20458
23381,1369000000,1369020458,20458
23382,1369050000,1369070458,20458
23383,1369100000,1369120458,20458
23384,1369150000,1369170458,20458
23385,1369200000,1369220458,20458
23386,1369250000,1369270458,20458
23387,1369300000,1369320458,20458
23388,1369350000,1369370458,20458
23389,1369400000,1369420458,20458
23390,1369450000,1369470458,20458
23391,1369500000,1369520458,20458
23392,1369550000,1369570458,20458
23393,1369600000,1369620458,20458
23394,1369650000,1369670458,20458
23395,1369700000,1369720458,20458
23396,1369750000,1369770458,20458
23397,1369800000,1369820458,20458
23398,1369850000,1369870458,20458
23399,1369900000,1369920458,20458
23400,1369950000,1369970458,20458
23401,1370000000,1370020458,20458
23402,1370050000,1370070458,20458
23403,1370100000,1370120458,20458
23404,1370150000,1370170458,20458
23405,1370200000,1370220458,20458
23406,1370250000,1370270458,20458
23407,1370300000,1370320458,20458
23408,1370350000,1370370458,20458
23409,1370400000,1370420458,20458
23410,1370450000,1370470458,20458
23411,1370500000,1370520458,20458
23412,1370550000,1370570458,20458
23413,1370600000,1370620458,20458
23414,1370650000,1370670458,20458
23415,1370700000,1370720458,20458
23416,1370750000,1370770458,20458
23417,1370800000,1370820458,20458
23418,1370850000,1370870458,20458
23419,1370900000,1370920458,20458
23420,1370950000,1370970458,20458
23421,1371000000,1371020458,20458
23422,1371050000,1371070458,20458
23423,1371100000,1371120458,20458
23424,1371150000,1371170458,20458
23425,1371200000,1371220458,20458
23426,1371250000,1371270458,20458
23427,1371300000,1371320458,20458
23428,1371350000,1371370458,20458
23429,1371400000,1371420458,20458
23430,1371450000,1371470458,20458
23431,1371500000,1371520458,20458
23432,1371550000,1371570458,20458
23433,1371600000,1371620458,20458
23434,1371650000,1371670458,20458
23435,1371700000,1371720458,20458
23436,1371750000,1371770458,20458
23437,1371800000,1371820458,20458
23438,1371850000,1371870458,20458
23439,1371900000,1371920458,20458
23440,1371950000,1371970458,20458
23441,1372000000,1372020458,20458
23442,1372050000,1372070458,20458
23443,1372100000,1372120458,20458
23444,1372150000,1372170458,20458
23445,1372200000,1372220458,20458
23446,1372250000,1372270458,20458
23447,1372300000,1372320458,20458
23448,1372350000,1372370458,20458
23449,1372400000,1372420458,20458
23450,1372450000,1372470458,20458
23451,1372500000,1372520458,20458
23452,1372550000,1372570458,20458
23453,1372600000,1372620458,20458
23454,1372650000,1372670458,20458
23455,1372700000,1372720458,20458
23456,1372750000,1372770458,20458
23457,1372800000,1372820458,20458
23458,1372850000,1372870458,20458
23459,1372900000,1372920458,20458
23460,1372950000,1372970458,20458
23461,1373000000,1373020458,20458
23462,1373050000,1373070458,20458
23463,1373100000,1373120458,20458
23464,1373150000,1373170458,20458
23465,1373200000,1373220458,20458
23466,1373250000,1373270458,20458
23467,1373300000,1373320458,20458
23468,1373350000,1373370458,20458
23469,1373400000,1373420458,20458
23470,1373450000,1373470458,20458
23471,1373500000,1373520458,20458
23472,1373550000,1373570458,20458
23473,1373600000,1373620458,20458
23474,1373650000,1373670458,20458
23475,1373700000,1373720458,20458
23476,1373750000,1373770458,20458
23477,1373800000,1373820458,20458
23478,1373850000,1373870458,20458
23479,1373900000,1373920458,20458
23480,1373950000,1373970458,20458
23481,1374000000,1374020458,20458
23482,1374050000,1374070458,20458
23483,1374100000,1374120458,20458
23484,1374150000,1374170458,20458
23485,1374200000,1374220458,20458
23486,1374250000,1374270458,20458
23487,1374300000,1374320458,20458
23488,1374350000,1374370458,20458
23489,1374400000,1374420458,20458
23490,1374450000,1374470458,20458
23491,1374500000,1374520458,20458
23492,1374550000,1374570458,20458
23493,1374600000,1374620458,20458
23494,1374650000,1374670458,20458
23495,1374700000,1374720458,20458
23496,1374750000,1374770458,20458
23497,1374800000,1374820458,20458
23498,1374850000,1374870458,20458
23499,1374900000,1374920458,20458
23500,1374950000,1374970458,20458
23501,1375000000,1375020458,20458
23502,1375050000,1375070458,20458
23503,1375100000,1375120458,20458
23504,1375150000,1375170458,20458
23505,1375200000,1375220458,20458
23506,1375250000,1375270458,20458
23507,1375300000,1375320458,20458
23508,1375350000,1375370458,20458
23509,1375400000,1375420458,20458
23510,1375450000,1375470458,20458
23511,1375500000,1375520458,20458
23512,1375550000,1375570458,20458
23513,1375600000,1375620458,20458
23514,1375650000,1375670458,20458
23515,1375700000,1375720458,20458
23516,1375750000,1375770458,20458
23517,1375800000,1375820458,20458
23518,1375850000,1375870458,20458
23519,1375900000,1375920458,20458
23520,1375950000,1375970458,20458
23521,1376000000,1376020458,20458
23522,1376050000,1376070458,20458
23523,1376100000,1376120458,20458
23524,1376150000,1376170458,20458
23525,1376200000,1376220458,20458
23526,1376250000,1376270458,20458
23527,1376300000,1376320458,20458
23528,1376350000,1376370458,20458
23529,1376400000,1376420458,20458
23530,1376450000,1376470458,20458
23531,1376500000,1376520458,20458
23532,1376550000,1376570458,20458
23533,1376600000,1376620458,20458
23534,1376650000,1376670458,20458
23535,1376700000,1376720458,20458
23536,1376750000,1376770458,20458
23537,1376800000,1376820458,20458
23538,1376850000,1376870458,20458
23539,1376900000,1376920458,20458
23540,1376950000,1376970458,20458
23541,1377000000,1377020458,20458
23542,1377050000,1377070458,20458
23543,1377100000,1377120458,20458
23544,1377150000,1377170458,20458
23545,1377200000,1377220458,20458
23546,1377250000,1377270458,20458
23547,1377300000,1377320458,20458
23548,1377350000,1377370458,20458
23549,1377400000,1377420458,20458
23550,1377450000,1377470458,20458
23551,1377500000,1377520458,20458
23552,1377550000,1377570458,20458
23553,1377600000,1377620458,20458
23554,1377650000,1377670458,20458
23555,1377700000,1377720458,20458
23556,1377750000,1377770458,20458
23557,1377800000,1377820458,20458
23558,1377850000,1377870458,20458
23559,1377900000,1377920458,20458
23560,1377950000,1377970458,20458
23561,1378000000,1378020458,20458
23562,1378050000,1378070458,20458
23563,1378100000,1378120458,20458
23564,1378150000,1378170458,20458
23565,1378200000,1378220458,20458
23566,1378250000,1378270458,20458
23567,1378300000,1378320458,20458
23568,1378350000,1378370458,20458
23569,1378400000,1378420458,20458
23570,1378450000,1378470458,20458
23571,1378500000,1378520458,20458
23572,1378550000,1378570458,20458
23573,1378600000,1378620458,20458
23574,1378650000,1378670458,20458
23575,1378700000,1378720458,20458
23576,1378750000,1378770458,20458
23577,1378800000,1378820458,20458
23578,1378850000,1378870458,20458
23579,1378900000,1378920458,20458
23580,1378950000,1378970458,20458
23581,1379000000,1379020458,20458
23582,1379050000,1379070458,20458
23583,1379100000,1379120458,20458
23584,1379150000,1379170458,20458
23585,1379200000,1379220458,20458
23586,1379250000,1379270458,20458
23587,1379300000,1379320458,20458
23588,1379350000,1379370458,20458
23589,1379400000,1379420458,20458
23590,1379450000,1379470458,20458
23591,1379500000,1379520458,20458
23592,1379550000,1379570458,20458
23593,1379600000,1379620458,20458
23594,1379650000,1379670458,20458
23595,1379700000,1379720458,20458
23596,1379750000,1379770458,20458
23597,1379800000,1379820458,20458
23598,1379850000,1379870458,20458
23599,1379900000,1379920458,20458
23600,1379950000,1379970458,20458
23601,1380000000,1380020458,20458
23602,1380050000,1380070458,20458
23603,1380100000,1380120458,20458
23604,1380150000,1380170458,20458
23605,1380200000,1380220458,20458
23606,1380250000,1380270458,20458
23607,1380300000,1380320458,20458
23608,1380350000,1380370458,20458
23609,1380400000,1380420458,20458
23610,1380450000,1380470458,20458
23611,1380500000,1380520458,20458
23612,1380550000,1380570458,20458
23613,1380600000,1380620458,20458
23614,1380650000,1380670458,20458
23615,1380700000,1380720458,20458
23616,1380750000,1380770458,20458
23617,1380800000,1380820458,20458
23618,1380850000,1380870458,20458
23619,1380900000,1380920458,20458
23620,1380950000,1380970458,20458
23621,1381000000,1381020458,20458
23622,1381050000,1381070458,20458
23623,1381100000,1381120458,20458
23624,1381150000,1381170458,20458
23625,1381200000,1381220458,20458
23626,1381250000,1381270458,20458
23627,1381300000,1381320458,20458
23628,1381350000,1381370458,20458
23629,1381400000,1381420458,20458
23630,1381450000,1381470458,20458
23631,1381500000,1381520458,20458
23632,1381550000,1381570458,20458
23633,1381600000,1381620458,20458
23634,1381650000,1381670458,20458
23635,1381700000,1381720458,20458
23636,1381750000,1381770458,20458
23637,1381800000,1381820458,20458
23638,1381850000,1381870458,20458
23639,1381900000,1381920458,20458
23640,1381950000,1381970458,20458
23641,1382000000,1382020458,20458
23642,1382050000,1382070458,20458
23643,1382100000,1382120458,20458
23644,1382150000,1382170458,20458
23645,1382200000,1382220458,20458
23646,1382250000,1382270458,20458
23647,1382300000,1382320458,20458
23648,1382350000,1382370458,20458
23649,1382400000,1382420458,20458
23650,1382450000,1382470458,20458
23651,1382500000,1382520458,20458
23652,1382550000,1382570458,20458
23653,1382600000,1382620458,20458
23654,1382650000,1382670458,20458
23655,1382700000,1382720458,20458
23656,1382750000,1382770458,20458
23657,1382800000,1382820458,20458
23658,1382850000,1382870458,20458
23659,1382900000,1382920458,20458
23660,1382950000,1382970458,20458
23661,1383000000,1383020458,20458
23662,1383050000,1383070458,20458
23663,1383100000,1383120458,20458
23664,1383150000,1383170458,20458
23665,1383200000,1383220458,20458
23666,1383250000,1383270458,20458
23667,1383300000,1383320458,20458
23668,1383350000,1383370458,20458
23669,1383400000,1383420458,20458
23670,1383450000,1383470458,20458
23671,1383500000,1383520458,20458
23672,1383550000,1383570458,20458
23673,1383600000,1383620458,20458
23674,1383650000,1383670458,20458
23675,1383700000,1383720458,20458
23676,1383750000,1383770458,20458
23677,1383800000,1383820458,20458
23678,1383850000,1383870458,20458
23679,1383900000,1383920458,20458
23680,1383950000,1383970458,20458
23681,1384000000,1384020458,20458
23682,1384050000,1384070458,20458
23683,1384100000,1384120458,20458
23684,1384150000,1384170458,20458
23685,1384200000,1384220458,20458
23686,1384250000,1384270458,20458
23687,1384300000,1384320458,20458
23688,1384350000,1384370458,20458
23689,1384400000,1384420458,20458
23690,1384450000,1384470458,20458
23691,1384500000,1384520458,20458
23692,1384550000,1384570458,20458
23693,1384600000,1384620458,20458
23694,1384650000,1384670458,20458
23695,1384700000,1384720458,20458
23696,1384750000,1384770458,20458
23697,1384800000,1384820458,20458
23698,1384850000,1384870458,20458
23699,1384900000,1384920458,20458
23700,1384950000,1384970458,20458
23701,1385000000,1385020458,20458
23702,1385050000,1385070458,20458
23703,1385100000,1385120458,20458
23704,1385150000,1385170458,20458
23705,1385200000,1385220458,20458
23706,1385250000,1385270458,20458
23707,1385300000,1385320458,20458
23708,1385350000,1385370458,20458
23709,1385400000,1385420458,20458
23710,1385450000,1385470458,20458
23711,1385500000,1385520458,20458
23712,1385550000,1385570458,20458
23713,1385600000,1385620458,20458
23714,1385650000,1385670458,20458
23715,1385700000,1385720458,20458
23716,1385750000,1385770458,20458
23717,1385800000,1385820458,20458
23718,1385850000,1385870458,20458
23719,1385900000,1385920458,20458
23720,1385950000,1385970458,20458
23721,1386000000,1386020458,20458
23722,1386050000,1386070458,20458
23723,1386100000,1386120458,20458
23724,1386150000,1386170458,20458
23725,1386200000,1386220458,20458
23726,1386250000,1386270458,20458
23727,1386300000,1386320458,20458
23728,1386350000,1386370458,20458
23729,1386400000,1386420458,20458
23730,1386450000,1386470458,20458
23731,1386500000,1386520458,20458
23732,1386550000,1386570458,20458
23733,1386600000,1386620458,20458
23734,1386650000,1386670458,20458
23735,1386700000,1386720458,20458
23736,1386750000,1386770458,20458
23737,1386800000,1386820458,20458
23738,1386850000,1386870458,20458
23739,1386900000,1386920458,20458
23740,1386950000,1386970458,20458
23741,1387000000,1387020458,20458
23742,1387050000,1387070458,20458
23743,1387100000,1387120458,20458
23744,1387150000,1387170458,20458
23745,1387200000,1387220458,20458
23746,1387250000,1387270458,20458
23747,1387300000,1387320458,20458
23748,1387350000,1387370458,20458
23749,1387400000,1387420458,20458
23750,1387450000,1387470458,20458
23751,1387500000,1387520458,20458
23752,1387550000,1387570458,20458
23753,1387600000,1387620458,20458
23754,1387650000,1387670458,20458
23755,1387700000,1387720458,20458
23756,1387750000,1387770458,20458
23757,1387800000,1387820458,20458
23758,1387850000,1387870458,20458
23759,1387900000,1387920458,20458
23760,1387950000,1387970458,20458
23761,1388000000,1388020458,20458
23762,1388050000,1388070458,20458
23763,1388100000,1388120458,20458
23764,1388150000,1388170458,20458
23765,1388200000,1388220458,20458
23766,1388250000,1388270458,20458
23767,1388300000,1388320458,20458
23768,1388350000,1388370458,20458
23769,1388400000,1388420458,20458
23770,1388450000,1388470458,20458
23771,1388500000,1388520458,20458
23772,1388550000,1388570458,20458
23773,1388600000,1388620458,20458
23774,1388650000,1388670458,20458
23775,1388700000,1388720458,20458
23776,1388750000,1388770458,20458
23777,1388800000,1388820458,20458
23778,1388850000,1388870458,20458
23779,1388900000,1388920458,20458
23780,1388950000,1388970458,20458
23781,1389000000,1389020458,20458
23782,1389050000,1389070458,20458
23783,1389100000,1389120458,20458
23784,1389150000,1389170458,20458
23785,1389200000,1389220458,20458
23786,1389250000,1389270458,20458
23787,1389300000,1389320458,20458
23788,1389350000,1389370458,20458
23789,1389400000,1389420458,20458
23790,1389450000,1389470458,20458
23791,1389500000,1389520458,20458
23792,1389550000,1389570458,20458
23793,1389600000,1389620458,20458
23794,1389650000,1389670458,20458
23795,1389700000,1389720458,20458
23796,1389750000,1389770458,20458
23797,1389800000,1389820458,20458
23798,1389850000,1389870458,20458
23799,1389900000,1389920458,20458
23800,1389950000,1389970458,20458
23801,1390000000,1390020458,20458
23802,1390050000,1390070458,20458
23803,1390100000,1390120458,20458
23804,1390150000,1390170458,20458
23805,1390200000,1390220458,20458
23806,1390250000,1390270458,20458
23807,1390300000,1390320458,20458
23808,1390350000,1390370458,20458
23809,1390400000,1390420458,20458
23810,1390450000,1390470458,20458
23811,1390500000,1390520458,20458
23812,1390550000,1390570458,20458
23813,1390600000,1390620458,20458
23814,1390650000,1390670458,20458
23815,1390700000,1390720458,20458
23816,1390750000,1390770458,20458
23817,1390800000,1390820458,20458
23818,1390850000,1390870458,20458
23819,1390900000,1390920458,20458
23820,1390950000,1390970458,20458
23821,1391000000,1391020458,20458
23822,1391050000,1391070458,20458
23823,1391100000,1391120458,20458
23824,1391150000,1391170458,20458
23825,1391200000,1391220458,20458
23826,1391250000,1391270458,20458
23827,1391300000,1391320458,20458
23828,1391350000,1391370458,20458
23829,1391400000,1391420458,20458
23830,1391450000,1391470458,20458
23831,1391500000,1391520458,20458
23832,1391550000,1391570458,20458
23833,1391600000,1391620458,20458
23834,1391650000,1391670458,20458
23835,1391700000,1391720458,20458
23836,1391750000,1391770458,20458
23837,1391800000,1391820458,20458
23838,1391850000,1391870458,20458
23839,1391900000,1391920458,20458
23840,1391950000,1391970458,20458
23841,1392000000,1392020458,20458
23842,1392050000,1392070458,20458
23843,1392100000,1392120458,20458
23844,1392150000,1392170458,20458
23845,1392200000,1392220458,20458
23846,1392250000,1392270458,20458
23847,1392300000,1392320458,20458
23848,1392350000,1392370458,20458
23849,1392400000,1392420458,20458
23850,1392450000,1392470458,20458
23851,1392500000,1392520458,20458
23852,1392550000,1392570458,20458
23853,1392600000,1392620458,20458
23854,1392650000,1392670458,20458
23855,1392700000,1392720458,20458
23856,1392750000,1392770458,20458
23857,1392800000,1392820458,20458
23858,1392850000,1392870458,20458
23859,1392900000,1392920458,20458
23860,1392950000,1392970458,20458
23861,1393000000,1393020458,20458
23862,1393050000,1393070458,20458
23863,1393100000,1393120458,20458
23864,1393150000,1393170458,20458
23865,1393200000,1393220458,20458
23866,1393250000,1393270458,20458
23867,1393300000,1393320458,20458
23868,1393350000,1393370458,20458
23869,1393400000,1393420458,20458
23870,1393450000,1393470458,20458
23871,1393500000,1393520458,20458
23872,1393550000,1393570458,20458
23873,1393600000,1393620458,20458
23874,1393650000,1393670458,20458
23875,1393700000,1393720458,20458
23876,1393750000,1393770458,20458
23877,1393800000,1393820458,20458
23878,1393850000,1393870458,20458
23879,1393900000,1393920458,20458
23880,1393950000,1393970458,20458
23881,1394000000,1394020458,20458
23882,1394050000,1394070458,20458
23883,1394100000,1394120458,20458
23884,1394150000,1394170458,20458
23885,1394200000,1394220458,20458
23886,1394250000,1394270458,20458
23887,1394300000,1394320458,20458
23888,1394350000,1394370458,20458
23889,1394400000,1394420458,20458
23890,1394450000,1394470458,20458
23891,1394500000,1394520458,20458
23892,1394550000,1394570458,20458
23893,1394600000,1394620458,20458
23894,1394650000,1394670458,20458
23895,1394700000,1394720458,20458
23896,1394750000,1394770458,20458
23897,1394800000,1394820458,20458
23898,1394850000,1394870458,20458
23899,1394900000,1394920458,20458
23900,1394950000,1394970458,20458
23901,1395000000,1395020458,20458
23902,1395050000,1395070458,20458
23903,1395100000,1395120458,20458
23904,1395150000,1395170458,20458
23905,1395200000,1395220458,20458
23906,1395250000,1395270458,20458
23907,1395300000,1395320458,20458
23908,1395350000,1395370458,20458
23909,1395400000,1395420458,20458
23910,1395450000,1395470458,20458
23911,1395500000,1395520458,20458
23912,1395550000,1395570458,20458
23913,1395600000,1395620458,20458
23914,1395650000,1395670458,20458
23915,1395700000,1395720458,20458
23916,1395750000,1395770458,20458
23917,1395800000,1395820458,20458
23918,1395850000,1395870458,20458
23919,1395900000,1395920458,20458
23920,1395950000,1395970458,20458
23921,1396000000,1396020458,20458
23922,1396050000,1396070458,20458
23923,1396100000,1396120458,20458
23924,1396150000,1396170458,20458
23925,1396200000,1396220458,20458
23926,1396250000,1396270458,20458
23927,1396300000,1396320458,20458
23928,1396350000,1396370458,20458
23929,1396400000,1396420458,20458
23930,1396450000,1396470458,20458
23931,1396500000,1396520458,20458
23932,1396550000,1396570458,20458
23933,1396600000,1396620458,20458
23934,1396650000,1396670458,20458
23935,1396700000,1396720458,20458
23936,1396750000,1396770458,20458
23937,1396800000,1396820458,20458
23938,1396850000,1396870458,20458
23939,1396900000,1396920458,20458
23940,1396950000,1396970458,20458
23941,1397000000,1397020458,20458
23942,1397050000,1397070458,20458
23943,1397100000,1397120458,20458
23944,1397150000,1397170458,20458
23945,1397200000,1397220458,20458
23946,1397250000,1397270458,20458
23947,1397300000,1397320458,20458
23948,1397350000,1397370458,20458
23949,1397400000,1397420458,20458
23950,1397450000,1397470458,20458
23951,1397500000,1397520458,20458
23952,1397550000,1397570458,20458
23953,1397600000,1397620458,20458
23954,1397650000,1397670458,20458
23955,1397700000,1397720458,20458
23956,1397750000,1397770458,20458
23957,1397800000,1397820458,20458
23958,1397850000,1397870458,20458
23959,1397900000,1397920458,20458
23960,1397950000,1397970458,20458
23961,1398000000,1398020458,20458
23962,1398050000,1398070458,20458
23963,1398100000,1398120458,20458
23964,1398150000,1398170458,20458
23965,1398200000,1398220458,20458
23966,1398250000,1398270458,20458
23967,1398300000,1398320458,20458
23968,1398350000,1398370458,20458
23969,1398400000,1398420458,20458
23970,1398450000,1398470458,20458
23971,1398500000,1398520458,20458
23972,1398550000,1398570458,20458
23973,1398600000,1398620458,20458
23974,1398650000,1398670458,20458
23975,1398700000,1398720458,20458
23976,1398750000,1398770458,20458
23977,1398800000,1398820458,20458
23978,1398850000,1398870458,20458
23979,1398900000,1398920458,20458
23980,1398950000,1398970458,20458
23981,1399000000,1399020458,20458
23982,1399050000,1399070458,20458
23983,1399100000,1399120458,20458
23984,1399150000,1399170458,20458
23985,1399200000,1399220458,20458
23986,1399250000,1399270458,20458
23987,1399300000,1399320458,20458
23988,1399350000,1399370458,20458
23989,1399400000,1399420458,20458
23990,1399450000,1399470458,20458
23991,1399500000,1399520458,20458
23992,1399550000,1399570458,20458
23993,1399600000,1399620458,20458
23994,1399650000,1399670458,20458
23995,1399700000,1399720458,20458
23996,1399750000,1399770458,20458
23997,1399800000,1399820458,20458
23998,1399850000,1399870458,20458
23999,1399900000,1399920458,20458
24000,1399950000,1399970458,20458
24001,1400000000,1400020458,20458
24002,1400050000,1400070458,20458
24003,1400100000,1400120458,20458
24004,1400150000,1400170458,20458
24005,1400200000,1400220458,20458
24006,1400250000,1400270458,20458
24007,1400300000,1400320458,20458
24008,1400350000,1400370458,20458
24009,1400400000,1400420458,20458
24010,1400450000,1400470458,20458
24011,1400500000,1400520458,20458
24012,1400550000,1400570458,20458
24013,1400600000,1400620458,20458
24014,1400650000,1400670458,20458
24015,1400700000,1400720458,20458
24016,1400750000,1400770458,20458
24017,1400800000,1400820458,20458
24018,1400850000,1400870458,20458
24019,1400900000,1400920458,20458
24020,1400950000,1400970458,20458
24021,1401000000,1401020458,20458
24022,1401050000,1401070458,20458
24023,1401100000,1401120458,20458
24024,1401150000,1401170458,20458
24025,1401200000,1401220458,20458
24026,1401250000,1401270458,20458
24027,1401300000,1401320458,20458
24028,1401350000,1401370458,20458
24029,1401400000,1401420458,20458
24030,1401450000,1401470458,20458
24031,1401500000,1401520458,20458
24032,1401550000,1401570458,20458
24033,1401600000,1401620458,20458
24034,1401650000,1401670458,20458
24035,1401700000,1401720458,20458
24036,1401750000,1401770458,20458
24037,1401800000,1401820458,20458
24038,1401850000,1401870458,20458
24039,1401900000,1401920458,20458
24040,1401950000,1401970458,20458
24041,1402000000,1402020458,20458
24042,1402050000,1402070458,20458
24043,1402100000,1402120458,20458
24044,1402150000,1402170458,20458
24045,1402200000,1402220458,20458
24046,1402250000,1402270458,20458
24047,1402300000,1402320458,20458
24048,1402350000,1402370458,20458
24049,1402400000,1402420458,20458
24050,1402450000,1402470458,20458
24051,1402500000,1402520458,20458
24052,1402550000,1402570458,20458
24053,1402600000,1402620458,20458
24054,1402650000,1402670458,20458
24055,1402700000,1402720458,20458
24056,1402750000,1402770458,20458
24057,1402800000,1402820458,20458
24058,1402850000,1402870458,20458
24059,1402900000,1402920458,20458
24060,1402950000,1402970458,20458
24061,1403000000,1403020458,20458
24062,1403050000,1403070458,20458
24063,1403100000,1403120458,20458
24064,1403150000,1403170458,20458
24065,1403200000,1403220458,20458
24066,1403250000,1403270458,20458
24067,1403300000,1403320458,20458
24068,1403350000,1403370458,20458
24069,1403400000,1403420458,20458
24070,1403450000,1403470458,20458
24071,1403500000,1403520458,20458
24072,1403550000,1403570458,20458
24073,1403600000,1403620458,20458
24074,1403650000,1403670458,20458
24075,1403700000,1403720458,20458
24076,1403750000,1403770458,20458
24077,1403800000,1403820458,20458
24078,1403850000,1403870458,20458
24079,1403900000,1403920458,20458
24080,1403950000,1403970458,20458
24081,1404000000,1404020458,20458
24082,1404050000,1404070458,20458
24083,1404100000,1404120458,20458
24084,1404150000,1404170458,20458
24085,1404200000,1404220458,20458
24086,1404250000,1404270458,20458
24087,1404300000,1404320458,20458
24088,1404350000,1404370458,20458
24089,1404400000,1404420458,20458
24090,1404450000,1404470458,20458
24091,1404500000,1404520458,20458
24092,1404550000,1404570458,20458
24093,1404600000,1404620458,20458
24094,1404650000,1404670458,20458
24095,1404700000,1404720458,20458
24096,1404750000,1404770458,20458
24097,1404800000,1404820458,20458
24098,1404850000,1404870458,20458
24099,1404900000,1404920458,20458
24100,1404950000,1404970458,20458
24101,1405000000,1405020458,20458
24102,1405050000,1405070458,20458
24103,1405100000,1405120458,20458
24104,1405150000,1405170458,20458
24105,1405200000,1405220458,20458
24106,1405250000,1405270458,20458
24107,1405300000,1405320458,20458
24108,1405350000,1405370458,20458
24109,1405400000,1405420458,20458
24110,1405450000,1405470458,20458
24111,1405500000,1405520458,20458
24112,1405550000,1405570458,20458
24113,1405600000,1405620458,20458
24114,1405650000,1405670458,20458
24115,1405700000,1405720458,20458
24116,1405750000,1405770458,20458
24117,1405800000,1405820458,20458
24118,1405850000,1405870458,20458
24119,1405900000,1405920458,20458
24120,1405950000,1405970458,20458
24121,1406000000,1406020458,20458
24122,1406050000,1406070458,20458
24123,1406100000,1406120458,20458
24124,1406150000,1406170458,20458
24125,1406200000,1406220458,20458
24126,1406250000,1406270458,20458
24127,1406300000,1406320458,20458
24128,1406350000,1406370458,20458
24129,1406400000,1406420458,20458
24130,1406450000,1406470458,20458
24131,1406500000,1406520458,20458
24132,1406550000,1406570458,20458
24133,1406600000,1406620458,20458
24134,1406650000,1406670458,20458
24135,1406700000,1406720458,20458
24136,1406750000,1406770458,20458
24137,1406800000,1406820458,20458
24138,1406850000,1406870458,20458
24139,1406900000,1406920458,20458
24140,1406950000,1406970458,20458
24141,1407000000,1407020458,20458
24142,1407050000,1407070458,20458
24143,1407100000,1407120458,20458
24144,1407150000,1407170458,20458
24145,1407200000,1407220458,20458
24146,1407250000,1407270458,20458
24147,1407300000,1407320458,20458
24148,1407350000,1407370458,20458
24149,1407400000,1407420458,20458
24150,1407450000,1407470458,20458
24151,1407500000,1407520458,20458
24152,1407550000,1407570458,20458
24153,1407600000,1407620458,20458
24154,1407650000,1407670458,20458
24155,1407700000,1407720458,20458
24156,1407750000,1407770458,20458
24157,1407800000,1407820458,20458
24158,1407850000,1407870458,20458
24159,1407900000,1407920458,20458
24160,1407950000,1407970458,20458
24161,1408000000,1408020458,20458
24162,1408050000,1408070458,20458
24163,1408100000,1408120458,20458
24164,1408150000,1408170458,20458
24165,1408200000,1408220458,20458
24166,1408250000,1408270458,20458
24167,1408300000,1408320458,20458
24168,1408350000,1408370458,20458
24169,1408400000,1408420458,20458
24170,1408450000,1408470458,20458
24171,1408500000,1408520458,20458
24172,1408550000,1408570458,20458
24173,1408600000,1408620458,20458
24174,1408650000,1408670458,20458
24175,1408700000,1408720458,20458
24176,1408750000,1408770458,20458
24177,1408800000,1408820458,20458
24178,1408850000,1408870458,20458
24179,1408900000,1408920458,20458
24180,1408950000,1408970458,20458
24181,1409000000,1409020458,20458
24182,1409050000,1409070458,20458
24183,1409100000,1409120458,20458
24184,1409150000,1409170458,20458
24185,1409200000,1409220458,20458
24186,1409250000,1409270458,20458
24187,1409300000,1409320458,20458
24188,1409350000,1409370458,20458
24189,1409400000,1409420458,20458
24190,1409450000,1409470458,20458
24191,1409500000,1409520458,20458
24192,1409550000,1409570458,20458
24193,1409600000,1409620458,20458
24194,1409650000,1409670458,20458
24195,1409700000,1409720458,20458
24196,1409750000,1409770458,20458
24197,1409800000,1409820458,20458
24198,1409850000,1409870458,20458
24199,1409900000,1409920458,20458
24200,1409950000,1409970458,20458
24201,1410000000,1410020458,20458
24202,1410050000,1410070458,20458
24203,1410100000,1410120458,20458
24204,1410150000,1410170458,20458
24205,1410200000,1410220458,20458
24206,1410250000,1410270458,20458
24207,1410300000,1410320458,20458
24208,1410350000,1410370458,20458
24209,1410400000,1410420458,20458
24210,1410450000,1410470458,20458
24211,1410500000,1410520458,20458
24212,1410550000,1410570458,20458
24213,1410600000,1410620458,20458
24214,1410650000,1410670458,20458
24215,1410700000,1410720458,20458
24216,1410750000,1410770458,20458
24217,1410800000,1410820458,20458
24218,1410850000,1410870458,20458
24219,1410900000,1410920458,20458
24220,1410950000,1410970458,20458
24221,1411000000,1411020458,20458
24222,1411050000,1411070458,20458
24223,1411100000,1411120458,20458
24224,1411150000,1411170458,20458
24225,1411200000,1411220458,20458
24226,1411250000,1411270458,20458
24227,1411300000,1411320458,20458
24228,1411350000,1411370458,20458
24229,1411400000,1411420458,20458
24230,1411450000,1411470458,20458
24231,1411500000,1411520458,20458
24232,1411550000,1411570458,20458
24233,1411600000,1411620458,20458
24234,1411650000,1411670458,20458
24235,1411700000,1411720458,20458
24236,1411750000,1411770458,20458
24237,1411800000,1411820458,20458
24238,1411850000,1411870458,20458
24239,1411900000,1411920458,20458
24240,1411950000,1411970458,20458
24241,1412000000,1412020458,20458
24242,1412050000,1412070458,20458
24243,1412100000,1412120458,20458
24244,1412150000,1412170458,20458
24245,1412200000,1412220458,20458
24246,1412250000,1412270458,20458
24247,1412300000,1412320458,20458
24248,1412350000,1412370458,20458
24249,1412400000,1412420458,20458
24250,1412450000,1412470458,20458
24251,1412500000,1412520458,20458
24252,1412550000,1412570458,20458
24253,1412600000,1412620458,20458
24254,1412650000,1412670458,20458
24255,1412700000,1412720458,20458
24256,1412750000,1412770458,20458
24257,1412800000,1412820458,20458
24258,1412850000,1412870458,20458
24259,1412900000,1412920458,20458
24260,1412950000,1412970458,20458
24261,1413000000,1413020458,20458
24262,1413050000,1413070458,20458
24263,1413100000,1413120458,20458
24264,1413150000,1413170458,20458
24265,1413200000,1413220458,20458
24266,1413250000,1413270458,20458
24267,1413300000,1413320458,20458
24268,1413350000,1413370458,20458
24269,1413400000,1413420458,20458
24270,1413450000,1413470458,20458
24271,1413500000,1413520458,20458
24272,1413550000,1413570458,20458
24273,1413600000,1413620458,20458
24274,1413650000,1413670458,20458
24275,1413700000,1413720458,20458
24276,1413750000,1413770458,20458
24277,1413800000,1413820458,20458
24278,1413850000,1413870458,20458
24279,1413900000,1413920458,20458
24280,1413950000,1413970458,20458
24281,1414000000,1414020458,20458
24282,1414050000,1414070458,20458
24283,1414100000,1414120458,20458
24284,1414150000,1414170458,20458
24285,1414200000,1414220458,20458
24286,1414250000,1414270458,20458
24287,1414300000,1414320458,20458
24288,1414350000,1414370458,20458
24289,1414400000,1414420458,20458
24290,1414450000,1414470458,20458
24291,1414500000,1414520458,20458
24292,1414550000,1414570458,20458
24293,1414600000,1414620458,20458
24294,1414650000,1414670458,20458
24295,1414700000,1414720458,20458
24296,1414750000,1414770458,20458
24297,1414800000,1414820458,20458
24298,1414850000,1414870458,20458
24299,1414900000,1414920458,20458
24300,1414950000,1414970458,20458
24301,1415000000,1415020458,20458
24302,1415050000,1415070458,20458
24303,1415100000,1415120458,20458
24304,1415150000,1415170458,20458
24305,1415200000,1415220458,20458
24306,1415250000,1415270458,20458
24307,1415300000,1415320458,20458
24308,1415350000,1415370458,20458
24309,1415400000,1415420458,20458
24310,1415450000,1415470458,20458
24311,1415500000,1415520458,20458
24312,1415550000,1415570458,20458
24313,1415600000,1415620458,20458
24314,1415650000,1415670458,20458
24315,1415700000,1415720458,20458
24316,1415750000,1415770458,20458
24317,1415800000,1415820458,20458
24318,1415850000,1415870458,20458
24319,1415900000,1415920458,20458
24320,1415950000,1415970458,20458
24321,1416000000,1416020458,20458
24322,1416050000,1416070458,20458
24323,1416100000,1416120458,20458
24324,1416150000,1416170458,20458
24325,1416200000,1416220458,20458
24326,1416250000,1416270458,20458
24327,1416300000,1416320458,20458
24328,1416350000,1416370458,20458
24329,1416400000,1416420458,20458
24330,1416450000,1416470458,20458
24331,1416500000,1416520458,20458
24332,1416550000,1416570458,20458
24333,1416600000,1416620458,20458
24334,1416650000,1416670458,20458
24335,1416700000,1416720458,20458
24336,1416750000,1416770458,20458
24337,1416800000,1416820458,20458
24338,1416850000,1416870458,20458
24339,1416900000,1416920458,20458
24340,1416950000,1416970458,20458
24341,1417000000,1417020458,20458
24342,1417050000,1417070458,20458
24343,1417100000,1417120458,20458
24344,1417150000,1417170458,20458
24345,1417200000,1417220458,20458
24346,1417250000,1417270458,20458
24347,1417300000,1417320458,20458
24348,1417350000,1417370458,20458
24349,1417400000,1417420458,20458
24350,1417450000,1417470458,20458
24351,1417500000,1417520458,20458
24352,1417550000,1417570458,20458
24353,1417600000,1417620458,20458
24354,1417650000,1417670458,20458
24355,1417700000,1417720458,20458
24356,1417750000,1417770458,20458
24357,1417800000,1417820458,20458
24358,1417850000,1417870458,20458
24359,1417900000,1417920458,20458
24360,1417950000,1417970458,20458
24361,1418000000,1418020458,20458
24362,1418050000,1418070458,20458
24363,1418100000,1418120458,20458
24364,1418150000,1418170458,20458
24365,1418200000,1418220458,20458
24366,1418250000,1418270458,20458
24367,1418300000,1418320458,20458
24368,1418350000,1418370458,20458
24369,1418400000,1418420458,20458
24370,1418450000,1418470458,20458
24371,1418500000,1418520458,20458
24372,1418550000,1418570458,20458
24373,1418600000,1418620458,20458
24374,1418650000,1418670458,20458
24375,1418700000,1418720458,20458
24376,1418750000,1418770458,20458
24377,1418800000,1418820458,20458
24378,1418850000,1418870458,20458
24379,1418900000,1418920458,20458
24380,1418950000,1418970458,20458
24381,1419000000,1419020458,20458
24382,1419050000,1419070458,20458
24383,1419100000,1419120458,20458
24384,1419150000,1419170458,20458
24385,1419200000,1419220458,20458
24386,1419250000,1419270458,20458
24387,1419300000,1419320458,20458
24388,1419350000,1419370458,20458
24389,1419400000,1419420458,20458
24390,1419450000,1419470458,20458
24391,1419500000,1419520458,20458
24392,1419550000,1419570458,20458
24393,1419600000,1419620458,20458
24394,1419650000,1419670458,20458
24395,1419700000,1419720458,20458
24396,1419750000,1419770458,20458
24397,1419800000,1419820458,20458
24398,1419850000,1419870458,20458
24399,1419900000,1419920458,20458
24400,1419950000,1419970458,20458
24401,1420000000,1420020458,20458
24402,1420050000,1420070458,20458
24403,1420100000,1420120458,20458
24404,1420150000,1420170458,20458
24405,1420200000,1420220458,20458
24406,1420250000,1420270458,20458
24407,1420300000,1420320458,20458
24408,1420350000,1420370458,20458
24409,1420400000,1420420458,20458
24410,1420450000,1420470458,20458
24411,1420500000,1420520458,20458
24412,1420550000,1420570458,20458
24413,1420600000,1420620458,20458
24414,1420650000,1420670458,20458
24415,1420700000,1420720458,20458
24416,1420750000,1420770458,20458
24417,1420800000,1420820458,20458
24418,1420850000,1420870458,20458
24419,1420900000,1420920458,20458
24420,1420950000,1420970458,20458
24421,1421000000,1421020458,20458
24422,1421050000,1421070458,20458
24423,1421100000,1421120458,20458
24424,1421150000,1421170458,20458
24425,1421200000,1421220458,20458
24426,1421250000,1421270458,20458
24427,1421300000,1421320458,20458
24428,1421350000,1421370458,20458
24429,1421400000,1421420458,20458
24430,1421450000,1421470458,20458
24431,1421500000,1421520458,20458
24432,1421550000,1421570458,20458
24433,1421600000,1421620458,20458
24434,1421650000,1421670458,20458
24435,1421700000,1421720458,20458
24436,1421750000,1421770458,20458
24437,1421800000,1421820458,20458
24438,1421850000,1421870458,20458
24439,1421900000,1421920458,20458
24440,1421950000,1421970458,20458
24441,1422000000,1422020458,20458
24442,1422050000,1422070458,20458
24443,1422100000,1422120458,20458
24444,1422150000,1422170458,20458
24445,1422200000,1422220458,20458
24446,1422250000,1422270458,20458
24447,1422300000,1422320458,20458
24448,1422350000,1422370458,20458
24449,1422400000,1422420458,20458
24450,1422450000,1422470458,20458
24451,1422500000,1422520458,20458
24452,1422550000,1422570458,20458
24453,1422600000,1422620458,20458
24454,1422650000,1422670458,20458
24455,1422700000,1422720458,20458
24456,1422750000,1422770458,20458
24457,1422800000,1422820458,20458
24458,1422850000,1422870458,20458
24459,1422900000,1422920458,20458
24460,1422950000,1422970458,20458
24461,1423000000,1423020458,20458
24462,1423050000,1423070458,20458
24463,1423100000,1423120458,20458
24464,1423150000,1423170458,20458
24465,1423200000,1423220458,20458
24466,1423250000,1423270458,20458
24467,1423300000,1423320458,20458
24468,1423350000,1423370458,20458
24469,1423400000,1423420458,20458
24470,1423450000,1423470458,20458
24471,1423500000,1423520458,20458
24472,1423550000,1423570458,20458
24473,1423600000,1423620458,20458
24474,1423650000,1423670458,20458
24475,1423700000,1423720458,20458
24476,1423750000,1423770458,20458
24477,1423800000,1423820458,20458
24478,1423850000,1423870458,20458
24479,1423900000,1423920458,20458
24480,1423950000,1423970458,20458
24481,1424000000,1424020458,20458
24482,1424050000,1424070458,20458
24483,1424100000,1424120458,20458
24484,1424150000,1424170458,20458
24485,1424200000,1424220458,20458
24486,1424250000,1424270458,20458
24487,1424300000,1424320458,20458
24488,1424350000,1424370458,20458
24489,1424400000,1424420458,20458
24490,1424450000,1424470458,20458
24491,1424500000,1424520458,20458
24492,1424550000,1424570458,20458
24493,1424600000,1424620458,20458
24494,1424650000,1424670458,20458
24495,1424700000,1424720458,20458
24496,1424750000,1424770458,20458
24497,1424800000,1424820458,20458
24498,1424850000,1424870458,20458
24499,1424900000,1424920458,20458
24500,1424950000,1424970458,20458
24501,1425000000,1425020458,20458
24502,1425050000,1425070458,20458
24503,1425100000,1425120458,20458
24504,1425150000,1425170458,20458
24505,1425200000,1425220458,20458
24506,1425250000,1425270458,20458
24507,1425300000,1425320458,20458
24508,1425350000,1425370458,20458
24509,1425400000,1425420458,20458
24510,1425450000,1425470458,20458
24511,1425500000,1425520458,20458
24512,1425550000,1425570458,20458
24513,1425600000,1425620458,20458
24514,1425650000,1425670458,20458
24515,1425700000,1425720458,20458
24516,1425750000,1425770458,20458
24517,1425800000,1425820458,20458
24518,1425850000,1425870458,20458
24519,1425900000,1425920458,20458
24520,1425950000,1425970458,20458
24521,1426000000,1426020458,20458
24522,1426050000,1426070458,20458
24523,1426100000,1426120458,20458
24524,1426150000,1426170458,20458
24525,1426200000,1426220458,20458
24526,1426250000,1426270458,20458
24527,1426300000,1426320458,20458
24528,1426350000,1426370458,20458
24529,1426400000,1426420458,20458
24530,1426450000,1426470458,20458
24531,1426500000,1426520458,20458
24532,1426550000,1426570458,20458
24533,1426600000,1426620458,20458
24534,1426650000,1426670458,20458
24535,1426700000,1426720458,20458
24536,1426750000,1426770458,20458
24537,1426800000,1426820458,20458
24538,1426850000,1426870458,20458
24539,1426900000,1426920458,20458
24540,1426950000,1426970458,20458
24541,1427000000,1427020458,20458
24542,1427050000,1427070458,20458
24543,1427100000,1427120458,20458
24544,1427150000,1427170458,20458
24545,1427200000,1427220458,20458
24546,1427250000,1427270458,20458
24547,1427300000,1427320458,20458
24548,1427350000,1427370458,20458
24549,1427400000,1427420458,20458
24550,1427450000,1427470458,20458
24551,1427500000,1427520458,20458
24552,1427550000,1427570458,20458
24553,1427600000,1427620458,20458
24554,1427650000,1427670458,20458
24555,1427700000,1427720458,20458
24556,1427750000,1427770458,20458
24557,1427800000,1427820458,20458
24558,1427850000,1427870458,20458
24559,1427900000,1427920458,20458
24560,1427950000,1427970458,20458
24561,1428000000,1428020458,20458
24562,1428050000,1428070458,20458
24563,1428100000,1428120458,20458
24564,1428150000,1428170458,20458
24565,1428200000,1428220458,20458
24566,1428250000,1428270458,20458
24567,1428300000,1428320458,20458
24568,1428350000,1428370458,20458
24569,1428400000,1428420458,20458
24570,1428450000,1428470458,20458
24571,1428500000,1428520458,20458
24572,1428550000,1428570458,20458
24573,1428600000,1428620458,20458
24574,1428650000,1428670458,20458
24575,1428700000,1428720458,20458
24576,1428750000,1428770458,20458
24577,1428800000,1428820458,20458
24578,1428850000,1428870458,20458
24579,1428900000,1428920458,20458
24580,1428950000,1428970458,20458
24581,1429000000,1429020458,20458
24582,1429050000,1429070458,20458
24583,1429100000,1429120458,20458
24584,1429150000,1429170458,20458
24585,1429200000,1429220458,20458
24586,1429250000,1429270458,20458
24587,1429300000,1429320458,20458
24588,1429350000,1429370458,20458
24589,1429400000,1429420458,20458
24590,1429450000,1429470458,20458
24591,1429500000,1429520458,20458
24592,1429550000,1429570458,20458
24593,1429600000,1429620458,20458
24594,1429650000,1429670458,20458
24595,1429700000,1429720458,20458
24596,1429750000,1429770458,20458
24597,1429800000,1429820458,20458
24598,1429850000,1429870458,20458
24599,1429900000,1429920458,20458
24600,1429950000,1429970458,20458
24601,1430000000,1430020458,20458
24602,1430050000,1430070458,20458
24603,1430100000,1430120458,20458
24604,1430150000,1430170458,20458
24605,1430200000,1430220458,20458
24606,1430250000,1430270458,20458
24607,1430300000,1430320458,20458
24608,1430350000,1430370458,20458
24609,1430400000,1430420458,20458
24610,1430450000,1430470458,20458
24611,1430500000,1430520458,20458
24612,1430550000,1430570458,20458
24613,1430600000,1430620458,20458
24614,1430650000,1430670458,20458
24615,1430700000,1430720458,20458
24616,1430750000,1430770458,20458
24617,1430800000,1430820458,20458
24618,1430850000,1430870458,20458
24619,1430900000,1430920458,20458
24620,1430950000,1430970458,20458
24621,1431000000,1431020458,20458
24622,1431050000,1431070458,20458
24623,1431100000,1431120458,20458
24624,1431150000,1431170458,20458
24625,1431200000,1431220458,20458
24626,1431250000,1431270458,20458
24627,1431300000,1431320458,20458
24628,1431350000,1431370458,20458
24629,1431400000,1431420458,20458
24630,1431450000,1431470458,20458
24631,1431500000,1431520458,20458
24632,1431550000,1431570458,20458
24633,1431600000,1431620458,20458
24634,1431650000,1431670458,20458
24635,1431700000,1431720458,20458
24636,1431750000,1431770458,20458
24637,1431800000,1431820458,20458
24638,1431850000,1431870458,20458
24639,1431900000,1431920458,20458
24640,1431950000,1431970458,20458
24641,1432000000,1432020458,20458
24642,1432050000,1432070458,20458
24643,1432100000,1432120458,20458
24644,1432150000,1432170458,20458
24645,1432200000,1432220458,20458
24646,1432250000,1432270458,20458
24647,1432300000,1432320458,20458
24648,1432350000,1432370458,20458
24649,1432400000,1432420458,20458
24650,1432450000,1432470458,20458
24651,1432500000,1432520458,20458
24652,1432550000,1432570458,20458
24653,1432600000,1432620458,20458
24654,1432650000,1432670458,20458
24655,1432700000,1432720458,20458
24656,1432750000,1432770458,20458
24657,1432800000,1432820458,20458
24658,1432850000,1432870458,20458
24659,1432900000,1432920458,20458
24660,1432950000,1432970458,20458
24661,1433000000,1433020458,20458
24662,1433050000,1433070458,20458
24663,1433100000,1433120458,20458
24664,1433150000,1433170458,20458
24665,1433200000,1433220458,20458
24666,1433250000,1433270458,20458
24667,1433300000,1433320458,20458
24668,1433350000,1433370458,20458
24669,1433400000,1433420458,20458
24670,1433450000,1433470458,20458
24671,1433500000,1433520458,20458
24672,1433550000,1433570458,20458
24673,1433600000,1433620458,20458
24674,1433650000,1433670458,20458
24675,1433700000,1433720458,20458
24676,1433750000,1433770458,20458
24677,1433800000,1433820458,20458
24678,1433850000,1433870458,20458
24679,1433900000,1433920458,20458
24680,1433950000,1433970458,20458
24681,1434000000,1434020458,20458
24682,1434050000,1434070458,20458
24683,1434100000,1434120458,20458
24684,1434150000,1434170458,20458
24685,1434200000,1434220458,20458
24686,1434250000,1434270458,20458
24687,1434300000,1434320458,20458
24688,1434350000,1434370458,20458
24689,1434400000,1434420458,20458
24690,1434450000,1434470458,20458
24691,1434500000,1434520458,20458
24692,1434550000,1434570458,20458
24693,1434600000,1434620458,20458
24694,1434650000,1434670458,20458
24695,1434700000,1434720458,20458
24696,1434750000,1434770458,20458
24697,1434800000,1434820458,20458
24698,1434850000,1434870458,20458
24699,1434900000,1434920458,20458
24700,1434950000,1434970458,20458
24701,1435000000,1435020458,20458
24702,1435050000,1435070458,20458
24703,1435100000,1435120458,20458
24704,1435150000,1435170458,20458
24705,1435200000,1435220458,20458
24706,1435250000,1435270458,20458
24707,1435300000,1435320458,20458
24708,1435350000,1435370458,20458
24709,1435400000,1435420458,20458
24710,1435450000,1435470458,20458
24711,1435500000,1435520458,20458
24712,1435550000,1435570458,20458
24713,1435600000,1435620458,20458
24714,1435650000,1435670458,20458
24715,1435700000,1435720458,20458
24716,1435750000,1435770458,20458
24717,1435800000,1435820458,20458
24718,1435850000,1435870458,20458
24719,1435900000,1435920458,20458
24720,1435950000,1435970458,20458
24721,1436000000,1436020458,20458
24722,1436050000,1436070458,20458
24723,1436100000,1436120458,20458
24724,1436150000,1436170458,20458
24725,1436200000,1436220458,20458
24726,1436250000,1436270458,20458
24727,1436300000,1436320458,20458
24728,1436350000,1436370458,20458
24729,1436400000,1436420458,20458
24730,1436450000,1436470458,20458
24731,1436500000,1436520458,20458
24732,1436550000,1436570458,20458
24733,1436600000,1436620458,20458
24734,1436650000,1436670458,20458
24735,1436700000,1436720458,20458
24736,1436750000,1436770458,20458
24737,1436800000,1436820458,20458
24738,1436850000,1436870458,20458
24739,1436900000,1436920458,20458
24740,1436950000,1436970458,20458
24741,1437000000,1437020458,20458
24742,1437050000,1437070458,20458
24743,1437100000,1437120458,20458
24744,1437150000,1437170458,20458
24745,1437200000,1437220458,20458
24746,1437250000,1437270458,20458
24747,1437300000,1437320458,20458
24748,1437350000,1437370458,20458
24749,1437400000,1437420458,20458
24750,1437450000,1437470458,20458
24751,1437500000,1437520458,20458
24752,1437550000,1437570458,20458
24753,1437600000,1437620458,20458
24754,1437650000,1437670458,20458
24755,1437700000,1437720458,20458
24756,1437750000,1437770458,20458
24757,1437800000,1437820458,20458
24758,1437850000,1437870458,20458
24759,1437900000,1437920458,20458
24760,1437950000,1437970458,20458
24761,1438000000,1438020458,20458
24762,1438050000,1438070458,20458
24763,1438100000,1438120458,20458
24764,1438150000,1438170458,20458
24765,1438200000,1438220458,20458
24766,1438250000,1438270458,20458
24767,1438300000,1438320458,20458
24768,1438350000,1438370458,20458
24769,1438400000,1438420458,20458
24770,1438450000,1438470458,20458
24771,1438500000,1438520458,20458
24772,1438550000,1438570458,20458
24773,1438600000,1438620458,20458
24774,1438650000,1438670458,20458
24775,1438700000,1438720458,20458
24776,1438750000,1438770458,20458
24777,1438800000,1438820458,20458
24778,1438850000,1438870458,20458
24779,1438900000,1438920458,20458
24780,1438950000,1438970458,20458
24781,1439000000,1439020458,20458
24782,1439050000,1439070458,20458
24783,1439100000,1439120458,20458
24784,1439150000,1439170458,20458
24785,1439200000,1439220458,20458
24786,1439250000,1439270458,20458
24787,1439300000,1439320458,20458
24788,1439350000,1439370458,20458
24789,1439400000,1439420458,20458
24790,1439450000,1439470458,20458
24791,1439500000,1439520458,20458
24792,1439550000,1439570458,20458
24793,1439600000,1439620458,20458
24794,1439650000,1439670458,20458
24795,1439700000,1439720458,20458
24796,1439750000,1439770458,20458
24797,1439800000,1439820458,20458
24798,1439850000,1439870458,20458
24799,1439900000,1439920458,20458
24800,1439950000,1439970458,20458
24801,1440000000,1440020458,20458
24802,1440050000,1440070458,20458
24803,1440100000,1440120458,20458
24804,1440150000,1440170458,20458
24805,1440200000,1440220458,20458
24806,1440250000,1440270458,20458
24807,1440300000,1440320458,20458
24808,1440350000,1440370458,20458
24809,1440400000,1440420458,20458
24810,1440450000,1440470458,20458
24811,1440500000,1440520458,20458
24812,1440550000,1440570458,20458
24813,1440600000,1440620458,20458
24814,1440650000,1440670458,20458
24815,1440700000,1440720458,20458
24816,1440750000,1440770458,20458
24817,1440800000,1440820458,20458
24818,1440850000,1440870458,20458
24819,1440900000,1440920458,20458
24820,1440950000,1440970458,20458
24821,1441000000,1441020458,20458
24822,1441050000,1441070458,20458
24823,1441100000,1441120458,20458
24824,1441150000,1441170458,20458
24825,1441200000,1441220458,20458
24826,1441250000,1441270458,20458
24827,1441300000,1441320458,20458
24828,1441350000,1441370458,20458
24829,1441400000,1441420458,20458
24830,1441450000,1441470458,20458
24831,1441500000,1441520458,20458
24832,1441550000,1441570458,20458
24833,1441600000,1441620458,20458
24834,1441650000,1441670458,20458
24835,1441700000,1441720458,20458
24836,1441750000,1441770458,20458
24837,1441800000,1441820458,20458
24838,1441850000,1441870458,20458
24839,1441900000,1441920458,20458
24840,1441950000,1441970458,20458
24841,1442000000,1442020458,20458
24842,1442050000,1442070458,20458
24843,1442100000,1442120458,20458
24844,1442150000,1442170458,20458
24845,1442200000,1442220458,20458
24846,1442250000,1442270458,20458
24847,1442300000,1442320458,20458
24848,1442350000,1442370458,20458
24849,1442400000,1442420458,20458
24850,1442450000,1442470458,20458
24851,1442500000,1442520458,20458
24852,1442550000,1442570458,20458
24853,1442600000,1442620458,20458
24854,1442650000,1442670458,20458
24855,1442700000,1442720458,20458
24856,1442750000,1442770458,20458
24857,1442800000,1442820458,20458
24858,1442850000,1442870458,20458
24859,1442900000,1442920458,20458
24860,1442950000,1442970458,20458
24861,1443000000,1443020458,20458
24862,1443050000,1443070458,20458
24863,1443100000,1443120458,20458
24864,1443150000,1443170458,20458
24865,1443200000,1443220458,20458
24866,1443250000,1443270458,20458
24867,1443300000,1443320458,20458
24868,1443350000,1443370458,20458
24869,1443400000,1443420458,20458
24870,1443450000,1443470458,20458
24871,1443500000,1443520458,20458
24872,1443550000,1443570458,20458
24873,1443600000,1443620458,20458
24874,1443650000,1443670458,20458
24875,1443700000,1443720458,20458
24876,1443750000,1443770458,20458
24877,1443800000,1443820458,20458
24878,1443850000,1443870458,20458
24879,1443900000,1443920458,20458
24880,1443950000,1443970458,20458
24881,1444000000,1444020458,20458
24882,1444050000,1444070458,20458
24883,1444100000,1444120458,20458
24884,1444150000,1444170458,20458
24885,1444200000,1444220458,20458
24886,1444250000,1444270458,20458
24887,1444300000,1444320458,20458
24888,1444350000,1444370458,20458
24889,1444400000,1444420458,20458
24890,1444450000,1444470458,20458
24891,1444500000,1444520458,20458
24892,1444550000,1444570458,20458
24893,1444600000,1444620458,20458
24894,1444650000,1444670458,20458
24895,1444700000,1444720458,20458
24896,1444750000,1444770458,20458
24897,1444800000,1444820458,20458
24898,1444850000,1444870458,20458
24899,1444900000,1444920458,20458
24900,1444950000,1444970458,20458
24901,1445000000,1445020458,20458
24902,1445050000,1445070458,20458
24903,1445100000,1445120458,20458
24904,1445150000,1445170458,20458
24905,1445200000,1445220458,20458
24906,1445250000,1445270458,20458
24907,1445300000,1445320458,20458
24908,1445350000,1445370458,20458
24909,1445400000,1445420458,20458
24910,1445450000,1445470458,20458
24911,1445500000,1445520458,20458
24912,1445550000,1445570458,20458
24913,1445600000,1445620458,20458
24914,1445650000,1445670458,20458
24915,1445700000,1445720458,20458
24916,1445750000,1445770458,20458
24917,1445800000,1445820458,20458
24918,1445850000,1445870458,20458
24919,1445900000,1445920458,20458
24920,1445950000,1445970458,20458
24921,1446000000,1446020458,20458
24922,1446050000,1446070458,20458
24923,1446100000,1446120458,20458
24924,1446150000,1446170458,20458
24925,1446200000,1446220458,20458
24926,1446250000,1446270458,20458
24927,1446300000,1446320458,20458
24928,1446350000,1446370458,20458
24929,1446400000,1446420458,20458
24930,1446450000,1446470458,20458
24931,1446500000,1446520458,20458
24932,1446550000,1446570458,20458
24933,1446600000,1446620458,20458
24934,1446650000,1446670458,20458
24935,1446700000,1446720458,20458
24936,1446750000,1446770458,20458
24937,1446800000,1446820458,20458
24938,1446850000,1446870458,20458
24939,1446900000,1446920458,20458
24940,1446950000,1446970458,20458
24941,1447000000,1447020458,20458
24942,1447050000,1447070458,20458
24943,1447100000,1447120458,20458
24944,1447150000,1447170458,20458
24945,1447200000,1447220458,20458
24946,1447250000,1447270458,20458
24947,1447300000,1447320458,20458
24948,1447350000,1447370458,20458
24949,1447400000,1447420458,20458
24950,1447450000,1447470458,20458
24951,1447500000,1447520458,20458
24952,1447550000,1447570458,20458
24953,1447600000,1447620458,20458
24954,1447650000,1447670458,20458
24955,1447700000,1447720458,20458
24956,1447750000,1447770458,20458
24957,1447800000,1447820458,20458
24958,1447850000,1447870458,20458
24959,1447900000,1447920458,20458
24960,1447950000,1447970458,20458
24961,1448000000,1448020458,20458
24962,1448050000,1448070458,20458
24963,1448100000,1448120458,20458
24964,1448150000,1448170458,20458
24965,1448200000,1448220458,20458
24966,1448250000,1448270458,20458
24967,1448300000,1448320458,20458
24968,1448350000,1448370458,20458
24969,1448400000,1448420458,20458
24970,1448450000,1448470458,20458
24971,1448500000,1448520458,20458
24972,1448550000,1448570458,20458
24973,1448600000,1448620458,20458
24974,1448650000,1448670458,20458
24975,1448700000,1448720458,20458
24976,1448750000,1448770458,20458
24977,1448800000,1448820458,20458
24978,1448850000,1448870458,20458
24979,1448900000,1448920458,20458
24980,1448950000,1448970458,20458
24981,1449000000,1449020458,20458
24982,1449050000,1449070458,20458
24983,1449100000,1449120458,20458
24984,1449150000,1449170458,20458
24985,1449200000,1449220458,20458
24986,1449250000,1449270458,20458
24987,1449300000,1449320458,20458
24988,1449350000,1449370458,20458
24989,1449400000,1449420458,20458
24990,1449450000,1449470458,20458
24991,1449500000,1449520458,20458
24992,1449550000,1449570458,20458
24993,1449600000,1449620458,20458
24994,1449650000,1449670458,20458
24995,1449700000,1449720458,20458
24996,1449750000,1449770458,20458
24997,1449800000,1449820458,20458
24998,1449850000,1449870458,20458
24999,1449900000,1449920458,20458
25000,1449950000,1449970458,20458
25001,1450000000,1450020458,20458
25002,1450050000,1450070458,20458
25003,1450100000,1450120458,20458
25004,1450150000,1450170458,20458
25005,1450200000,1450220458,20458
25006,1450250000,1450270458,20458
25007,1450300000,1450320458,20458
25008,1450350000,1450370458,20458
25009,1450400000,1450420458,20458
25010,1450450000,1450470458,20458
25011,1450500000,1450520458,20458
25012,1450550000,1450570458,20458
25013,1450600000,1450620458,20458
25014,1450650000,1450670458,20458
25015,1450700000,1450720458,20458
25016,1450750000,1450770458,20458
25017,1450800000,1450820458,20458
25018,1450850000,1450870458,20458
25019,1450900000,1450920458,20458
25020,1450950000,1450970458,20458
25021,1451000000,1451020458,20458
25022,1451050000,1451070458,20458
25023,1451100000,1451120458,20458
25024,1451150000,1451170458,20458
25025,1451200000,1451220458,20458
25026,1451250000,1451270458,20458
25027,1451300000,1451320458,20458
25028,1451350000,1451370458,20458
25029,1451400000,1451420458,20458
25030,1451450000,1451470458,20458
25031,1451500000,1451520458,20458
25032,1451550000,1451570458,20458
25033,1451600000,1451620458,20458
25034,1451650000,1451670458,20458
25035,1451700000,1451720458,20458
25036,1451750000,1451770458,20458
25037,1451800000,1451820458,20458
25038,1451850000,1451870458,20458
25039,1451900000,1451920458,20458
25040,1451950000,1451970458,20458
25041,1452000000,1452020458,20458
25042,1452050000,1452070458,20458
25043,1452100000,1452120458,20458
25044,1452150000,1452170458,20458
25045,1452200000,1452220458,20458
25046,1452250000,1452270458,20458
25047,1452300000,1452320458,20458
25048,1452350000,1452370458,20458
25049,1452400000,1452420458,20458
25050,1452450000,1452470458,20458
25051,1452500000,1452520458,20458
25052,1452550000,1452570458,20458
25053,1452600000,1452620458,20458
25054,1452650000,1452670458,20458
25055,1452700000,1452720458,20458
25056,1452750000,1452770458,20458
25057,1452800000,1452820458,20458
25058,1452850000,1452870458,20458
25059,1452900000,1452920458,20458
25060,1452950000,1452970458,20458
25061,1453000000,1453020458,20458
25062,1453050000,1453070458,20458
25063,1453100000,1453120458,20458
25064,1453150000,1453170458,20458
25065,1453200000,1453220458,20458
25066,1453250000,1453270458,20458
25067,1453300000,1453320458,20458
25068,1453350000,1453370458,20458
25069,1453400000,1453420458,20458
25070,1453450000,1453470458,20458
25071,1453500000,1453520458,20458
25072,1453550000,1453570458,20458
25073,1453600000,1453620458,20458
25074,1453650000,1453670458,20458
25075,1453700000,1453720458,20458
25076,1453750000,1453770458,20458
25077,1453800000,1453820458,20458
25078,1453850000,1453870458,20458
25079,1453900000,1453920458,20458
25080,1453950000,1453970458,20458
25081,1454000000,1454020458,20458
25082,1454050000,1454070458,20458
25083,1454100000,1454120458,20458
25084,1454150000,1454170458,20458
25085,1454200000,1454220458,20458
25086,1454250000,1454270458,20458
25087,1454300000,1454320458,20458
25088,1454350000,1454370458,20458
25089,1454400000,1454420458,20458
25090,1454450000,1454470458,20458
25091,1454500000,1454520458,20458
25092,1454550000,1454570458,20458
25093,1454600000,1454620458,20458
25094,1454650000,1454670458,20458
25095,1454700000,1454720458,20458
25096,1454750000,1454770458,20458
25097,1454800000,1454820458,20458
25098,1454850000,1454870458,20458
25099,1454900000,1454920458,20458
25100,1454950000,1454970458,20458
25101,1455000000,1455020458,20458
25102,1455050000,1455070458,20458
25103,1455100000,1455120458,20458
25104,1455150000,1455170458,20458
25105,1455200000,1455220458,20458
25106,1455250000,1455270458,20458
25107,1455300000,1455320458,20458
25108,1455350000,1455370458,20458
25109,1455400000,1455420458,20458
25110,1455450000,1455470458,20458
25111,1455500000,1455520458,20458
25112,1455550000,1455570458,20458
25113,1455600000,1455620458,20458
25114,1455650000,1455670458,20458
25115,1455700000,1455720458,20458
25116,1455750000,1455770458,20458
25117,1455800000,1455820458,20458
25118,1455850000,1455870458,20458
25119,1455900000,1455920458,20458
25120,1455950000,1455970458,20458
25121,1456000000,1456020458,20458
25122,1456050000,1456070458,20458
25123,1456100000,1456120458,20458
25124,1456150000,1456170458,20458
25125,1456200000,1456220458,20458
25126,1456250000,1456270458,20458
25127,1456300000,1456320458,20458
25128,1456350000,1456370458,20458
25129,1456400000,1456420458,20458
25130,1456450000,1456470458,20458
25131,1456500000,1456520458,20458
25132,1456550000,1456570458,20458
25133,1456600000,1456620458,20458
25134,1456650000,1456670458,20458
25135,1456700000,1456720458,20458
25136,1456750000,1456770458,20458
25137,1456800000,1456820458,20458
25138,1456850000,1456870458,20458
25139,1456900000,1456920458,20458
25140,1456950000,1456970458,20458
25141,1457000000,1457020458,20458
25142,1457050000,1457070458,20458
25143,1457100000,1457120458,20458
25144,1457150000,1457170458,20458
25145,1457200000,1457220458,20458
25146,1457250000,1457270458,20458
25147,1457300000,1457320458,20458
25148,1457350000,1457370458,20458
25149,1457400000,1457420458,20458
25150,1457450000,1457470458,20458
25151,1457500000,1457520458,20458
25152,1457550000,1457570458,20458
25153,1457600000,1457620458,20458
25154,1457650000,1457670458,20458
25155,1457700000,1457720458,20458
25156,1457750000,1457770458,20458
25157,1457800000,1457820458,20458
25158,1457850000,1457870458,20458
25159,1457900000,1457920458,20458
25160,1457950000,1457970458,20458
25161,1458000000,1458020458,20458
25162,1458050000,1458070458,20458
25163,1458100000,1458120458,20458
25164,1458150000,1458170458,20458
25165,1458200000,1458220458,20458
25166,1458250000,1458270458,20458
25167,1458300000,1458320458,20458
25168,1458350000,1458370458,20458
25169,1458400000,1458420458,20458
25170,1458450000,1458470458,20458
25171,1458500000,1458520458,20458
25172,1458550000,1458570458,20458
25173,1458600000,1458620458,20458
25174,1458650000,1458670458,20458
25175,1458700000,1458720458,20458
25176,1458750000,1458770458,20458
25177,1458800000,1458820458,20458
25178,1458850000,1458870458,20458
25179,1458900000,1458920458,20458
25180,1458950000,1458970458,20458
25181,1459000000,1459020458,20458
25182,1459050000,1459070458,20458
25183,1459100000,1459120458,20458
25184,1459150000,1459170458,20458
25185,1459200000,1459220458,20458
25186,1459250000,1459270458,20458
25187,1459300000,1459320458,20458
25188,1459350000,1459370458,20458
25189,1459400000,1459420458,20458
25190,1459450000,1459470458,20458
25191,1459500000,1459520458,20458
25192,1459550000,1459570458,20458
25193,1459600000,1459620458,20458
25194,1459650000,1459670458,20458
25195,1459700000,1459720458,20458
25196,1459750000,1459770458,20458
25197,1459800000,1459820458,20458
25198,1459850000,1459870458,20458
25199,1459900000,1459920458,20458
25200,1459950000,1459970458,20458
25201,1460000000,1460020458,20458
25202,1460050000,1460070458,20458
25203,1460100000,1460120458,20458
25204,1460150000,1460170458,20458
25205,1460200000,1460220458,20458
25206,1460250000,1460270458,20458
25207,1460300000,1460320458,20458
25208,1460350000,1460370458,20458
25209,1460400000,1460420458,20458
25210,1460450000,1460470458,20458
25211,1460500000,1460520458,20458
25212,1460550000,1460570458,20458
25213,1460600000,1460620458,20458
25214,1460650000,1460670458,20458
25215,1460700000,1460720458,20458
25216,1460750000,1460770458,20458
25217,1460800000,1460820458,20458
25218,1460850000,1460870458,20458
25219,1460900000,1460920458,20458
25220,1460950000,1460970458,20458
25221,1461000000,1461020458,20458
25222,1461050000,1461070458,20458
25223,1461100000,1461120458,20458
25224,1461150000,1461170458,20458
25225,1461200000,1461220458,20458
25226,1461250000,1461270458,20458
25227,1461300000,1461320458,20458
25228,1461350000,1461370458,20458
25229,1461400000,1461420458,20458
25230,1461450000,1461470458,20458
25231,1461500000,1461520458,20458
25232,1461550000,1461570458,20458
25233,1461600000,1461620458,20458
25234,1461650000,1461670458,20458
25235,1461700000,1461720458,20458
25236,1461750000,1461770458,20458
25237,1461800000,1461820458,20458
25238,1461850000,1461870458,20458
25239,1461900000,1461920458,20458
25240,1461950000,1461970458,20458
25241,1462000000,1462020458,20458
25242,1462050000,1462070458,20458
25243,1462100000,1462120458,20458
25244,1462150000,1462170458,20458
25245,1462200000,1462220458,20458
25246,1462250000,1462270458,20458
25247,1462300000,1462320458,20458
25248,1462350000,1462370458,20458
25249,1462400000,1462420458,20458
25250,1462450000,1462470458,20458
25251,1462500000,1462520458,20458
25252,1462550000,1462570458,20458
25253,1462600000,1462620458,20458
25254,1462650000,1462670458,20458
25255,1462700000,1462720458,20458
25256,1462750000,1462770458,20458
25257,1462800000,1462820458,20458
25258,1462850000,1462870458,20458
25259,1462900000,1462920458,20458
25260,1462950000,1462970458,20458
25261,1463000000,1463020458,20458
25262,1463050000,1463070458,20458
25263,1463100000,1463120458,20458
25264,1463150000,1463170458,20458
25265,1463200000,1463220458,20458
25266,1463250000,1463270458,20458
25267,1463300000,1463320458,20458
25268,1463350000,1463370458,20458
25269,1463400000,1463420458,20458
25270,1463450000,1463470458,20458
25271,1463500000,1463520458,20458
25272,1463550000,1463570458,20458
25273,1463600000,1463620458,20458
25274,1463650000,1463670458,20458
25275,1463700000,1463720458,20458
25276,1463750000,1463770458,20458
25277,1463800000,1463820458,20458
25278,1463850000,1463870458,20458
25279,1463900000,1463920458,20458
25280,1463950000,1463970458,20458
25281,1464000000,1464020458,20458
25282,1464050000,1464070458,20458
25283,1464100000,1464120458,20458
25284,1464150000,1464170458,20458
25285,1464200000,1464220458,20458
25286,1464250000,1464270458,20458
25287,1464300000,1464320458,20458
25288,1464350000,1464370458,20458
25289,1464400000,1464420458,20458
25290,1464450000,1464470458,20458
25291,1464500000,1464520458,20458
25292,1464550000,1464570458,20458
25293,1464600000,1464620458,20458
25294,1464650000,1464670458,20458
25295,1464700000,1464720458,20458
25296,1464750000,1464770458,20458
25297,1464800000,1464820458,20458
25298,1464850000,1464870458,20458
25299,1464900000,1464920458,20458
25300,1464950000,1464970458,20458
25301,1465000000,1465020458,20458
25302,1465050000,1465070458,20458
25303,1465100000,1465120458,20458
25304,1465150000,1465170458,20458
25305,1465200000,1465220458,20458
25306,1465250000,1465270458,20458
25307,1465300000,1465320458,20458
25308,1465350000,1465370458,20458
25309,1465400000,1465420458,20458
25310,1465450000,1465470458,20458
25311,1465500000,1465520458,20458
25312,1465550000,1465570458,20458
25313,1465600000,1465620458,20458
25314,1465650000,1465670458,20458
25315,1465700000,1465720458,20458
25316,1465750000,1465770458,20458
25317,1465800000,1465820458,20458
25318,1465850000,1465870458,20458
25319,1465900000,1465920458,20458
25320,1465950000,1465970458,20458
25321,1466000000,1466020458,20458
25322,1466050000,1466070458,20458
25323,1466100000,1466120458,20458
25324,1466150000,1466170458,20458
25325,1466200000,1466220458,20458
25326,1466250000,1466270458,20458
25327,1466300000,1466320458,20458
25328,1466350000,1466370458,20458
25329,1466400000,1466420458,20458
25330,1466450000,1466470458,20458
25331,1466500000,1466520458,20458
25332,1466550000,1466570458,20458
25333,1466600000,1466620458,20458
25334,1466650000,1466670458,20458
25335,1466700000,1466720458,20458
25336,1466750000,1466770458,20458
25337,1466800000,1466820458,20458
25338,1466850000,1466870458,20458
25339,1466900000,1466920458,20458
25340,1466950000,1466970458,20458
25341,1467000000,1467020458,20458
25342,1467050000,1467070458,20458
25343,1467100000,1467120458,20458
25344,1467150000,1467170458,20458
25345,1467200000,1467220458,20458
25346,1467250000,1467270458,20458
25347,1467300000,1467320458,20458
25348,1467350000,1467370458,20458
25349,1467400000,1467420458,20458
25350,1467450000,1467470458,20458
25351,1467500000,1467520458,20458
25352,1467550000,1467570458,20458
25353,1467600000,1467620458,20458
25354,1467650000,1467670458,20458
25355,1467700000,1467720458,20458
25356,1467750000,1467770458,20458
25357,1467800000,1467820458,20458
25358,1467850000,1467870458,20458
25359,1467900000,1467920458,20458
25360,1467950000,1467970458,20458
25361,1468000000,1468020458,20458
25362,1468050000,1468070458,20458
25363,1468100000,1468120458,20458
25364,1468150000,1468170458,20458
25365,1468200000,1468220458,20458
25366,1468250000,1468270458,20458
25367,1468300000,1468320458,20458
25368,1468350000,1468370458,20458
25369,1468400000,1468420458,20458
25370,1468450000,1468470458,20458
25371,1468500000,1468520458,20458
25372,1468550000,1468570458,20458
25373,1468600000,1468620458,20458
25374,1468650000,1468670458,20458
25375,1468700000,1468720458,20458
25376,1468750000,1468770458,20458
25377,1468800000,1468820458,20458
25378,1468850000,1468870458,20458
25379,1468900000,1468920458,20458
25380,1468950000,1468970458,20458
25381,1469000000,1469020458,20458
25382,1469050000,1469070458,20458
25383,1469100000,1469120458,20458
25384,1469150000,1469170458,20458
25385,1469200000,1469220458,20458
25386,1469250000,1469270458,20458
25387,1469300000,1469320458,20458
25388,1469350000,1469370458,20458
25389,1469400000,1469420458,20458
25390,1469450000,1469470458,20458
25391,1469500000,1469520458,20458
25392,1469550000,1469570458,20458
25393,1469600000,1469620458,20458
25394,1469650000,1469670458,20458
25395,1469700000,1469720458,20458
25396,1469750000,1469770458,20458
25397,1469800000,1469820458,20458
25398,1469850000,1469870458,20458
25399,1469900000,1469920458,20458
25400,1469950000,1469970458,20458
25401,1470000000,1470020458,20458
25402,1470050000,1470070458,20458
25403,1470100000,1470120458,20458
25404,1470150000,1470170458,20458
25405,1470200000,1470220458,20458
25406,1470250000,1470270458,20458
25407,1470300000,1470320458,20458
25408,1470350000,1470370458,20458
25409,1470400000,1470420458,20458
25410,1470450000,1470470458,20458
25411,1470500000,1470520458,20458
25412,1470550000,1470570458,20458
25413,1470600000,1470620458,20458
25414,1470650000,1470670458,20458
25415,1470700000,1470720458,20458
25416,1470750000,1470770458,20458
25417,1470800000,1470820458,20458
25418,1470850000,1470870458,20458
25419,1470900000,1470920458,20458
25420,1470950000,1470970458,20458
25421,1471000000,1471020458,20458
25422,1471050000,1471070458,20458
25423,1471100000,1471120458,20458
25424,1471150000,1471170458,20458
25425,1471200000,1471220458,20458
25426,1471250000,1471270458,20458
25427,1471300000,1471320458,20458
25428,1471350000,1471370458,20458
25429,1471400000,1471420458,20458
25430,1471450000,1471470458,20458
25431,1471500000,1471520458,20458
25432,1471550000,1471570458,20458
25433,1471600000,1471620458,20458
25434,1471650000,1471670458,20458
25435,1471700000,1471720458,20458
25436,1471750000,1471770458,20458
25437,1471800000,1471820458,20458
25438,1471850000,1471870458,20458
25439,1471900000,1471920458,20458
25440,1471950000,1471970458,20458
25441,1472000000,1472020458,20458
25442,1472050000,1472070458,20458
25443,1472100000,1472120458,20458
25444,1472150000,1472170458,20458
25445,1472200000,1472220458,20458
25446,1472250000,1472270458,20458
25447,1472300000,1472320458,20458
25448,1472350000,1472370458,20458
25449,1472400000,1472420458,20458
25450,1472450000,1472470458,20458
25451,1472500000,1472520458,20458
25452,1472550000,1472570458,20458
25453,1472600000,1472620458,20458
25454,1472650000,1472670458,20458
25455,1472700000,1472720458,20458
25456,1472750000,1472770458,20458
25457,1472800000,1472820458,20458
25458,1472850000,1472870458,20458
25459,1472900000,1472920458,20458
25460,1472950000,1472970458,20458
25461,1473000000,1473020458,20458
25462,1473050000,1473070458,20458
25463,1473100000,1473120458,20458
25464,1473150000,1473170458,20458
25465,1473200000,1473220458,20458
25466,1473250000,1473270458,20458
25467,1473300000,1473320458,20458
25468,1473350000,1473370458,20458
25469,1473400000,1473420458,20458
25470,1473450000,1473470458,20458
25471,1473500000,1473520458,20458
25472,1473550000,1473570458,20458
25473,1473600000,1473620458,20458
25474,1473650000,1473670458,20458
25475,1473700000,1473720458,20458
25476,1473750000,1473770458,20458
25477,1473800000,1473820458,20458
25478,1473850000,1473870458,20458
25479,1473900000,1473920458,20458
25480,1473950000,1473970458,20458
25481,1474000000,1474020458,20458
25482,1474050000,1474070458,20458
25483,1474100000,1474120458,20458
25484,1474150000,1474170458,20458
25485,1474200000,1474220458,20458
25486,1474250000,1474270458,20458
25487,1474300000,1474320458,20458
25488,1474350000,1474370458,20458
25489,1474400000,1474420458,20458
25490,1474450000,1474470458,20458
25491,1474500000,1474520458,20458
25492,1474550000,1474570458,20458
25493,1474600000,1474620458,20458
25494,1474650000,1474670458,20458
25495,1474700000,1474720458,20458
25496,1474750000,1474770458,20458
25497,1474800000,1474820458,20458
25498,1474850000,1474870458,20458
25499,1474900000,1474920458,20458
25500,1474950000,1474970458,20458
25501,1475000000,1475020458,20458
25502,1475050000,1475070458,20458
25503,1475100000,1475120458,20458
25504,1475150000,1475170458,20458
25505,1475200000,1475220458,20458
25506,1475250000,1475270458,20458
25507,1475300000,1475320458,20458
25508,1475350000,1475370458,20458
25509,1475400000,1475420458,20458
25510,1475450000,1475470458,20458
25511,1475500000,1475520458,20458
25512,1475550000,1475570458,20458
25513,1475600000,1475620458,20458
25514,1475650000,1475670458,20458
25515,1475700000,1475720458,20458
25516,1475750000,1475770458,20458
25517,1475800000,1475820458,20458
25518,1475850000,1475870458,20458
25519,1475900000,1475920458,20458
25520,1475950000,1475970458,20458
25521,1476000000,1476020458,20458
25522,1476050000,1476070458,20458
25523,1476100000,1476120458,20458
25524,1476150000,1476170458,20458
25525,1476200000,1476220458,20458
25526,1476250000,1476270458,20458
25527,1476300000,1476320458,20458
25528,1476350000,1476370458,20458
25529,1476400000,1476420458,20458
25530,1476450000,1476470458,20458
25531,1476500000,1476520458,20458
25532,1476550000,1476570458,20458
25533,1476600000,1476620458,20458
25534,1476650000,1476670458,20458
25535,1476700000,1476720458,20458
25536,1476750000,1476770458,20458
25537,1476800000,1476820458,20458
25538,1476850000,1476870458,20458
25539,1476900000,1476920458,20458
25540,1476950000,1476970458,20458
25541,1477000000,1477020458,20458
25542,1477050000,1477070458,20458
25543,1477100000,1477120458,20458
25544,1477150000,1477170458,20458
25545,1477200000,1477220458,20458
25546,1477250000,1477270458,20458
25547,1477300000,1477320458,20458
25548,1477350000,1477370458,20458
25549,1477400000,1477420458,20458
25550,1477450000,1477470458,20458
25551,1477500000,1477520458,20458
25552,1477550000,1477570458,20458
25553,1477600000,1477620458,20458
25554,1477650000,1477670458,20458
25555,1477700000,1477720458,20458
25556,1477750000,1477770458,20458
25557,1477800000,1477820458,20458
25558,1477850000,1477870458,20458
25559,1477900000,1477920458,20458
25560,1477950000,1477970458,20458
25561,1478000000,1478020458,20458
25562,1478050000,1478070458,20458
25563,1478100000,1478120458,20458
25564,1478150000,1478170458,20458
25565,1478200000,1478220458,20458
25566,1478250000,1478270458,20458
25567,1478300000,1478320458,20458
25568,1478350000,1478370458,20458
25569,1478400000,1478420458,20458
25570,1478450000,1478470458,20458
25571,1478500000,1478520458,20458
25572,1478550000,1478570458,20458
25573,1478600000,1478620458,20458
25574,1478650000,1478670458,20458
25575,1478700000,1478720458,20458
25576,1478750000,1478770458,20458
25577,1478800000,1478820458,20458
25578,1478850000,1478870458,20458
25579,1478900000,1478920458,20458
25580,1478950000,1478970458,20458
25581,1479000000,1479020458,20458
25582,1479050000,1479070458,20458
25583,1479100000,1479120458,20458
25584,1479150000,1479170458,20458
25585,1479200000,1479220458,20458
25586,1479250000,1479270458,20458
25587,1479300000,1479320458,20458
25588,1479350000,1479370458,20458
25589,1479400000,1479420458,20458
25590,1479450000,1479470458,20458
25591,1479500000,1479520458,20458
25592,1479550000,1479570458,20458
25593,1479600000,1479620458,20458
25594,1479650000,1479670458,20458
25595,1479700000,1479720458,20458
25596,1479750000,1479770458,20458
25597,1479800000,1479820458,20458
25598,1479850000,1479870458,20458
25599,1479900000,1479920458,20458
25600,1479950000,1479970458,20458
25601,1480000000,1480020458,20458
25602,1480050000,1480070458,20458
25603,1480100000,1480120458,20458
25604,1480150000,1480170458,20458
25605,1480200000,1480220458,20458
25606,1480250000,1480270458,20458
25607,1480300000,1480320458,20458
25608,1480350000,1480370458,20458
25609,1480400000,1480420458,20458
25610,1480450000,1480470458,20458
25611,1480500000,1480520458,20458
25612,1480550000,1480570458,20458
25613,1480600000,1480620458,20458
25614,1480650000,1480670458,20458
25615,1480700000,1480720458,20458
25616,1480750000,1480770458,20458
25617,1480800000,1480820458,20458
25618,1480850000,1480870458,20458
25619,1480900000,1480920458,20458
25620,1480950000,1480970458,20458
25621,1481000000,1481020458,20458
25622,1481050000,1481070458,20458
25623,1481100000,1481120458,20458
25624,1481150000,1481170458,20458
25625,1481200000,1481220458,20458
25626,1481250000,1481270458,20458
25627,1481300000,1481320458,20458
25628,1481350000,1481370458,20458
25629,1481400000,1481420458,20458
25630,1481450000,1481470458,20458
25631,1481500000,1481520458,20458
25632,1481550000,1481570458,20458
25633,1481600000,1481620458,20458
25634,1481650000,1481670458,20458
25635,1481700000,1481720458,20458
25636,1481750000,1481770458,20458
25637,1481800000,1481820458,20458
25638,1481850000,1481870458,20458
25639,1481900000,1481920458,20458
25640,1481950000,1481970458,20458
25641,1482000000,1482020458,20458
25642,1482050000,1482070458,20458
25643,1482100000,1482120458,20458
25644,1482150000,1482170458,20458
25645,1482200000,1482220458,20458
25646,1482250000,1482270458,20458
25647,1482300000,1482320458,20458
25648,1482350000,1482370458,20458
25649,1482400000,1482420458,20458
25650,1482450000,1482470458,20458
25651,1482500000,1482520458,20458
25652,1482550000,1482570458,20458
25653,1482600000,1482620458,20458
25654,1482650000,1482670458,20458
25655,1482700000,1482720458,20458
25656,1482750000,1482770458,20458
25657,1482800000,1482820458,20458
25658,1482850000,1482870458,20458
25659,1482900000,1482920458,20458
25660,1482950000,1482970458,20458
25661,1483000000,1483020458,20458
25662,1483050000,1483070458,20458
25663,1483100000,1483120458,20458
25664,1483150000,1483170458,20458
25665,1483200000,1483220458,20458
25666,1483250000,1483270458,20458
25667,1483300000,1483320458,20458
25668,1483350000,1483370458,20458
25669,1483400000,1483420458,20458
25670,1483450000,1483470458,20458
25671,1483500000,1483520458,20458
25672,1483550000,1483570458,20458
25673,1483600000,1483620458,20458
25674,1483650000,1483670458,20458
25675,1483700000,1483720458,20458
25676,1483750000,1483770458,20458
25677,1483800000,1483820458,20458
25678,1483850000,1483870458,20458
25679,1483900000,1483920458,20458
25680,1483950000,1483970458,20458
25681,1484000000,1484020458,20458
25682,1484050000,1484070458,20458
25683,1484100000,1484120458,20458
25684,1484150000,1484170458,20458
25685,1484200000,1484220458,20458
25686,1484250000,1484270458,20458
25687,1484300000,1484320458,20458
25688,1484350000,1484370458,20458
25689,1484400000,1484420458,20458
25690,1484450000,1484470458,20458
25691,1484500000,1484520458,20458
25692,1484550000,1484570458,20458
25693,1484600000,1484620458,20458
25694,1484650000,1484670458,20458
25695,1484700000,1484720458,20458
25696,1484750000,1484770458,20458
25697,1484800000,1484820458,20458
25698,1484850000,1484870458,20458
25699,1484900000,1484920458,20458
25700,1484950000,1484970458,20458
25701,1485000000,1485020458,20458
25702,1485050000,1485070458,20458
25703,1485100000,1485120458,20458
25704,1485150000,1485170458,20458
25705,1485200000,1485220458,20458
25706,1485250000,1485270458,20458
25707,1485300000,1485320458,20458
25708,1485350000,1485370458,20458
25709,1485400000,1485420458,20458
25710,1485450000,1485470458,20458
25711,1485500000,1485520458,20458
25712,1485550000,1485570458,20458
25713,1485600000,1485620458,20458
25714,1485650000,1485670458,20458
25715,1485700000,1485720458,20458
25716,1485750000,1485770458,20458
25717,1485800000,1485820458,20458
25718,1485850000,1485870458,20458
25719,1485900000,1485920458,20458
25720,1485950000,1485970458,20458
25721,1486000000,1486020458,20458
25722,1486050000,1486070458,20458
25723,1486100000,1486120458,20458
25724,1486150000,1486170458,20458
25725,1486200000,1486220458,20458
25726,1486250000,1486270458,20458
25727,1486300000,1486320458,20458
25728,1486350000,1486370458,20458
25729,1486400000,1486420458,20458
25730,1486450000,1486470458,20458
25731,1486500000,1486520458,20458
25732,1486550000,1486570458,20458
25733,1486600000,1486620458,20458
25734,1486650000,1486670458,20458
25735,1486700000,1486720458,20458
25736,1486750000,1486770458,20458
25737,1486800000,1486820458,20458
25738,1486850000,1486870458,20458
25739,1486900000,1486920458,20458
25740,1486950000,1486970458,20458
25741,1487000000,1487020458,20458
25742,1487050000,1487070458,20458
25743,1487100000,1487120458,20458
25744,1487150000,1487170458,20458
25745,1487200000,1487220458,20458
25746,1487250000,1487270458,20458
25747,1487300000,1487320458,20458
25748,1487350000,1487370458,20458
25749,1487400000,1487420458,20458
25750,1487450000,1487470458,20458
25751,1487500000,1487520458,20458
25752,1487550000,1487570458,20458
25753,1487600000,1487620458,20458
25754,1487650000,1487670458,20458
25755,1487700000,1487720458,20458
25756,1487750000,1487770458,20458
25757,1487800000,1487820458,20458
25758,1487850000,1487870458,20458
25759,1487900000,1487920458,20458
25760,1487950000,1487970458,20458
25761,1488000000,1488020458,20458
25762,1488050000,1488070458,20458
25763,1488100000,1488120458,20458
25764,1488150000,1488170458,20458
25765,1488200000,1488220458,20458
25766,1488250000,1488270458,20458
25767,1488300000,1488320458,20458
25768,1488350000,1488370458,20458
25769,1488400000,1488420458,20458
25770,1488450000,1488470458,20458
25771,1488500000,1488520458,20458
25772,1488550000,1488570458,20458
25773,1488600000,1488620458,20458
25774,1488650000,1488670458,20458
25775,1488700000,1488720458,20458
25776,1488750000,1488770458,20458
25777,1488800000,1488820458,20458
25778,1488850000,1488870458,20458
25779,1488900000,1488920458,20458
25780,1488950000,1488970458,20458
25781,1489000000,1489020458,20458
25782,1489050000,1489070458,20458
25783,1489100000,1489120458,20458
25784,1489150000,1489170458,20458
25785,1489200000,1489220458,20458
25786,1489250000,1489270458,20458
25787,1489300000,1489320458,20458
25788,1489350000,1489370458,20458
25789,1489400000,1489420458,20458
25790,1489450000,1489470458,20458
25791,1489500000,1489520458,20458
25792,1489550000,1489570458,20458
25793,1489600000,1489620458,20458
25794,1489650000,1489670458,20458
25795,1489700000,1489720458,20458
25796,1489750000,1489770458,20458
25797,1489800000,1489820458,20458
25798,1489850000,1489870458,20458
25799,1489900000,1489920458,20458
25800,1489950000,1489970458,20458
25801,1490000000,1490020458,20458
25802,1490050000,1490070458,20458
25803,1490100000,1490120458,20458
25804,1490150000,1490170458,20458
25805,1490200000,1490220458,20458
25806,1490250000,1490270458,20458
25807,1490300000,1490320458,20458
25808,1490350000,1490370458,20458
25809,1490400000,1490420458,20458
25810,1490450000,1490470458,20458
25811,1490500000,1490520458,20458
25812,1490550000,1490570458,20458
25813,1490600000,1490620458,20458
25814,1490650000,1490670458,20458
25815,1490700000,1490720458,20458
25816,1490750000,1490770458,20458
25817,1490800000,1490820458,20458
25818,1490850000,1490870458,20458
25819,1490900000,1490920458,20458
25820,1490950000,1490970458,20458
25821,1491000000,1491020458,20458
25822,1491050000,1491070458,20458
25823,1491100000,1491120458,20458
25824,1491150000,1491170458,20458
25825,1491200000,1491220458,20458
25826,1491250000,1491270458,20458
25827,1491300000,1491320458,20458
25828,1491350000,1491370458,20458
25829,1491400000,1491420458,20458
25830,1491450000,1491470458,20458
25831,1491500000,1491520458,20458
25832,1491550000,1491570458,20458
25833,1491600000,1491620458,20458
25834,1491650000,1491670458,20458
25835,1491700000,1491720458,20458
25836,1491750000,1491770458,20458
25837,1491800000,1491820458,20458
25838,1491850000,1491870458,20458
25839,1491900000,1491920458,20458
25840,1491950000,1491970458,20458
25841,1492000000,1492020458,20458
25842,1492050000,1492070458,20458
25843,1492100000,1492120458,20458
25844,1492150000,1492170458,20458
25845,1492200000,1492220458,20458
25846,1492250000,1492270458,20458
25847,1492300000,1492320458,20458
25848,1492350000,1492370458,20458
25849,1492400000,1492420458,20458
25850,1492450000,1492470458,20458
25851,1492500000,1492520458,20458
25852,1492550000,1492570458,20458
25853,1492600000,1492620458,20458
25854,1492650000,1492670458,20458
25855,1492700000,1492720458,20458
25856,1492750000,1492770458,20458
25857,1492800000,1492820458,20458
25858,1492850000,1492870458,20458
25859,1492900000,1492920458,20458
25860,1492950000,1492970458,20458
25861,1493000000,1493020458,20458
25862,1493050000,1493070458,20458
25863,1493100000,1493120458,20458
25864,1493150000,1493170458,20458
25865,1493200000,1493220458,20458
25866,1493250000,1493270458,20458
25867,1493300000,1493320458,20458
25868,1493350000,1493370458,20458
25869,1493400000,1493420458,20458
25870,1493450000,1493470458,20458
25871,1493500000,1493520458,20458
25872,1493550000,1493570458,20458
25873,1493600000,1493620458,20458
25874,1493650000,1493670458,20458
25875,1493700000,1493720458,20458
25876,1493750000,1493770458,20458
25877,1493800000,1493820458,20458
25878,1493850000,1493870458,20458
25879,1493900000,1493920458,20458
25880,1493950000,1493970458,20458
25881,1494000000,1494020458,20458
25882,1494050000,1494070458,20458
25883,1494100000,1494120458,20458
25884,1494150000,1494170458,20458
25885,1494200000,1494220458,20458
25886,1494250000,1494270458,20458
25887,1494300000,1494320458,20458
25888,1494350000,1494370458,20458
25889,1494400000,1494420458,20458
25890,1494450000,1494470458,20458
25891,1494500000,1494520458,20458
25892,1494550000,1494570458,20458
25893,1494600000,1494620458,20458
25894,1494650000,1494670458,20458
25895,1494700000,1494720458,20458
25896,1494750000,1494770458,20458
25897,1494800000,1494820458,20458
25898,1494850000,1494870458,20458
25899,1494900000,1494920458,20458
25900,1494950000,1494970458,20458
25901,1495000000,1495020458,20458
25902,1495050000,1495070458,20458
25903,1495100000,1495120458,20458
25904,1495150000,1495170458,20458
25905,1495200000,1495220458,20458
25906,1495250000,1495270458,20458
25907,1495300000,1495320458,20458
25908,1495350000,1495370458,20458
25909,1495400000,1495420458,20458
25910,1495450000,1495470458,20458
25911,1495500000,1495520458,20458
25912,1495550000,1495570458,20458
25913,1495600000,1495620458,20458
25914,1495650000,1495670458,20458
25915,1495700000,1495720458,20458
25916,1495750000,1495770458,20458
25917,1495800000,1495820458,20458
25918,1495850000,1495870458,20458
25919,1495900000,1495920458,20458
25920,1495950000,1495970458,20458
25921,1496000000,1496020458,20458
25922,1496050000,1496070458,20458
25923,1496100000,1496120458,20458
25924,1496150000,1496170458,20458
25925,1496200000,1496220458,20458
25926,1496250000,1496270458,20458
25927,1496300000,1496320458,20458
25928,1496350000,1496370458,20458
25929,1496400000,1496420458,20458
25930,1496450000,1496470458,20458
25931,1496500000,1496520458,20458
25932,1496550000,1496570458,20458
25933,1496600000,1496620458,20458
25934,1496650000,1496670458,20458
25935,1496700000,1496720458,20458
25936,1496750000,1496770458,20458
25937,1496800000,1496820458,20458
25938,1496850000,1496870458,20458
25939,1496900000,1496920458,20458
25940,1496950000,1496970458,20458
25941,1497000000,1497020458,20458
25942,1497050000,1497070458,20458
25943,1497100000,1497120458,20458
25944,1497150000,1497170458,20458
25945,1497200000,1497220458,20458
25946,1497250000,1497270458,20458
25947,1497300000,1497320458,20458
25948,1497350000,1497370458,20458
25949,1497400000,1497420458,20458
25950,1497450000,1497470458,20458
25951,1497500000,1497520458,20458
25952,1497550000,1497570458,20458
25953,1497600000,1497620458,20458
25954,1497650000,1497670458,20458
25955,1497700000,1497720458,20458
25956,1497750000,1497770458,20458
25957,1497800000,1497820458,20458
25958,1497850000,1497870458,20458
25959,1497900000,1497920458,20458
25960,1497950000,1497970458,20458
25961,1498000000,1498020458,20458
25962,1498050000,1498070458,20458
25963,1498100000,1498120458,20458
25964,1498150000,1498170458,20458
25965,1498200000,1498220458,20458
25966,1498250000,1498270458,20458
25967,1498300000,1498320458,20458
25968,1498350000,1498370458,20458
25969,1498400000,1498420458,20458
25970,1498450000,1498470458,20458
25971,1498500000,1498520458,20458
25972,1498550000,1498570458,20458
25973,1498600000,1498620458,20458
25974,1498650000,1498670458,20458
25975,1498700000,1498720458,20458
25976,1498750000,1498770458,20458
25977,1498800000,1498820458,20458
25978,1498850000,1498870458,20458
25979,1498900000,1498920458,20458
25980,1498950000,1498970458,20458
25981,1499000000,1499020458,20458
25982,1499050000,1499070458,20458
25983,1499100000,1499120458,20458
25984,1499150000,1499170458,20458
25985,1499200000,1499220458,20458
25986,1499250000,1499270458,20458
25987,1499300000,1499320458,20458
25988,1499350000,1499370458,20458
25989,1499400000,1499420458,20458
25990,1499450000,1499470458,20458
25991,1499500000,1499520458,20458
25992,1499550000,1499570458,20458
25993,1499600000,1499620458,20458
25994,1499650000,1499670458,20458
25995,1499700000,1499720458,20458
25996,1499750000,1499770458,20458
25997,1499800000,1499820458,20458
25998,1499850000,1499870458,20458
25999,1499900000,1499920458,20458
26000,1499950000,1499970458,20458
26001,1500000000,1500020458,20458
26002,1500050000,1500070458,20458
26003,1500100000,1500120458,20458
26004,1500150000,1500170458,20458
26005,1500200000,1500220458,20458
26006,1500250000,1500270458,20458
26007,1500300000,1500320458,20458
26008,1500350000,1500370458,20458
26009,1500400000,1500420458,20458
26010,1500450000,1500470458,20458
26011,1500500000,1500520458,20458
26012,1500550000,1500570458,20458
26013,1500600000,1500620458,20458
26014,1500650000,1500670458,20458
26015,1500700000,1500720458,20458
26016,1500750000,1500770458,20458
26017,1500800000,1500820458,20458
26018,1500850000,1500870458,20458
26019,1500900000,1500920458,20458
26020,1500950000,1500970458,20458
26021,1501000000,1501020458,20458
26022,1501050000,1501070458,20458
26023,1501100000,1501120458,20458
26024,1501150000,1501170458,20458
26025,1501200000,1501220458,20458
26026,1501250000,1501270458,20458
26027,1501300000,1501320458,20458
26028,1501350000,1501370458,20458
26029,1501400000,1501420458,20458
26030,1501450000,1501470458,20458
26031,1501500000,1501520458,20458
26032,1501550000,1501570458,20458
26033,1501600000,1501620458,20458
26034,1501650000,1501670458,20458
26035,1501700000,1501720458,20458
26036,1501750000,1501770458,20458
26037,1501800000,1501820458,20458
26038,1501850000,1501870458,20458
26039,1501900000,1501920458,20458
26040,1501950000,1501970458,20458
26041,1502000000,1502020458,20458
26042,1502050000,1502070458,20458
26043,1502100000,1502120458,20458
26044,1502150000,1502170458,20458
26045,1502200000,1502220458,20458
26046,1502250000,1502270458,20458
26047,1502300000,1502320458,20458
26048,1502350000,1502370458,20458
26049,1502400000,1502420458,20458
26050,1502450000,1502470458,20458
26051,1502500000,1502520458,20458
26052,1502550000,1502570458,20458
26053,1502600000,1502620458,20458
26054,1502650000,1502670458,20458
26055,1502700000,1502720458,20458
26056,1502750000,1502770458,20458
26057,1502800000,1502820458,20458
26058,1502850000,1502870458,20458
26059,1502900000,1502920458,20458
26060,1502950000,1502970458,20458
26061,1503000000,1503020458,20458
26062,1503050000,1503070458,20458
26063,1503100000,1503120458,20458
26064,1503150000,1503170458,20458
26065,1503200000,1503220458,20458
26066,1503250000,1503270458,20458
26067,1503300000,1503320458,20458
26068,1503350000,1503370458,20458
26069,1503400000,1503420458,20458
26070,1503450000,1503470458,20458
26071,1503500000,1503520458,20458
26072,1503550000,1503570458,20458
26073,1503600000,1503620458,20458
26074,1503650000,1503670458,20458
26075,1503700000,1503720458,20458
26076,1503750000,1503770458,20458
26077,1503800000,1503820458,20458
26078,1503850000,1503870458,20458
26079,1503900000,1503920458,20458
26080,1503950000,1503970458,20458
26081,1504000000,1504020458,20458
26082,1504050000,1504070458,20458
26083,1504100000,1504120458,20458
26084,1504150000,1504170458,20458
26085,1504200000,1504220458,20458
26086,1504250000,1504270458,20458
26087,1504300000,1504320458,20458
26088,1504350000,1504370458,20458
26089,1504400000,1504420458,20458
26090,1504450000,1504470458,20458
26091,1504500000,1504520458,20458
26092,1504550000,1504570458,20458
26093,1504600000,1504620458,20458
26094,1504650000,1504670458,20458
26095,1504700000,1504720458,20458
26096,1504750000,1504770458,20458
26097,1504800000,1504820458,20458
26098,1504850000,1504870458,20458
26099,1504900000,1504920458,20458
26100,1504950000,1504970458,20458
26101,1505000000,1505020458,20458
26102,1505050000,1505070458,20458
26103,1505100000,1505120458,20458
26104,1505150000,1505170458,20458
26105,1505200000,1505220458,20458
26106,1505250000,1505270458,20458
26107,1505300000,1505320458,20458
26108,1505350000,1505370458,20458
26109,1505400000,1505420458,20458
26110,1505450000,1505470458,20458
26111,1505500000,1505520458,20458
26112,1505550000,1505570458,20458
26113,1505600000,1505620458,20458
26114,1505650000,1505670458,20458
26115,1505700000,1505720458,20458
26116,1505750000,1505770458,20458
26117,1505800000,1505820458,20458
26118,1505850000,1505870458,20458
26119,1505900000,1505920458,20458
26120,1505950000,1505970458,20458
26121,1506000000,1506020458,20458
26122,1506050000,1506070458,20458
26123,1506100000,1506120458,20458
26124,1506150000,1506170458,20458
26125,1506200000,1506220458,20458
26126,1506250000,1506270458,20458
26127,1506300000,1506320458,20458
26128,1506350000,1506370458,20458
26129,1506400000,1506420458,20458
26130,1506450000,1506470458,20458
26131,1506500000,1506520458,20458
26132,1506550000,1506570458,20458
26133,1506600000,1506620458,20458
26134,1506650000,1506670458,20458
26135,1506700000,1506720458,20458
26136,1506750000,1506770458,20458
26137,1506800000,1506820458,20458
26138,1506850000,1506870458,20458
26139,1506900000,1506920458,20458
26140,1506950000,1506970458,20458
26141,1507000000,1507020458,20458
26142,1507050000,1507070458,20458
26143,1507100000,1507120458,20458
26144,1507150000,1507170458,20458
26145,1507200000,1507220458,20458
26146,1507250000,1507270458,20458
26147,1507300000,1507320458,20458
26148,1507350000,1507370458,20458
26149,1507400000,1507420458,20458
26150,1507450000,1507470458,20458
26151,1507500000,1507520458,20458
26152,1507550000,1507570458,20458
26153,1507600000,1507620458,20458
26154,1507650000,1507670458,20458
26155,1507700000,1507720458,20458
26156,1507750000,1507770458,20458
26157,1507800000,1507820458,20458
26158,1507850000,1507870458,20458
26159,1507900000,1507920458,20458
26160,1507950000,1507970458,20458
26161,1508000000,1508020458,20458
26162,1508050000,1508070458,20458
26163,1508100000,1508120458,20458
26164,1508150000,1508170458,20458
26165,1508200000,1508220458,20458
26166,1508250000,1508270458,20458
26167,1508300000,1508320458,20458
26168,1508350000,1508370458,20458
26169,1508400000,1508420458,20458
26170,1508450000,1508470458,20458
26171,1508500000,1508520458,20458
26172,1508550000,1508570458,20458
26173,1508600000,1508620458,20458
26174,1508650000,1508670458,20458
26175,1508700000,1508720458,20458
26176,1508750000,1508770458,20458
26177,1508800000,1508820458,20458
26178,1508850000,1508870458,20458
26179,1508900000,1508920458,20458
26180,1508950000,1508970458,20458
26181,1509000000,1509020458,20458
26182,1509050000,1509070458,20458
26183,1509100000,1509120458,20458
26184,1509150000,1509170458,20458
26185,1509200000,1509220458,20458
26186,1509250000,1509270458,20458
26187,1509300000,1509320458,20458
26188,1509350000,1509370458,20458
26189,1509400000,1509420458,20458
26190,1509450000,1509470458,20458
26191,1509500000,1509520458,20458
26192,1509550000,1509570458,20458
26193,1509600000,1509620458,20458
26194,1509650000,1509670458,20458
26195,1509700000,1509720458,20458
26196,1509750000,1509770458,20458
26197,1509800000,1509820458,20458
26198,1509850000,1509870458,20458
26199,1509900000,1509920458,20458
26200,1509950000,1509970458,20458
26201,1510000000,1510020458,20458
26202,1510050000,1510070458,20458
26203,1510100000,1510120458,20458
26204,1510150000,1510170458,20458
26205,1510200000,1510220458,20458
26206,1510250000,1510270458,20458
26207,1510300000,1510320458,20458
26208,1510350000,1510370458,20458
26209,1510400000,1510420458,20458
26210,1510450000,1510470458,20458
26211,1510500000,1510520458,20458
26212,1510550000,1510570458,20458
26213,1510600000,1510620458,20458
26214,1510650000,1510670458,20458
26215,1510700000,1510720458,20458
26216,1510750000,1510770458,20458
26217,1510800000,1510820458,20458
26218,1510850000,1510870458,20458
26219,1510900000,1510920458,20458
26220,1510950000,1510970458,20458
26221,1511000000,1511020458,20458
26222,1511050000,1511070458,20458
26223,1511100000,1511120458,20458
26224,1511150000,1511170458,20458
26225,1511200000,1511220458,20458
26226,1511250000,1511270458,20458
26227,1511300000,1511320458,20458
26228,1511350000,1511370458,20458
26229,1511400000,1511420458,20458
26230,1511450000,1511470458,20458
26231,1511500000,1511520458,20458
26232,1511550000,1511570458,20458
26233,1511600000,1511620458,20458
26234,1511650000,1511670458,20458
26235,1511700000,1511720458,20458
26236,1511750000,1511770458,20458
26237,1511800000,1511820458,20458
26238,1511850000,1511870458,20458
26239,1511900000,1511920458,20458
26240,1511950000,1511970458,20458
26241,1512000000,1512020458,20458
26242,1512050000,1512070458,20458
26243,1512100000,1512120458,20458
26244,1512150000,1512170458,20458
26245,1512200000,1512220458,20458
26246,1512250000,1512270458,20458
26247,1512300000,1512320458,20458
26248,1512350000,1512370458,20458
26249,1512400000,1512420458,20458
26250,1512450000,1512470458,20458
26251,1512500000,1512520458,20458
26252,1512550000,1512570458,20458
26253,1512600000,1512620458,20458
26254,1512650000,1512670458,20458
26255,1512700000,1512720458,20458
26256,1512750000,1512770458,20458
26257,1512800000,1512820458,20458
26258,1512850000,1512870458,20458
26259,1512900000,1512920458,20458
26260,1512950000,1512970458,20458
26261,1513000000,1513020458,20458
26262,1513050000,1513070458,20458
26263,1513100000,1513120458,20458
26264,1513150000,1513170458,20458
26265,1513200000,1513220458,20458
26266,1513250000,1513270458,20458
26267,1513300000,1513320458,20458
26268,1513350000,1513370458,20458
26269,1513400000,1513420458,20458
26270,1513450000,1513470458,20458
26271,1513500000,1513520458,20458
26272,1513550000,1513570458,20458
26273,1513600000,1513620458,20458
26274,1513650000,1513670458,20458
26275,1513700000,1513720458,20458
26276,1513750000,1513770458,20458
26277,1513800000,1513820458,20458
26278,1513850000,1513870458,20458
26279,1513900000,1513920458,20458
26280,1513950000,1513970458,20458
26281,1514000000,1514020458,20458
26282,1514050000,1514070458,20458
26283,1514100000,1514120458,20458
26284,1514150000,1514170458,20458
26285,1514200000,1514220458,20458
26286,1514250000,1514270458,20458
26287,1514300000,1514320458,20458
26288,1514350000,1514370458,20458
26289,1514400000,1514420458,20458
26290,1514450000,1514470458,20458
26291,1514500000,1514520458,20458
26292,1514550000,1514570458,20458
26293,1514600000,1514620458,20458
26294,1514650000,1514670458,20458
26295,1514700000,1514720458,20458
26296,1514750000,1514770458,20458
26297,1514800000,1514820458,20458
26298,1514850000,1514870458,20458
26299,1514900000,1514920458,20458
26300,1514950000,1514970458,20458
26301,1515000000,1515020458,20458
26302,1515050000,1515070458,20458
26303,1515100000,1515120458,20458
26304,1515150000,1515170458,20458
26305,1515200000,1515220458,20458
26306,1515250000,1515270458,20458
26307,1515300000,1515320458,20458
26308,1515350000,1515370458,20458
26309,1515400000,1515420458,20458
26310,1515450000,1515470458,20458
26311,1515500000,1515520458,20458
26312,1515550000,1515570458,20458
26313,1515600000,1515620458,20458
26314,1515650000,1515670458,20458
26315,1515700000,1515720458,20458
26316,1515750000,1515770458,20458
26317,1515800000,1515820458,20458
26318,1515850000,1515870458,20458
26319,1515900000,1515920458,20458
26320,1515950000,1515970458,20458
26321,1516000000,1516020458,20458
26322,1516050000,1516070458,20458
26323,1516100000,1516120458,20458
26324,1516150000,1516170458,20458
26325,1516200000,1516220458,20458
26326,1516250000,1516270458,20458
26327,1516300000,1516320458,20458
26328,1516350000,1516370458,20458
26329,1516400000,1516420458,20458
26330,1516450000,1516470458,20458
26331,1516500000,1516520458,20458
26332,1516550000,1516570458,20458
26333,1516600000,1516620458,20458
26334,1516650000,1516670458,20458
26335,1516700000,1516720458,20458
26336,1516750000,1516770458,20458
26337,1516800000,1516820458,20458
26338,1516850000,1516870458,20458
26339,1516900000,1516920458,20458
26340,1516950000,1516970458,20458
26341,1517000000,1517020458,20458
26342,1517050000,1517070458,20458
26343,1517100000,1517120458,20458
26344,1517150000,1517170458,20458
26345,1517200000,1517220458,20458
26346,1517250000,1517270458,20458
26347,1517300000,1517320458,20458
26348,1517350000,1517370458,20458
26349,1517400000,1517420458,20458
26350,1517450000,1517470458,20458
26351,1517500000,1517520458,20458
26352,1517550000,1517570458,20458
26353,1517600000,1517620458,20458
26354,1517650000,1517670458,20458
26355,1517700000,1517720458,20458
26356,1517750000,1517770458,20458
26357,1517800000,1517820458,20458
26358,1517850000,1517870458,20458
26359,1517900000,1517920458,20458
26360,1517950000,1517970458,20458
26361,1518000000,1518020458,20458
26362,1518050000,1518070458,20458
26363,1518100000,1518120458,20458
26364,1518150000,1518170458,20458
26365,1518200000,1518220458,20458
26366,1518250000,1518270458,20458
26367,1518300000,1518320458,20458
26368,1518350000,1518370458,20458
26369,1518400000,1518420458,20458
26370,1518450000,1518470458,20458
26371,1518500000,1518520458,20458
26372,1518550000,1518570458,20458
26373,1518600000,1518620458,20458
26374,1518650000,1518670458,20458
26375,1518700000,1518720458,20458
26376,1518750000,1518770458,20458
26377,1518800000,1518820458,20458
26378,1518850000,1518870458,20458
26379,1518900000,1518920458,20458
26380,1518950000,1518970458,20458
26381,1519000000,1519020458,20458
26382,1519050000,1519070458,20458
26383,1519100000,1519120458,20458
26384,1519150000,1519170458,20458
26385,1519200000,1519220458,20458
26386,1519250000,1519270458,20458
26387,1519300000,1519320458,20458
26388,1519350000,1519370458,20458
26389,1519400000,1519420458,20458
26390,1519450000,1519470458,20458
26391,1519500000,1519520458,20458
26392,1519550000,1519570458,20458
26393,1519600000,1519620458,20458
26394,1519650000,1519670458,20458
26395,1519700000,1519720458,20458
26396,1519750000,1519770458,20458
26397,1519800000,1519820458,20458
26398,1519850000,1519870458,20458
26399,1519900000,1519920458,20458
26400,1519950000,1519970458,20458
26401,1520000000,1520020458,20458
26402,1520050000,1520070458,20458
26403,1520100000,1520120458,20458
26404,1520150000,1520170458,20458
26405,1520200000,1520220458,20458
26406,1520250000,1520270458,20458
26407,1520300000,1520320458,20458
26408,1520350000,1520370458,20458
26409,1520400000,1520420458,20458
26410,1520450000,1520470458,20458
26411,1520500000,1520520458,20458
26412,1520550000,1520570458,20458
26413,1520600000,1520620458,20458
26414,1520650000,1520670458,20458
26415,1520700000,1520720458,20458
26416,1520750000,1520770458,20458
26417,1520800000,1520820458,20458
26418,1520850000,1520870458,20458
26419,1520900000,1520920458,20458
26420,1520950000,1520970458,20458
26421,1521000000,1521020458,20458
26422,1521050000,1521070458,20458
26423,1521100000,1521120458,20458
26424,1521150000,1521170458,20458
26425,1521200000,1521220458,20458
26426,1521250000,1521270458,20458
26427,1521300000,1521320458,20458
26428,1521350000,1521370458,20458
26429,1521400000,1521420458,20458
26430,1521450000,1521470458,20458
26431,1521500000,1521520458,20458
26432,1521550000,1521570458,20458
26433,1521600000,1521620458,20458
26434,1521650000,1521670458,20458
26435,1521700000,1521720458,20458
26436,1521750000,1521770458,20458
26437,1521800000,1521820458,20458
26438,1521850000,1521870458,20458
26439,1521900000,1521920458,20458
26440,1521950000,1521970458,20458
26441,1522000000,1522020458,20458
26442,1522050000,1522070458,20458
26443,1522100000,1522120458,20458
26444,1522150000,1522170458,20458
26445,1522200000,1522220458,20458
26446,1522250000,1522270458,20458
26447,1522300000,1522320458,20458
26448,1522350000,1522370458,20458
26449,1522400000,1522420458,20458
26450,1522450000,1522470458,20458
26451,1522500000,1522520458,20458
26452,1522550000,1522570458,20458
26453,1522600000,1522620458,20458
26454,1522650000,1522670458,20458
26455,1522700000,1522720458,20458
26456,1522750000,1522770458,20458
26457,1522800000,1522820458,20458
26458,1522850000,1522870458,20458
26459,1522900000,1522920458,20458
26460,1522950000,1522970458,20458
26461,1523000000,1523020458,20458
26462,1523050000,1523070458,20458
26463,1523100000,1523120458,20458
26464,1523150000,1523170458,20458
26465,1523200000,1523220458,20458
26466,1523250000,1523270458,20458
26467,1523300000,1523320458,20458
26468,1523350000,1523370458,20458
26469,1523400000,1523420458,20458
26470,1523450000,1523470458,20458
26471,1523500000,1523520458,20458
26472,1523550000,1523570458,20458
26473,1523600000,1523620458,20458
26474,1523650000,1523670458,20458
26475,1523700000,1523720458,20458
26476,1523750000,1523770458,20458
26477,1523800000,1523820458,20458
26478,1523850000,1523870458,20458
26479,1523900000,1523920458,20458
26480,1523950000,1523970458,20458
26481,1524000000,1524020458,20458
26482,1524050000,1524070458,20458
26483,1524100000,1524120458,20458
26484,1524150000,1524170458,20458
26485,1524200000,1524220458,20458
26486,1524250000,1524270458,20458
26487,1524300000,1524320458,20458
26488,1524350000,1524370458,20458
26489,1524400000,1524420458,20458
26490,1524450000,1524470458,20458
26491,1524500000,1524520458,20458
26492,1524550000,1524570458,20458
26493,1524600000,1524620458,20458
26494,1524650000,1524670458,20458
26495,1524700000,1524720458,20458
26496,1524750000,1524770458,20458
26497,1524800000,1524820458,20458
26498,1524850000,1524870458,20458
26499,1524900000,1524920458,20458
26500,1524950000,1524970458,20458
26501,1525000000,1525020458,20458
26502,1525050000,1525070458,20458
26503,1525100000,1525120458,20458
26504,1525150000,1525170458,20458
26505,1525200000,1525220458,20458
26506,1525250000,1525270458,20458
26507,1525300000,1525320458,20458
26508,1525350000,1525370458,20458
26509,1525400000,1525420458,20458
26510,1525450000,1525470458,20458
26511,1525500000,1525520458,20458
26512,1525550000,1525570458,20458
26513,1525600000,1525620458,20458
26514,1525650000,1525670458,20458
26515,1525700000,1525720458,20458
26516,1525750000,1525770458,20458
26517,1525800000,1525820458,20458
26518,1525850000,1525870458,20458
26519,1525900000,1525920458,20458
26520,1525950000,1525970458,20458
26521,1526000000,1526020458,20458
26522,1526050000,1526070458,20458
26523,1526100000,1526120458,20458
26524,1526150000,1526170458,20458
26525,1526200000,1526220458,20458
26526,1526250000,1526270458,20458
26527,1526300000,1526320458,20458
26528,1526350000,1526370458,20458
26529,1526400000,1526420458,20458
26530,1526450000,1526470458,20458
26531,1526500000,1526520458,20458
26532,1526550000,1526570458,20458
26533,1526600000,1526620458,20458
26534,1526650000,1526670458,20458
26535,1526700000,1526720458,20458
26536,1526750000,1526770458,20458
26537,1526800000,1526820458,20458
26538,1526850000,1526870458,20458
26539,1526900000,1526920458,20458
26540,1526950000,1526970458,20458
26541,1527000000,1527020458,20458
26542,1527050000,1527070458,20458
26543,1527100000,1527120458,20458
26544,1527150000,1527170458,20458
26545,1527200000,1527220458,20458
26546,1527250000,1527270458,20458
26547,1527300000,1527320458,20458
26548,1527350000,1527370458,20458
26549,1527400000,1527420458,20458
26550,1527450000,1527470458,20458
26551,1527500000,1527520458,20458
26552,1527550000,1527570458,20458
26553,1527600000,1527620458,20458
26554,1527650000,1527670458,20458
26555,1527700000,1527720458,20458
26556,1527750000,1527770458,20458
26557,1527800000,1527820458,20458
26558,1527850000,1527870458,20458
26559,1527900000,1527920458,20458
26560,1527950000,1527970458,20458
26561,1528000000,1528020458,20458
26562,1528050000,1528070458,20458
26563,1528100000,1528120458,20458
26564,1528150000,1528170458,20458
26565,1528200000,1528220458,20458
26566,1528250000,1528270458,20458
26567,1528300000,1528320458,20458
26568,1528350000,1528370458,20458
26569,1528400000,1528420458,20458
26570,1528450000,1528470458,20458
26571,1528500000,1528520458,20458
26572,1528550000,1528570458,20458
26573,1528600000,1528620458,20458
26574,1528650000,1528670458,20458
26575,1528700000,1528720458,20458
26576,1528750000,1528770458,20458
26577,1528800000,1528820458,20458
26578,1528850000,1528870458,20458
26579,1528900000,1528920458,20458
26580,1528950000,1528970458,20458
26581,1529000000,1529020458,20458
26582,1529050000,1529070458,20458
26583,1529100000,1529120458,20458
26584,1529150000,1529170458,20458
26585,1529200000,1529220458,20458
26586,1529250000,1529270458,20458
26587,1529300000,1529320458,20458
26588,1529350000,1529370458,20458
26589,1529400000,1529420458,20458
26590,1529450000,1529470458,20458
26591,1529500000,1529520458,20458
26592,1529550000,1529570458,20458
26593,1529600000,1529620458,20458
26594,1529650000,1529670458,20458
26595,1529700000,1529720458,20458
26596,1529750000,1529770458,20458
26597,1529800000,1529820458,20458
26598,1529850000,1529870458,20458
26599,1529900000,1529920458,20458
26600,1529950000,1529970458,20458
26601,1530000000,1530020458,20458
26602,1530050000,1530070458,20458
26603,1530100000,1530120458,20458
26604,1530150000,1530170458,20458
26605,1530200000,1530220458,20458
26606,1530250000,1530270458,20458
26607,1530300000,1530320458,20458
26608,1530350000,1530370458,20458
26609,1530400000,1530420458,20458
26610,1530450000,1530470458,20458
26611,1530500000,1530520458,20458
26612,1530550000,1530570458,20458
26613,1530600000,1530620458,20458
26614,1530650000,1530670458,20458
26615,1530700000,1530720458,20458
26616,1530750000,1530770458,20458
26617,1530800000,1530820458,20458
26618,1530850000,1530870458,20458
26619,1530900000,1530920458,20458
26620,1530950000,1530970458,20458
26621,1531000000,1531020458,20458
26622,1531050000,1531070458,20458
26623,1531100000,1531120458,20458
26624,1531150000,1531170458,20458
26625,1531200000,1531220458,20458
26626,1531250000,1531270458,20458
26627,1531300000,1531320458,20458
26628,1531350000,1531370458,20458
26629,1531400000,1531420458,20458
26630,1531450000,1531470458,20458
26631,1531500000,1531520458,20458
26632,1531550000,1531570458,20458
26633,1531600000,1531620458,20458
26634,1531650000,1531670458,20458
26635,1531700000,1531720458,20458
26636,1531750000,1531770458,20458
26637,1531800000,1531820458,20458
26638,1531850000,1531870458,20458
26639,1531900000,1531920458,20458
26640,1531950000,1531970458,20458
26641,1532000000,1532020458,20458
26642,1532050000,1532070458,20458
26643,1532100000,1532120458,20458
26644,1532150000,1532170458,20458
26645,1532200000,1532220458,20458
26646,1532250000,1532270458,20458
26647,1532300000,1532320458,20458
26648,1532350000,1532370458,20458
26649,1532400000,1532420458,20458
26650,1532450000,1532470458,20458
26651,1532500000,1532520458,20458
26652,1532550000,1532570458,20458
26653,1532600000,1532620458,20458
26654,1532650000,1532670458,20458
26655,1532700000,1532720458,20458
26656,1532750000,1532770458,20458
26657,1532800000,1532820458,20458
26658,1532850000,1532870458,20458
26659,1532900000,1532920458,20458
26660,1532950000,1532970458,20458
26661,1533000000,1533020458,20458
26662,1533050000,1533070458,20458
26663,1533100000,1533120458,20458
26664,1533150000,1533170458,20458
26665,1533200000,1533220458,20458
26666,1533250000,1533270458,20458
26667,1533300000,1533320458,20458
26668,1533350000,1533370458,20458
26669,1533400000,1533420458,20458
26670,1533450000,1533470458,20458
26671,1533500000,1533520458,20458
26672,1533550000,1533570458,20458
26673,1533600000,1533620458,20458
26674,1533650000,1533670458,20458
26675,1533700000,1533720458,20458
26676,1533750000,1533770458,20458
26677,1533800000,1533820458,20458
26678,1533850000,1533870458,20458
26679,1533900000,1533920458,20458
26680,1533950000,1533970458,20458
26681,1534000000,1534020458,20458
26682,1534050000,1534070458,20458
26683,1534100000,1534120458,20458
26684,1534150000,1534170458,20458
26685,1534200000,1534220458,20458
26686,1534250000,1534270458,20458
26687,1534300000,1534320458,20458
26688,1534350000,1534370458,20458
26689,1534400000,1534420458,20458
26690,1534450000,1534470458,20458
26691,1534500000,1534520458,20458
26692,1534550000,1534570458,20458
26693,1534600000,1534620458,20458
26694,1534650000,1534670458,20458
26695,1534700000,1534720458,20458
26696,1534750000,1534770458,20458
26697,1534800000,1534820458,20458
26698,1534850000,1534870458,20458
26699,1534900000,1534920458,20458
26700,1534950000,1534970458,20458
26701,1535000000,1535020458,20458
26702,1535050000,1535070458,20458
26703,1535100000,1535120458,20458
26704,1535150000,1535170458,20458
26705,1535200000,1535220458,20458
26706,1535250000,1535270458,20458
26707,1535300000,1535320458,20458
26708,1535350000,1535370458,20458
26709,1535400000,1535420458,20458
26710,1535450000,1535470458,20458
26711,1535500000,1535520458,20458
26712,1535550000,1535570458,20458
26713,1535600000,1535620458,20458
26714,1535650000,1535670458,20458
26715,1535700000,1535720458,20458
26716,1535750000,1535770458,20458
26717,1535800000,1535820458,20458
26718,1535850000,1535870458,20458
26719,1535900000,1535920458,20458
26720,1535950000,1535970458,20458
26721,1536000000,1536020458,20458
26722,1536050000,1536070458,20458
26723,1536100000,1536120458,20458
26724,1536150000,1536170458,20458
26725,1536200000,1536220458,20458
26726,1536250000,1536270458,20458
26727,1536300000,1536320458,20458
26728,1536350000,1536370458,20458
26729,1536400000,1536420458,20458
26730,1536450000,1536470458,20458
26731,1536500000,1536520458,20458
26732,1536550000,1536570458,20458
26733,1536600000,1536620458,20458
26734,1536650000,1536670458,20458
26735,1536700000,1536720458,20458
26736,1536750000,1536770458,20458
26737,1536800000,1536820458,20458
26738,1536850000,1536870458,20458
26739,1536900000,1536920458,20458
26740,1536950000,1536970458,20458
26741,1537000000,1537020458,20458
26742,1537050000,1537070458,20458
26743,1537100000,1537120458,20458
26744,1537150000,1537170458,20458
26745,1537200000,1537220458,20458
26746,1537250000,1537270458,20458
26747,1537300000,1537320458,20458
26748,1537350000,1537370458,20458
26749,1537400000,1537420458,20458
26750,1537450000,1537470458,20458
26751,1537500000,1537520458,20458
26752,1537550000,1537570458,20458
26753,1537600000,1537620458,20458
26754,1537650000,1537670458,20458
26755,1537700000,1537720458,20458
26756,1537750000,1537770458,20458
26757,1537800000,1537820458,20458
26758,1537850000,1537870458,20458
26759,1537900000,1537920458,20458
26760,1537950000,1537970458,20458
26761,1538000000,1538020458,20458
26762,1538050000,1538070458,20458
26763,1538100000,1538120458,20458
26764,1538150000,1538170458,20458
26765,1538200000,1538220458,20458
26766,1538250000,1538270458,20458
26767,1538300000,1538320458,20458
26768,1538350000,1538370458,20458
26769,1538400000,1538420458,20458
26770,1538450000,1538470458,20458
26771,1538500000,1538520458,20458
26772,1538550000,1538570458,20458
26773,1538600000,1538620458,20458
26774,1538650000,1538670458,20458
26775,1538700000,1538720458,20458
26776,1538750000,1538770458,20458
26777,1538800000,1538820458,20458
26778,1538850000,1538870458,20458
26779,1538900000,1538920458,20458
26780,1538950000,1538970458,20458
26781,1539000000,1539020458,20458
26782,1539050000,1539070458,20458
26783,1539100000,1539120458,20458
26784,1539150000,1539170458,20458
26785,1539200000,1539220458,20458
26786,1539250000,1539270458,20458
26787,1539300000,1539320458,20458
26788,1539350000,1539370458,20458
26789,1539400000,1539420458,20458
26790,1539450000,1539470458,20458
26791,1539500000,1539520458,20458
26792,1539550000,1539570458,20458
26793,1539600000,1539620458,20458
26794,1539650000,1539670458,20458
26795,1539700000,1539720458,20458
26796,1539750000,1539770458,20458
26797,1539800000,1539820458,20458
26798,1539850000,1539870458,20458
26799,1539900000,1539920458,20458
26800,1539950000,1539970458,20458
26801,1540000000,1540020458,20458
26802,1540050000,1540070458,20458
26803,1540100000,1540120458,20458
26804,1540150000,1540170458,20458
26805,1540200000,1540220458,20458
26806,1540250000,1540270458,20458
26807,1540300000,1540320458,20458
26808,1540350000,1540370458,20458
26809,1540400000,1540420458,20458
26810,1540450000,1540470458,20458
26811,1540500000,1540520458,20458
26812,1540550000,1540570458,20458
26813,1540600000,1540620458,20458
26814,1540650000,1540670458,20458
26815,1540700000,1540720458,20458
26816,1540750000,1540770458,20458
26817,1540800000,1540820458,20458
26818,1540850000,1540870458,20458
26819,1540900000,1540920458,20458
26820,1540950000,1540970458,20458
26821,1541000000,1541020458,20458
26822,1541050000,1541070458,20458
26823,1541100000,1541120458,20458
26824,1541150000,1541170458,20458
26825,1541200000,1541220458,20458
26826,1541250000,1541270458,20458
26827,1541300000,1541320458,20458
26828,1541350000,1541370458,20458
26829,1541400000,1541420458,20458
26830,1541450000,1541470458,20458
26831,1541500000,1541520458,20458
26832,1541550000,1541570458,20458
26833,1541600000,1541620458,20458
26834,1541650000,1541670458,20458
26835,1541700000,1541720458,20458
26836,1541750000,1541770458,20458
26837,1541800000,1541820458,20458
26838,1541850000,1541870458,20458
26839,1541900000,1541920458,20458
26840,1541950000,1541970458,20458
26841,1542000000,1542020458,20458
26842,1542050000,1542070458,20458
26843,1542100000,1542120458,20458
26844,1542150000,1542170458,20458
26845,1542200000,1542220458,20458
26846,1542250000,1542270458,20458
26847,1542300000,1542320458,20458
26848,1542350000,1542370458,20458
26849,1542400000,1542420458,20458
26850,1542450000,1542470458,20458
26851,1542500000,1542520458,20458
26852,1542550000,1542570458,20458
26853,1542600000,1542620458,20458
26854,1542650000,1542670458,20458
26855,1542700000,1542720458,20458
26856,1542750000,1542770458,20458
26857,1542800000,1542820458,20458
26858,1542850000,1542870458,20458
26859,1542900000,1542920458,20458
26860,1542950000,1542970458,20458
26861,1543000000,1543020458,20458
26862,1543050000,1543070458,20458
26863,1543100000,1543120458,20458
26864,1543150000,1543170458,20458
26865,1543200000,1543220458,20458
26866,1543250000,1543270458,20458
26867,1543300000,1543320458,20458
26868,1543350000,1543370458,20458
26869,1543400000,1543420458,20458
26870,1543450000,1543470458,20458
26871,1543500000,1543520458,20458
26872,1543550000,1543570458,20458
26873,1543600000,1543620458,20458
26874,1543650000,1543670458,20458
26875,1543700000,1543720458,20458
26876,1543750000,1543770458,20458
26877,1543800000,1543820458,20458
26878,1543850000,1543870458,20458
26879,1543900000,1543920458,20458
26880,1543950000,1543970458,20458
26881,1544000000,1544020458,20458
26882,1544050000,1544070458,20458
26883,1544100000,1544120458,20458
26884,1544150000,1544170458,20458
26885,1544200000,1544220458,20458
26886,1544250000,1544270458,20458
26887,1544300000,1544320458,20458
26888,1544350000,1544370458,20458
26889,1544400000,1544420458,20458
26890,1544450000,1544470458,20458
26891,1544500000,1544520458,20458
26892,1544550000,1544570458,20458
26893,1544600000,1544620458,20458
26894,1544650000,1544670458,20458
26895,1544700000,1544720458,20458
26896,1544750000,1544770458,20458
26897,1544800000,1544820458,20458
26898,1544850000,1544870458,20458
26899,1544900000,1544920458,20458
26900,1544950000,1544970458,20458
26901,1545000000,1545020458,20458
26902,1545050000,1545070458,20458
26903,1545100000,1545120458,20458
26904,1545150000,1545170458,20458
26905,1545200000,1545220458,20458
26906,1545250000,1545270458,20458
26907,1545300000,1545320458,20458
26908,1545350000,1545370458,20458
26909,1545400000,1545420458,20458
26910,1545450000,1545470458,20458
26911,1545500000,1545520458,20458
26912,1545550000,1545570458,20458
26913,1545600000,1545620458,20458
26914,1545650000,1545670458,20458
26915,1545700000,1545720458,20458
26916,1545750000,1545770458,20458
26917,1545800000,1545820458,20458
26918,1545850000,1545870458,20458
26919,1545900000,1545920458,20458
26920,1545950000,1545970458,20458
26921,1546000000,1546020458,20458
26922,1546050000,1546070458,20458
26923,1546100000,1546120458,20458
26924,1546150000,1546170458,20458
26925,1546200000,1546220458,20458
26926,1546250000,1546270458,20458
26927,1546300000,1546320458,20458
26928,1546350000,1546370458,20458
26929,1546400000,1546420458,20458
26930,1546450000,1546470458,20458
26931,1546500000,1546520458,20458
26932,1546550000,1546570458,20458
26933,1546600000,1546620458,20458
26934,1546650000,1546670458,20458
26935,1546700000,1546720458,20458
26936,1546750000,1546770458,20458
26937,1546800000,1546820458,20458
26938,1546850000,1546870458,20458
26939,1546900000,1546920458,20458
26940,1546950000,1546970458,20458
26941,1547000000,1547020458,20458
26942,1547050000,1547070458,20458
26943,1547100000,1547120458,20458
26944,1547150000,1547170458,20458
26945,1547200000,1547220458,20458
26946,1547250000,1547270458,20458
26947,1547300000,1547320458,20458
26948,1547350000,1547370458,20458
26949,1547400000,1547420458,20458
26950,1547450000,1547470458,20458
26951,1547500000,1547520458,20458
26952,1547550000,1547570458,20458
26953,1547600000,1547620458,20458
26954,1547650000,1547670458,20458
26955,1547700000,1547720458,20458
26956,1547750000,1547770458,20458
26957,1547800000,1547820458,20458
26958,1547850000,1547870458,20458
26959,1547900000,1547920458,20458
26960,1547950000,1547970458,20458
26961,1548000000,1548020458,20458
26962,1548050000,1548070458,20458
26963,1548100000,1548120458,20458
26964,1548150000,1548170458,20458
26965,1548200000,1548220458,20458
26966,1548250000,1548270458,20458
26967,1548300000,1548320458,20458
26968,1548350000,1548370458,20458
26969,1548400000,1548420458,20458
26970,1548450000,1548470458,20458
26971,1548500000,1548520458,20458
26972,1548550000,1548570458,20458
26973,1548600000,1548620458,20458
26974,1548650000,1548670458,20458
26975,1548700000,1548720458,20458
26976,1548750000,1548770458,20458
26977,1548800000,1548820458,20458
26978,1548850000,1548870458,20458
26979,1548900000,1548920458,20458
26980,1548950000,1548970458,20458
26981,1549000000,1549020458,20458
26982,1549050000,1549070458,20458
26983,1549100000,1549120458,20458
26984,1549150000,1549170458,20458
26985,1549200000,1549220458,20458
26986,1549250000,1549270458,20458
26987,1549300000,1549320458,20458
26988,1549350000,1549370458,20458
26989,1549400000,1549420458,20458
26990,1549450000,1549470458,20458
26991,1549500000,1549520458,20458
26992,1549550000,1549570458,20458
26993,1549600000,1549620458,20458
26994,1549650000,1549670458,20458
26995,1549700000,1549720458,20458
26996,1549750000,1549770458,20458
26997,1549800000,1549820458,20458
26998,1549850000,1549870458,20458
26999,1549900000,1549920458,20458
27000,1549950000,1549970458,20458
27001,1550000000,1550020458,20458
27002,1550050000,1550070458,20458
27003,1550100000,1550120458,20458
27004,1550150000,1550170458,20458
27005,1550200000,1550220458,20458
27006,1550250000,1550270458,20458
27007,1550300000,1550320458,20458
27008,1550350000,1550370458,20458
27009,1550400000,1550420458,20458
27010,1550450000,1550470458,20458
27011,1550500000,1550520458,20458
27012,1550550000,1550570458,20458
27013,1550600000,1550620458,20458
27014,1550650000,1550670458,20458
27015,1550700000,1550720458,20458
27016,1550750000,1550770458,20458
27017,1550800000,1550820458,20458
27018,1550850000,1550870458,20458
27019,1550900000,1550920458,20458
27020,1550950000,1550970458,20458
27021,1551000000,1551020458,20458
27022,1551050000,1551070458,20458
27023,1551100000,1551120458,20458
27024,1551150000,1551170458,20458
27025,1551200000,1551220458,20458
27026,1551250000,1551270458,20458
27027,1551300000,1551320458,20458
27028,1551350000,1551370458,20458
27029,1551400000,1551420458,20458
27030,1551450000,1551470458,20458
27031,1551500000,1551520458,20458
27032,1551550000,1551570458,20458
27033,1551600000,1551620458,20458
27034,1551650000,1551670458,20458
27035,1551700000,1551720458,20458
27036,1551750000,1551770458,20458
27037,1551800000,1551820458,20458
27038,1551850000,1551870458,20458
27039,1551900000,1551920458,20458
27040,1551950000,1551970458,20458
27041,1552000000,1552020458,20458
27042,1552050000,1552070458,20458
27043,1552100000,1552120458,20458
27044,1552150000,1552170458,20458
27045,1552200000,1552220458,20458
27046,1552250000,1552270458,20458
27047,1552300000,1552320458,20458
27048,1552350000,1552370458,20458
27049,1552400000,1552420458,20458
27050,1552450000,1552470458,20458
27051,1552500000,1552520458,20458
27052,1552550000,1552570458,20458
27053,1552600000,1552620458,20458
27054,1552650000,1552670458,20458
27055,1552700000,1552720458,20458
27056,1552750000,1552770458,20458
27057,1552800000,1552820458,20458
27058,1552850000,1552870458,20458
27059,1552900000,1552920458,20458
27060,1552950000,1552970458,20458
27061,1553000000,1553020458,20458
27062,1553050000,1553070458,20458
27063,1553100000,1553120458,20458
27064,1553150000,1553170458,20458
27065,1553200000,1553220458,20458
27066,1553250000,1553270458,20458
27067,1553300000,1553320458,20458
27068,1553350000,1553370458,20458
27069,1553400000,1553420458,20458
27070,1553450000,1553470458,20458
27071,1553500000,1553520458,20458
27072,1553550000,1553570458,20458
27073,1553600000,1553620458,20458
27074,1553650000,1553670458,20458
27075,1553700000,1553720458,20458
27076,1553750000,1553770458,20458
27077,1553800000,1553820458,20458
27078,1553850000,1553870458,20458
27079,1553900000,1553920458,20458
27080,1553950000,1553970458,20458
27081,1554000000,1554020458,20458
27082,1554050000,1554070458,20458
27083,1554100000,1554120458,20458
27084,1554150000,1554170458,20458
27085,1554200000,1554220458,20458
27086,1554250000,1554270458,20458
27087,1554300000,1554320458,20458
27088,1554350000,1554370458,20458
27089,1554400000,1554420458,20458
27090,1554450000,1554470458,20458
27091,1554500000,1554520458,20458
27092,1554550000,1554570458,20458
27093,1554600000,1554620458,20458
27094,1554650000,1554670458,20458
27095,1554700000,1554720458,20458
27096,1554750000,1554770458,20458
27097,1554800000,1554820458,20458
27098,1554850000,1554870458,20458
27099,1554900000,1554920458,20458
27100,1554950000,1554970458,20458
27101,1555000000,1555020458,20458
27102,1555050000,1555070458,20458
27103,1555100000,1555120458,20458
27104,1555150000,1555170458,20458
27105,1555200000,1555220458,20458
27106,1555250000,1555270458,20458
27107,1555300000,1555320458,20458
27108,1555350000,1555370458,20458
27109,1555400000,1555420458,20458
27110,1555450000,1555470458,20458
27111,1555500000,1555520458,20458
27112,1555550000,1555570458,20458
27113,1555600000,1555620458,20458
27114,1555650000,1555670458,20458
27115,1555700000,1555720458,20458
27116,1555750000,1555770458,20458
27117,1555800000,1555820458,20458
27118,1555850000,1555870458,20458
27119,1555900000,1555920458,20458
27120,1555950000,1555970458,20458
27121,1556000000,1556020458,20458
27122,1556050000,1556070458,20458
27123,1556100000,1556120458,20458
27124,1556150000,1556170458,20458
27125,1556200000,1556220458,20458
27126,1556250000,1556270458,20458
27127,1556300000,1556320458,20458
27128,1556350000,1556370458,20458
27129,1556400000,1556420458,20458
27130,1556450000,1556470458,20458
27131,1556500000,1556520458,20458
27132,1556550000,1556570458,20458
27133,1556600000,1556620458,20458
27134,1556650000,1556670458,20458
27135,1556700000,1556720458,20458
27136,1556750000,1556770458,20458
27137,1556800000,1556820458,20458
27138,1556850000,1556870458,20458
27139,1556900000,1556920458,20458
27140,1556950000,1556970458,20458
27141,1557000000,1557020458,20458
27142,1557050000,1557070458,20458
27143,1557100000,1557120458,20458
27144,1557150000,1557170458,20458
27145,1557200000,1557220458,20458
27146,1557250000,1557270458,20458
27147,1557300000,1557320458,20458
27148,1557350000,1557370458,20458
27149,1557400000,1557420458,20458
27150,1557450000,1557470458,20458
27151,1557500000,1557520458,20458
27152,1557550000,1557570458,20458
27153,1557600000,1557620458,20458
27154,1557650000,1557670458,20458
27155,1557700000,1557720458,20458
27156,1557750000,1557770458,20458
27157,1557800000,1557820458,20458
27158,1557850000,1557870458,20458
27159,1557900000,1557920458,20458
27160,1557950000,1557970458,20458
27161,1558000000,1558020458,20458
27162,1558050000,1558070458,20458
27163,1558100000,1558120458,20458
27164,1558150000,1558170458,20458
27165,1558200000,1558220458,20458
27166,1558250000,1558270458,20458
27167,1558300000,1558320458,20458
27168,1558350000,1558370458,20458
27169,1558400000,1558420458,20458
27170,1558450000,1558470458,20458
27171,1558500000,1558520458,20458
27172,1558550000,1558570458,20458
27173,1558600000,1558620458,20458
27174,1558650000,1558670458,20458
27175,1558700000,1558720458,20458
27176,1558750000,1558770458,20458
27177,1558800000,1558820458,20458
27178,1558850000,1558870458,20458
27179,1558900000,1558920458,20458
27180,1558950000,1558970458,20458
27181,1559000000,1559020458,20458
27182,1559050000,1559070458,20458
27183,1559100000,1559120458,20458
27184,1559150000,1559170458,20458
27185,1559200000,1559220458,20458
27186,1559250000,1559270458,20458
27187,1559300000,1559320458,20458
27188,1559350000,1559370458,20458
27189,1559400000,1559420458,20458
27190,1559450000,1559470458,20458
27191,1559500000,1559520458,20458
27192,1559550000,1559570458,20458
27193,1559600000,1559620458,20458
27194,1559650000,1559670458,20458
27195,1559700000,1559720458,20458
27196,1559750000,1559770458,20458
27197,1559800000,1559820458,20458
27198,1559850000,1559870458,20458
27199,1559900000,1559920458,20458
27200,1559950000,1559970458,20458
27201,1560000000,1560020458,20458
27202,1560050000,1560070458,20458
27203,1560100000,1560120458,20458
27204,1560150000,1560170458,20458
27205,1560200000,1560220458,20458
27206,1560250000,1560270458,20458
27207,1560300000,1560320458,20458
27208,1560350000,1560370458,20458
27209,1560400000,1560420458,20458
27210,1560450000,1560470458,20458
27211,1560500000,1560520458,20458
27212,1560550000,1560570458,20458
27213,1560600000,1560620458,20458
27214,1560650000,1560670458,20458
27215,1560700000,1560720458,20458
27216,1560750000,1560770458,20458
27217,1560800000,1560820458,20458
27218,1560850000,1560870458,20458
27219,1560900000,1560920458,20458
27220,1560950000,1560970458,20458
27221,1561000000,1561020458,20458
27222,1561050000,1561070458,20458
27223,1561100000,1561120458,20458
27224,1561150000,1561170458,20458
27225,1561200000,1561220458,20458
27226,1561250000,1561270458,20458
27227,1561300000,1561320458,20458
27228,1561350000,1561370458,20458
27229,1561400000,1561420458,20458
27230,1561450000,1561470458,20458
27231,1561500000,1561520458,20458
27232,1561550000,1561570458,20458
27233,1561600000,1561620458,20458
27234,1561650000,1561670458,20458
27235,1561700000,1561720458,20458
27236,1561750000,1561770458,20458
27237,1561800000,1561820458,20458
27238,1561850000,1561870458,20458
27239,1561900000,1561920458,20458
27240,1561950000,1561970458,20458
27241,1562000000,1562020458,20458
27242,1562050000,1562070458,20458
27243,1562100000,1562120458,20458
27244,1562150000,1562170458,20458
27245,1562200000,1562220458,20458
27246,1562250000,1562270458,20458
27247,1562300000,1562320458,20458
27248,1562350000,1562370458,20458
27249,1562400000,1562420458,20458
27250,1562450000,1562470458,20458
27251,1562500000,1562520458,20458
27252,1562550000,1562570458,20458
27253,1562600000,1562620458,20458
27254,1562650000,1562670458,20458
27255,1562700000,1562720458,20458
27256,1562750000,1562770458,20458
27257,1562800000,1562820458,20458
27258,1562850000,1562870458,20458
27259,1562900000,1562920458,20458
27260,1562950000,1562970458,20458
27261,1563000000,1563020458,20458
27262,1563050000,1563070458,20458
27263,1563100000,1563120458,20458
27264,1563150000,1563170458,20458
27265,1563200000,1563220458,20458
27266,1563250000,1563270458,20458
27267,1563300000,1563320458,20458
27268,1563350000,1563370458,20458
27269,1563400000,1563420458,20458
27270,1563450000,1563470458,20458
27271,1563500000,1563520458,20458
27272,1563550000,1563570458,20458
27273,1563600000,1563620458,20458
27274,1563650000,1563670458,20458
27275,1563700000,1563720458,20458
27276,1563750000,1563770458,20458
27277,1563800000,1563820458,20458
27278,1563850000,1563870458,20458
27279,1563900000,1563920458,20458
27280,1563950000,1563970458,20458
27281,1564000000,1564020458,20458
27282,1564050000,1564070458,20458
27283,1564100000,1564120458,20458
27284,1564150000,1564170458,20458
27285,1564200000,1564220458,20458
27286,1564250000,1564270458,20458
27287,1564300000,1564320458,20458
27288,1564350000,1564370458,20458
27289,1564400000,1564420458,20458
27290,1564450000,1564470458,20458
27291,1564500000,1564520458,20458
27292,1564550000,1564570458,20458
27293,1564600000,1564620458,20458
27294,1564650000,1564670458,20458
27295,1564700000,1564720458,20458
27296,1564750000,1564770458,20458
27297,1564800000,1564820458,20458
27298,1564850000,1564870458,20458
27299,1564900000,1564920458,20458
27300,1564950000,1564970458,20458
27301,1565000000,1565020458,20458
27302,1565050000,1565070458,20458
27303,1565100000,1565120458,20458
27304,1565150000,1565170458,20458
27305,1565200000,1565220458,20458
27306,1565250000,1565270458,20458
27307,1565300000,1565320458,20458
27308,1565350000,1565370458,20458
27309,1565400000,1565420458,20458
27310,1565450000,1565470458,20458
27311,1565500000,1565520458,20458
27312,1565550000,1565570458,20458
27313,1565600000,1565620458,20458
27314,1565650000,1565670458,20458
27315,1565700000,1565720458,20458
27316,1565750000,1565770458,20458
27317,1565800000,1565820458,20458
27318,1565850000,1565870458,20458
27319,1565900000,1565920458,20458
27320,1565950000,1565970458,20458
27321,1566000000,1566020458,20458
27322,1566050000,1566070458,20458
27323,1566100000,1566120458,20458
27324,1566150000,1566170458,20458
27325,1566200000,1566220458,20458
27326,1566250000,1566270458,20458
27327,1566300000,1566320458,20458
27328,1566350000,1566370458,20458
27329,1566400000,1566420458,20458
27330,1566450000,1566470458,20458
27331,1566500000,1566520458,20458
27332,1566550000,1566570458,20458
27333,1566600000,1566620458,20458
27334,1566650000,1566670458,20458
27335,1566700000,1566720458,20458
27336,1566750000,1566770458,20458
27337,1566800000,1566820458,20458
27338,1566850000,1566870458,20458
27339,1566900000,1566920458,20458
27340,1566950000,1566970458,20458
27341,1567000000,1567020458,20458
27342,1567050000,1567070458,20458
27343,1567100000,1567120458,20458
27344,1567150000,1567170458,20458
27345,1567200000,1567220458,20458
27346,1567250000,1567270458,20458
27347,1567300000,1567320458,20458
27348,1567350000,1567370458,20458
27349,1567400000,1567420458,20458
27350,1567450000,1567470458,20458
27351,1567500000,1567520458,20458
27352,1567550000,1567570458,20458
27353,1567600000,1567620458,20458
27354,1567650000,1567670458,20458
27355,1567700000,1567720458,20458
27356,1567750000,1567770458,20458
27357,1567800000,1567820458,20458
27358,1567850000,1567870458,20458
27359,1567900000,1567920458,20458
27360,1567950000,1567970458,20458
27361,1568000000,1568020458,20458
27362,1568050000,1568070458,20458
27363,1568100000,1568120458,20458
27364,1568150000,1568170458,20458
27365,1568200000,1568220458,20458
27366,1568250000,1568270458,20458
27367,1568300000,1568320458,20458
27368,1568350000,1568370458,20458
27369,1568400000,1568420458,20458
27370,1568450000,1568470458,20458
27371,1568500000,1568520458,20458
27372,1568550000,1568570458,20458
27373,1568600000,1568620458,20458
27374,1568650000,1568670458,20458
27375,1568700000,1568720458,20458
27376,1568750000,1568770458,20458
27377,1568800000,1568820458,20458
27378,1568850000,1568870458,20458
27379,1568900000,1568920458,20458
27380,1568950000,1568970458,20458
27381,1569000000,1569020458,20458
27382,1569050000,1569070458,20458
27383,1569100000,1569120458,20458
27384,1569150000,1569170458,20458
27385,1569200000,1569220458,20458
27386,1569250000,1569270458,20458
27387,1569300000,1569320458,20458
27388,1569350000,1569370458,20458
27389,1569400000,1569420458,20458
27390,1569450000,1569470458,20458
27391,1569500000,1569520458,20458
27392,1569550000,1569570458,20458
27393,1569600000,1569620458,20458
27394,1569650000,1569670458,20458
27395,1569700000,1569720458,20458
27396,1569750000,1569770458,20458
27397,1569800000,1569820458,20458
27398,1569850000,1569870458,20458
27399,1569900000,1569920458,20458
27400,1569950000,1569970458,20458
27401,1570000000,1570020458,20458
27402,1570050000,1570070458,20458
27403,1570100000,1570120458,20458
27404,1570150000,1570170458,20458
27405,1570200000,1570220458,20458
27406,1570250000,1570270458,20458
27407,1570300000,1570320458,20458
27408,1570350000,1570370458,20458
27409,1570400000,1570420458,20458
27410,1570450000,1570470458,20458
27411,1570500000,1570520458,20458
27412,1570550000,1570570458,20458
27413,1570600000,1570620458,20458
27414,1570650000,1570670458,20458
27415,1570700000,1570720458,20458
27416,1570750000,1570770458,20458
27417,1570800000,1570820458,20458
27418,1570850000,1570870458,20458
27419,1570900000,1570920458,20458
27420,1570950000,1570970458,20458
27421,1571000000,1571020458,20458
27422,1571050000,1571070458,20458
27423,1571100000,1571120458,20458
27424,1571150000,1571170458,20458
27425,1571200000,1571220458,20458
27426,1571250000,1571270458,20458
27427,1571300000,1571320458,20458
27428,1571350000,1571370458,20458
27429,1571400000,1571420458,20458
27430,1571450000,1571470458,20458
27431,1571500000,1571520458,20458
27432,1571550000,1571570458,20458
27433,1571600000,1571620458,20458
27434,1571650000,1571670458,20458
27435,1571700000,1571720458,20458
27436,1571750000,1571770458,20458
27437,1571800000,1571820458,20458
27438,1571850000,1571870458,20458
27439,1571900000,1571920458,20458
27440,1571950000,1571970458,20458
27441,1572000000,1572020458,20458
27442,1572050000,1572070458,20458
27443,1572100000,1572120458,20458
27444,1572150000,1572170458,20458
27445,1572200000,1572220458,20458
27446,1572250000,1572270458,20458
27447,1572300000,1572320458,20458
27448,1572350000,1572370458,20458
27449,1572400000,1572420458,20458
27450,1572450000,1572470458,20458
27451,1572500000,1572520458,20458
27452,1572550000,1572570458,20458
27453,1572600000,1572620458,20458
27454,1572650000,1572670458,20458
27455,1572700000,1572720458,20458
27456,1572750000,1572770458,20458
27457,1572800000,1572820458,20458
27458,1572850000,1572870458,20458
27459,1572900000,1572920458,20458
27460,1572950000,1572970458,20458
27461,1573000000,1573020458,20458
27462,1573050000,1573070458,20458
27463,1573100000,1573120458,20458
27464,1573150000,1573170458,20458
27465,1573200000,1573220458,20458
27466,1573250000,1573270458,20458
27467,1573300000,1573320458,20458
27468,1573350000,1573370458,20458
27469,1573400000,1573420458,20458
27470,1573450000,1573470458,20458
27471,1573500000,1573520458,20458
27472,1573550000,1573570458,20458
27473,1573600000,1573620458,20458
27474,1573650000,1573670458,20458
27475,1573700000,1573720458,20458
27476,1573750000,1573770458,20458
27477,1573800000,1573820458,20458
27478,1573850000,1573870458,20458
27479,1573900000,1573920458,20458
27480,1573950000,1573970458,20458
27481,1574000000,1574020458,20458
27482,1574050000,1574070458,20458
27483,1574100000,1574120458,20458
27484,1574150000,1574170458,20458
27485,1574200000,1574220458,20458
27486,1574250000,1574270458,20458
27487,1574300000,1574320458,20458
27488,1574350000,1574370458,20458
27489,1574400000,1574420458,20458
27490,1574450000,1574470458,20458
27491,1574500000,1574520458,20458
27492,1574550000,1574570458,20458
27493,1574600000,1574620458,20458
27494,1574650000,1574670458,20458
27495,1574700000,1574720458,20458
27496,1574750000,1574770458,20458
27497,1574800000,1574820458,20458
27498,1574850000,1574870458,20458
27499,1574900000,1574920458,20458
27500,1574950000,1574970458,20458
27501,1575000000,1575020458,20458
27502,1575050000,1575070458,20458
27503,1575100000,1575120458,20458
27504,1575150000,1575170458,20458
27505,1575200000,1575220458,20458
27506,1575250000,1575270458,20458
27507,1575300000,1575320458,20458
27508,1575350000,1575370458,20458
27509,1575400000,1575420458,20458
27510,1575450000,1575470458,20458
27511,1575500000,1575520458,20458
27512,1575550000,1575570458,20458
27513,1575600000,1575620458,20458
27514,1575650000,1575670458,20458
27515,1575700000,1575720458,20458
27516,1575750000,1575770458,20458
27517,1575800000,1575820458,20458
27518,1575850000,1575870458,20458
27519,1575900000,1575920458,20458
27520,1575950000,1575970458,20458
27521,1576000000,1576020458,20458
27522,1576050000,1576070458,20458
27523,1576100000,1576120458,20458
27524,1576150000,1576170458,20458
27525,1576200000,1576220458,20458
27526,1576250000,1576270458,20458
27527,1576300000,1576320458,20458
27528,1576350000,1576370458,20458
27529,1576400000,1576420458,20458
27530,1576450000,1576470458,20458
27531,1576500000,1576520458,20458
27532,1576550000,1576570458,20458
27533,1576600000,1576620458,20458
27534,1576650000,1576670458,20458
27535,1576700000,1576720458,20458
27536,1576750000,1576770458,20458
27537,1576800000,1576820458,20458
27538,1576850000,1576870458,20458
27539,1576900000,1576920458,20458
27540,1576950000,1576970458,20458
27541,1577000000,1577020458,20458
27542,1577050000,1577070458,20458
27543,1577100000,1577120458,20458
27544,1577150000,1577170458,20458
27545,1577200000,1577220458,20458
27546,1577250000,1577270458,20458
27547,1577300000,1577320458,20458
27548,1577350000,1577370458,20458
27549,1577400000,1577420458,20458
27550,1577450000,1577470458,20458
27551,1577500000,1577520458,20458
27552,1577550000,1577570458,20458
27553,1577600000,1577620458,20458
27554,1577650000,1577670458,20458
27555,1577700000,1577720458,20458
27556,1577750000,1577770458,20458
27557,1577800000,1577820458,20458
27558,1577850000,1577870458,20458
27559,1577900000,1577920458,20458
27560,1577950000,1577970458,20458
27561,1578000000,1578020458,20458
27562,1578050000,1578070458,20458
27563,1578100000,1578120458,20458
27564,1578150000,1578170458,20458
27565,1578200000,1578220458,20458
27566,1578250000,1578270458,20458
27567,1578300000,1578320458,20458
27568,1578350000,1578370458,20458
27569,1578400000,1578420458,20458
27570,1578450000,1578470458,20458
27571,1578500000,1578520458,20458
27572,1578550000,1578570458,20458
27573,1578600000,1578620458,20458
27574,1578650000,1578670458,20458
27575,1578700000,1578720458,20458
27576,1578750000,1578770458,20458
27577,1578800000,1578820458,20458
27578,1578850000,1578870458,20458
27579,1578900000,1578920458,20458
27580,1578950000,1578970458,20458
27581,1579000000,1579020458,20458
27582,1579050000,1579070458,20458
27583,1579100000,1579120458,20458
27584,1579150000,1579170458,20458
27585,1579200000,1579220458,20458
27586,1579250000,1579270458,20458
27587,1579300000,1579320458,20458
27588,1579350000,1579370458,20458
27589,1579400000,1579420458,20458
27590,1579450000,1579470458,20458
27591,1579500000,1579520458,20458
27592,1579550000,1579570458,20458
27593,1579600000,1579620458,20458
27594,1579650000,1579670458,20458
27595,1579700000,1579720458,20458
27596,1579750000,1579770458,20458
27597,1579800000,1579820458,20458
27598,1579850000,1579870458,20458
27599,1579900000,1579920458,20458
27600,1579950000,1579970458,20458
27601,1580000000,1580020458,20458
27602,1580050000,1580070458,20458
27603,1580100000,1580120458,20458
27604,1580150000,1580170458,20458
27605,1580200000,1580220458,20458
27606,1580250000,1580270458,20458
27607,1580300000,1580320458,20458
27608,1580350000,1580370458,20458
27609,1580400000,1580420458,20458
27610,1580450000,1580470458,20458
27611,1580500000,1580520458,20458
27612,1580550000,1580570458,20458
27613,1580600000,1580620458,20458
27614,1580650000,1580670458,20458
27615,1580700000,1580720458,20458
27616,1580750000,1580770458,20458
27617,1580800000,1580820458,20458
27618,1580850000,1580870458,20458
27619,1580900000,1580920458,20458
27620,1580950000,1580970458,20458
27621,1581000000,1581020458,20458
27622,1581050000,1581070458,20458
27623,1581100000,1581120458,20458
27624,1581150000,1581170458,20458
27625,1581200000,1581220458,20458
27626,1581250000,1581270458,20458
27627,1581300000,1581320458,20458
27628,1581350000,1581370458,20458
27629,1581400000,1581420458,20458
27630,1581450000,1581470458,20458
27631,1581500000,1581520458,20458
27632,1581550000,1581570458,20458
27633,1581600000,1581620458,20458
27634,1581650000,1581670458,20458
27635,1581700000,1581720458,20458
27636,1581750000,1581770458,20458
27637,1581800000,1581820458,20458
27638,1581850000,1581870458,20458
27639,1581900000,1581920458,20458
27640,1581950000,1581970458,20458
27641,1582000000,1582020458,20458
27642,1582050000,1582070458,20458
27643,1582100000,1582120458,20458
27644,1582150000,1582170458,20458
27645,1582200000,1582220458,20458
27646,1582250000,1582270458,20458
27647,1582300000,1582320458,20458
27648,1582350000,1582370458,20458
27649,1582400000,1582420458,20458
27650,1582450000,1582470458,20458
27651,1582500000,1582520458,20458
27652,1582550000,1582570458,20458
27653,1582600000,1582620458,20458
27654,1582650000,1582670458,20458
27655,1582700000,1582720458,20458
27656,1582750000,1582770458,20458
27657,1582800000,1582820458,20458
27658,1582850000,1582870458,20458
27659,1582900000,1582920458,20458
27660,1582950000,1582970458,20458
27661,1583000000,1583020458,20458
27662,1583050000,1583070458,20458
27663,1583100000,1583120458,20458
27664,1583150000,1583170458,20458
27665,1583200000,1583220458,20458
27666,1583250000,1583270458,20458
27667,1583300000,1583320458,20458
27668,1583350000,1583370458,20458
27669,1583400000,1583420458,20458
27670,1583450000,1583470458,20458
27671,1583500000,1583520458,20458
27672,1583550000,1583570458,20458
27673,1583600000,1583620458,20458
27674,1583650000,1583670458,20458
27675,1583700000,1583720458,20458
27676,1583750000,1583770458,20458
27677,1583800000,1583820458,20458
27678,1583850000,1583870458,20458
27679,1583900000,1583920458,20458
27680,1583950000,1583970458,20458
27681,1584000000,1584020458,20458
27682,1584050000,1584070458,20458
27683,1584100000,1584120458,20458
27684,1584150000,1584170458,20458
27685,1584200000,1584220458,20458
27686,1584250000,1584270458,20458
27687,1584300000,1584320458,20458
27688,1584350000,1584370458,20458
27689,1584400000,1584420458,20458
27690,1584450000,1584470458,20458
27691,1584500000,1584520458,20458
27692,1584550000,1584570458,20458
27693,1584600000,1584620458,20458
27694,1584650000,1584670458,20458
27695,1584700000,1584720458,20458
27696,1584750000,1584770458,20458
27697,1584800000,1584820458,20458
27698,1584850000,1584870458,20458
27699,1584900000,1584920458,20458
27700,1584950000,1584970458,20458
27701,1585000000,1585020458,20458
27702,1585050000,1585070458,20458
27703,1585100000,1585120458,20458
27704,1585150000,1585170458,20458
27705,1585200000,1585220458,20458
27706,1585250000,1585270458,20458
27707,1585300000,1585320458,20458
27708,1585350000,1585370458,20458
27709,1585400000,1585420458,20458
27710,1585450000,1585470458,20458
27711,1585500000,1585520458,20458
27712,1585550000,1585570458,20458
27713,1585600000,1585620458,20458
27714,1585650000,1585670458,20458
27715,1585700000,1585720458,20458
27716,1585750000,1585770458,20458
27717,1585800000,1585820458,20458
27718,1585850000,1585870458,20458
27719,1585900000,1585920458,20458
27720,1585950000,1585970458,20458
27721,1586000000,1586020458,20458
27722,1586050000,1586070458,20458
27723,1586100000,1586120458,20458
27724,1586150000,1586170458,20458
27725,1586200000,1586220458,20458
27726,1586250000,1586270458,20458
27727,1586300000,1586320458,20458
27728,1586350000,1586370458,20458
27729,1586400000,1586420458,20458
27730,1586450000,1586470458,20458
27731,1586500000,1586520458,20458
27732,1586550000,1586570458,20458
27733,1586600000,1586620458,20458
27734,1586650000,1586670458,20458
27735,1586700000,1586720458,20458
27736,1586750000,1586770458,20458
27737,1586800000,1586820458,20458
27738,1586850000,1586870458,20458
27739,1586900000,1586920458,20458
27740,1586950000,1586970458,20458
27741,1587000000,1587020458,20458
27742,1587050000,1587070458,20458
27743,1587100000,1587120458,20458
27744,1587150000,1587170458,20458
27745,1587200000,1587220458,20458
27746,1587250000,1587270458,20458
27747,1587300000,1587320458,20458
27748,1587350000,1587370458,20458
27749,1587400000,1587420458,20458
27750,1587450000,1587470458,20458
27751,1587500000,1587520458,20458
27752,1587550000,1587570458,20458
27753,1587600000,1587620458,20458
27754,1587650000,1587670458,20458
27755,1587700000,1587720458,20458
27756,1587750000,1587770458,20458
27757,1587800000,1587820458,20458
27758,1587850000,1587870458,20458
27759,1587900000,1587920458,20458
27760,1587950000,1587970458,20458
27761,1588000000,1588020458,20458
27762,1588050000,1588070458,20458
27763,1588100000,1588120458,20458
27764,1588150000,1588170458,20458
27765,1588200000,1588220458,20458
27766,1588250000,1588270458,20458
27767,1588300000,1588320458,20458
27768,1588350000,1588370458,20458
27769,1588400000,1588420458,20458
27770,1588450000,1588470458,20458
27771,1588500000,1588520458,20458
27772,1588550000,1588570458,20458
27773,1588600000,1588620458,20458
27774,1588650000,1588670458,20458
27775,1588700000,1588720458,20458
27776,1588750000,1588770458,20458
27777,1588800000,1588820458,20458
27778,1588850000,1588870458,20458
27779,1588900000,1588920458,20458
27780,1588950000,1588970458,20458
27781,1589000000,1589020458,20458
27782,1589050000,1589070458,20458
27783,1589100000,1589120458,20458
27784,1589150000,1589170458,20458
27785,1589200000,1589220458,20458
27786,1589250000,1589270458,20458
27787,1589300000,1589320458,20458
27788,1589350000,1589370458,20458
27789,1589400000,1589420458,20458
27790,1589450000,1589470458,20458
27791,1589500000,1589520458,20458
27792,1589550000,1589570458,20458
27793,1589600000,1589620458,20458
27794,1589650000,1589670458,20458
27795,1589700000,1589720458,20458
27796,1589750000,1589770458,20458
27797,1589800000,1589820458,20458
27798,1589850000,1589870458,20458
27799,1589900000,1589920458,20458
27800,1589950000,1589970458,20458
27801,1590000000,1590020458,20458
27802,1590050000,1590070458,20458
27803,1590100000,1590120458,20458
27804,1590150000,1590170458,20458
27805,1590200000,1590220458,20458
27806,1590250000,1590270458,20458
27807,1590300000,1590320458,20458
27808,1590350000,1590370458,20458
27809,1590400000,1590420458,20458
27810,1590450000,1590470458,20458
27811,1590500000,1590520458,20458
27812,1590550000,1590570458,20458
27813,1590600000,1590620458,20458
27814,1590650000,1590670458,20458
27815,1590700000,1590720458,20458
27816,1590750000,1590770458,20458
27817,1590800000,1590820458,20458
27818,1590850000,1590870458,20458
27819,1590900000,1590920458,20458
27820,1590950000,1590970458,20458
27821,1591000000,1591020458,20458
27822,1591050000,1591070458,20458
27823,1591100000,1591120458,20458
27824,1591150000,1591170458,20458
27825,1591200000,1591220458,20458
27826,1591250000,1591270458,20458
27827,1591300000,1591320458,20458
27828,1591350000,1591370458,20458
27829,1591400000,1591420458,20458
27830,1591450000,1591470458,20458
27831,1591500000,1591520458,20458
27832,1591550000,1591570458,20458
27833,1591600000,1591620458,20458
27834,1591650000,1591670458,20458
27835,1591700000,1591720458,20458
27836,1591750000,1591770458,20458
27837,1591800000,1591820458,20458
27838,1591850000,1591870458,20458
27839,1591900000,1591920458,20458
27840,1591950000,1591970458,20458
27841,1592000000,1592020458,20458
27842,1592050000,1592070458,20458
27843,1592100000,1592120458,20458
27844,1592150000,1592170458,20458
27845,1592200000,1592220458,20458
27846,1592250000,1592270458,20458
27847,1592300000,1592320458,20458
27848,1592350000,1592370458,20458
27849,1592400000,1592420458,20458
27850,1592450000,1592470458,20458
27851,1592500000,1592520458,20458
27852,1592550000,1592570458,20458
27853,1592600000,1592620458,20458
27854,1592650000,1592670458,20458
27855,1592700000,1592720458,20458
27856,1592750000,1592770458,20458
27857,1592800000,1592820458,20458
27858,1592850000,1592870458,20458
27859,1592900000,1592920458,20458
27860,1592950000,1592970458,20458
27861,1593000000,1593020458,20458
27862,1593050000,1593070458,20458
27863,1593100000,1593120458,20458
27864,1593150000,1593170458,20458
27865,1593200000,1593220458,20458
27866,1593250000,1593270458,20458
27867,1593300000,1593320458,20458
27868,1593350000,1593370458,20458
27869,1593400000,1593420458,20458
27870,1593450000,1593470458,20458
27871,1593500000,1593520458,20458
27872,1593550000,1593570458,20458
27873,1593600000,1593620458,20458
27874,1593650000,1593670458,20458
27875,1593700000,1593720458,20458
27876,1593750000,1593770458,20458
27877,1593800000,1593820458,20458
27878,1593850000,1593870458,20458
27879,1593900000,1593920458,20458
27880,1593950000,1593970458,20458
27881,1594000000,1594020458,20458
27882,1594050000,1594070458,20458
27883,1594100000,1594120458,20458
27884,1594150000,1594170458,20458
27885,1594200000,1594220458,20458
27886,1594250000,1594270458,20458
27887,1594300000,1594320458,20458
27888,1594350000,1594370458,20458
27889,1594400000,1594420458,20458
27890,1594450000,1594470458,20458
27891,1594500000,1594520458,20458
27892,1594550000,1594570458,20458
27893,1594600000,1594620458,20458
27894,1594650000,1594670458,20458
27895,1594700000,1594720458,20458
27896,1594750000,1594770458,20458
27897,1594800000,1594820458,20458
27898,1594850000,1594870458,20458
27899,1594900000,1594920458,20458
27900,1594950000,1594970458,20458
27901,1595000000,1595020458,20458
27902,1595050000,1595070458,20458
27903,1595100000,1595120458,20458
27904,1595150000,1595170458,20458
27905,1595200000,1595220458,20458
27906,1595250000,1595270458,20458
27907,1595300000,1595320458,20458
27908,1595350000,1595370458,20458
27909,1595400000,1595420458,20458
27910,1595450000,1595470458,20458
27911,1595500000,1595520458,20458
27912,1595550000,1595570458,20458
27913,1595600000,1595620458,20458
27914,1595650000,1595670458,20458
27915,1595700000,1595720458,20458
27916,1595750000,1595770458,20458
27917,1595800000,1595820458,20458
27918,1595850000,1595870458,20458
27919,1595900000,1595920458,20458
27920,1595950000,1595970458,20458
27921,1596000000,1596020458,20458
27922,1596050000,1596070458,20458
27923,1596100000,1596120458,20458
27924,1596150000,1596170458,20458
27925,1596200000,1596220458,20458
27926,1596250000,1596270458,20458
27927,1596300000,1596320458,20458
27928,1596350000,1596370458,20458
27929,1596400000,1596420458,20458
27930,1596450000,1596470458,20458
27931,1596500000,1596520458,20458
27932,1596550000,1596570458,20458
27933,1596600000,1596620458,20458
27934,1596650000,1596670458,20458
27935,1596700000,1596720458,20458
27936,1596750000,1596770458,20458
27937,1596800000,1596820458,20458
27938,1596850000,1596870458,20458
27939,1596900000,1596920458,20458
27940,1596950000,1596970458,20458
27941,1597000000,1597020458,20458
27942,1597050000,1597070458,20458
27943,1597100000,1597120458,20458
27944,1597150000,1597170458,20458
27945,1597200000,1597220458,20458
27946,1597250000,1597270458,20458
27947,1597300000,1597320458,20458
27948,1597350000,1597370458,20458
27949,1597400000,1597420458,20458
27950,1597450000,1597470458,20458
27951,1597500000,1597520458,20458
27952,1597550000,1597570458,20458
27953,1597600000,1597620458,20458
27954,1597650000,1597670458,20458
27955,1597700000,1597720458,20458
27956,1597750000,1597770458,20458
27957,1597800000,1597820458,20458
27958,1597850000,1597870458,20458
27959,1597900000,1597920458,20458
27960,1597950000,1597970458,20458
27961,1598000000,1598020458,20458
27962,1598050000,1598070458,20458
27963,1598100000,1598120458,20458
27964,1598150000,1598170458,20458
27965,1598200000,1598220458,20458
27966,1598250000,1598270458,20458
27967,1598300000,1598320458,20458
27968,1598350000,1598370458,20458
27969,1598400000,1598420458,20458
27970,1598450000,1598470458,20458
27971,1598500000,1598520458,20458
27972,1598550000,1598570458,20458
27973,1598600000,1598620458,20458
27974,1598650000,1598670458,20458
27975,1598700000,1598720458,20458
27976,1598750000,1598770458,20458
27977,1598800000,1598820458,20458
27978,1598850000,1598870458,20458
27979,1598900000,1598920458,20458
27980,1598950000,1598970458,20458
27981,1599000000,1599020458,20458
27982,1599050000,1599070458,20458
27983,1599100000,1599120458,20458
27984,1599150000,1599170458,20458
27985,1599200000,1599220458,20458
27986,1599250000,1599270458,20458
27987,1599300000,1599320458,20458
27988,1599350000,1599370458,20458
27989,1599400000,1599420458,20458
27990,1599450000,1599470458,20458
27991,1599500000,1599520458,20458
27992,1599550000,1599570458,20458
27993,1599600000,1599620458,20458
27994,1599650000,1599670458,20458
27995,1599700000,1599720458,20458
27996,1599750000,1599770458,20458
27997,1599800000,1599820458,20458
27998,1599850000,1599870458,20458
27999,1599900000,1599920458,20458
28000,1599950000,1599970458,20458
28001,1600000000,1600020458,20458
28002,1600050000,1600070458,20458
28003,1600100000,1600120458,20458
28004,1600150000,1600170458,20458
28005,1600200000,1600220458,20458
28006,1600250000,1600270458,20458
28007,1600300000,1600320458,20458
28008,1600350000,1600370458,20458
28009,1600400000,1600420458,20458
28010,1600450000,1600470458,20458
28011,1600500000,1600520458,20458
28012,1600550000,1600570458,20458
28013,1600600000,1600620458,20458
28014,1600650000,1600670458,20458
28015,1600700000,1600720458,20458
28016,1600750000,1600770458,20458
28017,1600800000,1600820458,20458
28018,1600850000,1600870458,20458
28019,1600900000,1600920458,20458
28020,1600950000,1600970458,20458
28021,1601000000,1601020458,20458
28022,1601050000,1601070458,20458
28023,1601100000,1601120458,20458
28024,1601150000,1601170458,20458
28025,1601200000,1601220458,20458
28026,1601250000,1601270458,20458
28027,1601300000,1601320458,20458
28028,1601350000,1601370458,20458
28029,1601400000,1601420458,20458
28030,1601450000,1601470458,20458
28031,1601500000,1601520458,20458
28032,1601550000,1601570458,20458
28033,1601600000,1601620458,20458
28034,1601650000,1601670458,20458
28035,1601700000,1601720458,20458
28036,1601750000,1601770458,20458
28037,1601800000,1601820458,20458
28038,1601850000,1601870458,20458
28039,1601900000,1601920458,20458
28040,1601950000,1601970458,20458
28041,1602000000,1602020458,20458
28042,1602050000,1602070458,20458
28043,1602100000,1602120458,20458
28044,1602150000,1602170458,20458
28045,1602200000,1602220458,20458
28046,1602250000,1602270458,20458
28047,1602300000,1602320458,20458
28048,1602350000,1602370458,20458
28049,1602400000,1602420458,20458
28050,1602450000,1602470458,20458
28051,1602500000,1602520458,20458
28052,1602550000,1602570458,20458
28053,1602600000,1602620458,20458
28054,1602650000,1602670458,20458
28055,1602700000,1602720458,20458
28056,1602750000,1602770458,20458
28057,1602800000,1602820458,20458
28058,1602850000,1602870458,20458
28059,1602900000,1602920458,20458
28060,1602950000,1602970458,20458
28061,1603000000,1603020458,20458
28062,1603050000,1603070458,20458
28063,1603100000,1603120458,20458
28064,1603150000,1603170458,20458
28065,1603200000,1603220458,20458
28066,1603250000,1603270458,20458
28067,1603300000,1603320458,20458
28068,1603350000,1603370458,20458
28069,1603400000,1603420458,20458
28070,1603450000,1603470458,20458
28071,1603500000,1603520458,20458
28072,1603550000,1603570458,20458
28073,1603600000,1603620458,20458
28074,1603650000,1603670458,20458
28075,1603700000,1603720458,20458
28076,1603750000,1603770458,20458
28077,1603800000,1603820458,20458
28078,1603850000,1603870458,20458
28079,1603900000,1603920458,20458
28080,1603950000,1603970458,20458
28081,1604000000,1604020458,20458
28082,1604050000,1604070458,20458
28083,1604100000,1604120458,20458
28084,1604150000,1604170458,20458
28085,1604200000,1604220458,20458
28086,1604250000,1604270458,20458
28087,1604300000,1604320458,20458
28088,1604350000,1604370458,20458
28089,1604400000,1604420458,20458
28090,1604450000,1604470458,20458
28091,1604500000,1604520458,20458
28092,1604550000,1604570458,20458
28093,1604600000,1604620458,20458
28094,1604650000,1604670458,20458
28095,1604700000,1604720458,20458
28096,1604750000,1604770458,20458
28097,1604800000,1604820458,20458
28098,1604850000,1604870458,20458
28099,1604900000,1604920458,20458
28100,1604950000,1604970458,20458
28101,1605000000,1605020458,20458
28102,1605050000,1605070458,20458
28103,1605100000,1605120458,20458
28104,1605150000,1605170458,20458
28105,1605200000,1605220458,20458
28106,1605250000,1605270458,20458
28107,1605300000,1605320458,20458
28108,1605350000,1605370458,20458
28109,1605400000,1605420458,20458
28110,1605450000,1605470458,20458
28111,1605500000,1605520458,20458
28112,1605550000,1605570458,20458
28113,1605600000,1605620458,20458
28114,1605650000,1605670458,20458
28115,1605700000,1605720458,20458
28116,1605750000,1605770458,20458
28117,1605800000,1605820458,20458
28118,1605850000,1605870458,20458
28119,1605900000,1605920458,20458
28120,1605950000,1605970458,20458
28121,1606000000,1606020458,20458
28122,1606050000,1606070458,20458
28123,1606100000,1606120458,20458
28124,1606150000,1606170458,20458
28125,1606200000,1606220458,20458
28126,1606250000,1606270458,20458
28127,1606300000,1606320458,20458
28128,1606350000,1606370458,20458
28129,1606400000,1606420458,20458
28130,1606450000,1606470458,20458
28131,1606500000,1606520458,20458
28132,1606550000,1606570458,20458
28133,1606600000,1606620458,20458
28134,1606650000,1606670458,20458
28135,1606700000,1606720458,20458
28136,1606750000,1606770458,20458
28137,1606800000,1606820458,20458
28138,1606850000,1606870458,20458
28139,1606900000,1606920458,20458
28140,1606950000,1606970458,20458
28141,1607000000,1607020458,20458
28142,1607050000,1607070458,20458
28143,1607100000,1607120458,20458
28144,1607150000,1607170458,20458
28145,1607200000,1607220458,20458
28146,1607250000,1607270458,20458
28147,1607300000,1607320458,20458
28148,1607350000,1607370458,20458
28149,1607400000,1607420458,20458
28150,1607450000,1607470458,20458
28151,1607500000,1607520458,20458
28152,1607550000,1607570458,20458
28153,1607600000,1607620458,20458
28154,1607650000,1607670458,20458
28155,1607700000,1607720458,20458
28156,1607750000,1607770458,20458
28157,1607800000,1607820458,20458
28158,1607850000,1607870458,20458
28159,1607900000,1607920458,20458
28160,1607950000,1607970458,20458
28161,1608000000,1608020458,20458
28162,1608050000,1608070458,20458
28163,1608100000,1608120458,20458
28164,1608150000,1608170458,20458
28165,1608200000,1608220458,20458
28166,1608250000,1608270458,20458
28167,1608300000,1608320458,20458
28168,1608350000,1608370458,20458
28169,1608400000,1608420458,20458
28170,1608450000,1608470458,20458
28171,1608500000,1608520458,20458
28172,1608550000,1608570458,20458
28173,1608600000,1608620458,20458
28174,1608650000,1608670458,20458
28175,1608700000,1608720458,20458
28176,1608750000,1608770458,20458
28177,1608800000,1608820458,20458
28178,1608850000,1608870458,20458
28179,1608900000,1608920458,20458
28180,1608950000,1608970458,20458
28181,1609000000,1609020458,20458
28182,1609050000,1609070458,20458
28183,1609100000,1609120458,20458
28184,1609150000,1609170458,20458
28185,1609200000,1609220458,20458
28186,1609250000,1609270458,20458
28187,1609300000,1609320458,20458
28188,1609350000,1609370458,20458
28189,1609400000,1609420458,20458
28190,1609450000,1609470458,20458
28191,1609500000,1609520458,20458
28192,1609550000,1609570458,20458
28193,1609600000,1609620458,20458
28194,1609650000,1609670458,20458
28195,1609700000,1609720458,20458
28196,1609750000,1609770458,20458
28197,1609800000,1609820458,20458
28198,1609850000,1609870458,20458
28199,1609900000,1609920458,20458
28200,1609950000,1609970458,20458
28201,1610000000,1610020458,20458
28202,1610050000,1610070458,20458
28203,1610100000,1610120458,20458
28204,1610150000,1610170458,20458
28205,1610200000,1610220458,20458
28206,1610250000,1610270458,20458
28207,1610300000,1610320458,20458
28208,1610350000,1610370458,20458
28209,1610400000,1610420458,20458
28210,1610450000,1610470458,20458
28211,1610500000,1610520458,20458
28212,1610550000,1610570458,20458
28213,1610600000,1610620458,20458
28214,1610650000,1610670458,20458
28215,1610700000,1610720458,20458
28216,1610750000,1610770458,20458
28217,1610800000,1610820458,20458
28218,1610850000,1610870458,20458
28219,1610900000,1610920458,20458
28220,1610950000,1610970458,20458
28221,1611000000,1611020458,20458
28222,1611050000,1611070458,20458
28223,1611100000,1611120458,20458
28224,1611150000,1611170458,20458
28225,1611200000,1611220458,20458
28226,1611250000,1611270458,20458
28227,1611300000,1611320458,20458
28228,1611350000,1611370458,20458
28229,1611400000,1611420458,20458
28230,1611450000,1611470458,20458
28231,1611500000,1611520458,20458
28232,1611550000,1611570458,20458
28233,1611600000,1611620458,20458
28234,1611650000,1611670458,20458
28235,1611700000,1611720458,20458
28236,1611750000,1611770458,20458
28237,1611800000,1611820458,20458
28238,1611850000,1611870458,20458
28239,1611900000,1611920458,20458
28240,1611950000,1611970458,20458
28241,1612000000,1612020458,20458
28242,1612050000,1612070458,20458
28243,1612100000,1612120458,20458
28244,1612150000,1612170458,20458
28245,1612200000,1612220458,20458
28246,1612250000,1612270458,20458
28247,1612300000,1612320458,20458
28248,1612350000,1612370458,20458
28249,1612400000,1612420458,20458
28250,1612450000,1612470458,20458
28251,1612500000,1612520458,20458
28252,1612550000,1612570458,20458
28253,1612600000,1612620458,20458
28254,1612650000,1612670458,20458
28255,1612700000,1612720458,20458
28256,1612750000,1612770458,20458
28257,1612800000,1612820458,20458
28258,1612850000,1612870458,20458
28259,1612900000,1612920458,20458
28260,1612950000,1612970458,20458
28261,1613000000,1613020458,20458
28262,1613050000,1613070458,20458
28263,1613100000,1613120458,20458
28264,1613150000,1613170458,20458
28265,1613200000,1613220458,20458
28266,1613250000,1613270458,20458
28267,1613300000,1613320458,20458
28268,1613350000,1613370458,20458
28269,1613400000,1613420458,20458
28270,1613450000,1613470458,20458
28271,1613500000,1613520458,20458
28272,1613550000,1613570458,20458
28273,1613600000,1613620458,20458
28274,1613650000,1613670458,20458
28275,1613700000,1613720458,20458
28276,1613750000,1613770458,20458
28277,1613800000,1613820458,20458
28278,1613850000,1613870458,20458
28279,1613900000,1613920458,20458
28280,1613950000,1613970458,20458
28281,1614000000,1614020458,20458
28282,1614050000,1614070458,20458
28283,1614100000,1614120458,20458
28284,1614150000,1614170458,20458
28285,1614200000,1614220458,20458
28286,1614250000,1614270458,20458
28287,1614300000,1614320458,20458
28288,1614350000,1614370458,20458
28289,1614400000,1614420458,20458
28290,1614450000,1614470458,20458
28291,1614500000,1614520458,20458
28292,1614550000,1614570458,20458
28293,1614600000,1614620458,20458
28294,1614650000,1614670458,20458
28295,1614700000,1614720458,20458
28296,1614750000,1614770458,20458
28297,1614800000,1614820458,20458
28298,1614850000,1614870458,20458
28299,1614900000,1614920458,20458
28300,1614950000,1614970458,20458
28301,1615000000,1615020458,20458
28302,1615050000,1615070458,20458
28303,1615100000,1615120458,20458
28304,1615150000,1615170458,20458
28305,1615200000,1615220458,20458
28306,1615250000,1615270458,20458
28307,1615300000,1615320458,20458
28308,1615350000,1615370458,20458
28309,1615400000,1615420458,20458
28310,1615450000,1615470458,20458
28311,1615500000,1615520458,20458
28312,1615550000,1615570458,20458
28313,1615600000,1615620458,20458
28314,1615650000,1615670458,20458
28315,1615700000,1615720458,20458
28316,1615750000,1615770458,20458
28317,1615800000,1615820458,20458
28318,1615850000,1615870458,20458
28319,1615900000,1615920458,20458
28320,1615950000,1615970458,20458
28321,1616000000,1616020458,20458
28322,1616050000,1616070458,20458
28323,1616100000,1616120458,20458
28324,1616150000,1616170458,20458
28325,1616200000,1616220458,20458
28326,1616250000,1616270458,20458
28327,1616300000,1616320458,20458
28328,1616350000,1616370458,20458
28329,1616400000,1616420458,20458
28330,1616450000,1616470458,20458
28331,1616500000,1616520458,20458
28332,1616550000,1616570458,20458
28333,1616600000,1616620458,20458
28334,1616650000,1616670458,20458
28335,1616700000,1616720458,20458
28336,1616750000,1616770458,20458
28337,1616800000,1616820458,20458
28338,1616850000,1616870458,20458
28339,1616900000,1616920458,20458
28340,1616950000,1616970458,20458
28341,1617000000,1617020458,20458
28342,1617050000,1617070458,20458
28343,1617100000,1617120458,20458
28344,1617150000,1617170458,20458
28345,1617200000,1617220458,20458
28346,1617250000,1617270458,20458
28347,1617300000,1617320458,20458
28348,1617350000,1617370458,20458
28349,1617400000,1617420458,20458
28350,1617450000,1617470458,20458
28351,1617500000,1617520458,20458
28352,1617550000,1617570458,20458
28353,1617600000,1617620458,20458
28354,1617650000,1617670458,20458
28355,1617700000,1617720458,20458
28356,1617750000,1617770458,20458
28357,1617800000,1617820458,20458
28358,1617850000,1617870458,20458
28359,1617900000,1617920458,20458
28360,1617950000,1617970458,20458
28361,1618000000,1618020458,20458
28362,1618050000,1618070458,20458
28363,1618100000,1618120458,20458
28364,1618150000,1618170458,20458
28365,1618200000,1618220458,20458
28366,1618250000,1618270458,20458
28367,1618300000,1618320458,20458
28368,1618350000,1618370458,20458
28369,1618400000,1618420458,20458
28370,1618450000,1618470458,20458
28371,1618500000,1618520458,20458
28372,1618550000,1618570458,20458
28373,1618600000,1618620458,20458
28374,1618650000,1618670458,20458
28375,1618700000,1618720458,20458
28376,1618750000,1618770458,20458
28377,1618800000,1618820458,20458
28378,1618850000,1618870458,20458
28379,1618900000,1618920458,20458
28380,1618950000,1618970458,20458
28381,1619000000,1619020458,20458
28382,1619050000,1619070458,20458
28383,1619100000,1619120458,20458
28384,1619150000,1619170458,20458
28385,1619200000,1619220458,20458
28386,1619250000,1619270458,20458
28387,1619300000,1619320458,20458
28388,1619350000,1619370458,20458
28389,1619400000,1619420458,20458
28390,1619450000,1619470458,20458
28391,1619500000,1619520458,20458
28392,1619550000,1619570458,20458
28393,1619600000,1619620458,20458
28394,1619650000,1619670458,20458
28395,1619700000,1619720458,20458
28396,1619750000,1619770458,20458
28397,1619800000,1619820458,20458
28398,1619850000,1619870458,20458
28399,1619900000,1619920458,20458
28400,1619950000,1619970458,20458
28401,1620000000,1620020458,20458
28402,1620050000,1620070458,20458
28403,1620100000,1620120458,20458
28404,1620150000,1620170458,20458
28405,1620200000,1620220458,20458
28406,1620250000,1620270458,20458
28407,1620300000,1620320458,20458
28408,1620350000,1620370458,20458
28409,1620400000,1620420458,20458
28410,1620450000,1620470458,20458
28411,1620500000,1620520458,20458
28412,1620550000,1620570458,20458
28413,1620600000,1620620458,20458
28414,1620650000,1620670458,20458
28415,1620700000,1620720458,20458
28416,1620750000,1620770458,20458
28417,1620800000,1620820458,20458
28418,1620850000,1620870458,20458
28419,1620900000,1620920458,20458
28420,1620950000,1620970458,20458
28421,1621000000,1621020458,20458
28422,1621050000,1621070458,20458
28423,1621100000,1621120458,20458
28424,1621150000,1621170458,20458
28425,1621200000,1621220458,20458
28426,1621250000,1621270458,20458
28427,1621300000,1621320458,20458
28428,1621350000,1621370458,20458
28429,1621400000,1621420458,20458
28430,1621450000,1621470458,20458
28431,1621500000,1621520458,20458
28432,1621550000,1621570458,20458
28433,1621600000,1621620458,20458
28434,1621650000,1621670458,20458
28435,1621700000,1621720458,20458
28436,1621750000,1621770458,20458
28437,1621800000,1621820458,20458
28438,1621850000,1621870458,20458
28439,1621900000,1621920458,20458
28440,1621950000,1621970458,20458
28441,1622000000,1622020458,20458
28442,1622050000,1622070458,20458
28443,1622100000,1622120458,20458
28444,1622150000,1622170458,20458
28445,1622200000,1622220458,20458
28446,1622250000,1622270458,20458
28447,1622300000,1622320458,20458
28448,1622350000,1622370458,20458
28449,1622400000,1622420458,20458
28450,1622450000,1622470458,20458
28451,1622500000,1622520458,20458
28452,1622550000,1622570458,20458
28453,1622600000,1622620458,20458
28454,1622650000,1622670458,20458
28455,1622700000,1622720458,20458
28456,1622750000,1622770458,20458
28457,1622800000,1622820458,20458
28458,1622850000,1622870458,20458
28459,1622900000,1622920458,20458
28460,1622950000,1622970458,20458
28461,1623000000,1623020458,20458
28462,1623050000,1623070458,20458
28463,1623100000,1623120458,20458
28464,1623150000,1623170458,20458
28465,1623200000,1623220458,20458
28466,1623250000,1623270458,20458
28467,1623300000,1623320458,20458
28468,1623350000,1623370458,20458
28469,1623400000,1623420458,20458
28470,1623450000,1623470458,20458
28471,1623500000,1623520458,20458
28472,1623550000,1623570458,20458
28473,1623600000,1623620458,20458
28474,1623650000,1623670458,20458
28475,1623700000,1623720458,20458
28476,1623750000,1623770458,20458
28477,1623800000,1623820458,20458
28478,1623850000,1623870458,20458
28479,1623900000,1623920458,20458
28480,1623950000,1623970458,20458
28481,1624000000,1624020458,20458
28482,1624050000,1624070458,20458
28483,1624100000,1624120458,20458
28484,1624150000,1624170458,20458
28485,1624200000,1624220458,20458
28486,1624250000,1624270458,20458
28487,1624300000,1624320458,20458
28488,1624350000,1624370458,20458
28489,1624400000,1624420458,20458
28490,1624450000,1624470458,20458
28491,1624500000,1624520458,20458
28492,1624550000,1624570458,20458
28493,1624600000,1624620458,20458
28494,1624650000,1624670458,20458
28495,1624700000,1624720458,20458
28496,1624750000,1624770458,20458
28497,1624800000,1624820458,20458
28498,1624850000,1624870458,20458
28499,1624900000,1624920458,20458
28500,1624950000,1624970458,20458
28501,1625000000,1625020458,20458
28502,1625050000,1625070458,20458
28503,1625100000,1625120458,20458
28504,1625150000,1625170458,20458
28505,1625200000,1625220458,20458
28506,1625250000,1625270458,20458
28507,1625300000,1625320458,20458
28508,1625350000,1625370458,20458
28509,1625400000,1625420458,20458
28510,1625450000,1625470458,20458
28511,1625500000,1625520458,20458
28512,1625550000,1625570458,20458
28513,1625600000,1625620458,20458
28514,1625650000,1625670458,20458
28515,1625700000,1625720458,20458
28516,1625750000,1625770458,20458
28517,1625800000,1625820458,20458
28518,1625850000,1625870458,20458
28519,1625900000,1625920458,20458
28520,1625950000,1625970458,20458
28521,1626000000,1626020458,20458
28522,1626050000,1626070458,20458
28523,1626100000,1626120458,20458
28524,1626150000,1626170458,20458
28525,1626200000,1626220458,20458
28526,1626250000,1626270458,20458
28527,1626300000,1626320458,20458
28528,1626350000,1626370458,20458
28529,1626400000,1626420458,20458
28530,1626450000,1626470458,20458
28531,1626500000,1626520458,20458
28532,1626550000,1626570458,20458
28533,1626600000,1626620458,20458
28534,1626650000,1626670458,20458
28535,1626700000,1626720458,20458
28536,1626750000,1626770458,20458
28537,1626800000,1626820458,20458
28538,1626850000,1626870458,20458
28539,1626900000,1626920458,20458
28540,1626950000,1626970458,20458
28541,1627000000,1627020458,20458
28542,1627050000,1627070458,20458
28543,1627100000,1627120458,20458
28544,1627150000,1627170458,20458
28545,1627200000,1627220458,20458
28546,1627250000,1627270458,20458
28547,1627300000,1627320458,20458
28548,1627350000,1627370458,20458
28549,1627400000,1627420458,20458
28550,1627450000,1627470458,20458
28551,1627500000,1627520458,20458
28552,1627550000,1627570458,20458
28553,1627600000,1627620458,20458
28554,1627650000,1627670458,20458
28555,1627700000,1627720458,20458
28556,1627750000,1627770458,20458
28557,1627800000,1627820458,20458
28558,1627850000,1627870458,20458
28559,1627900000,1627920458,20458
28560,1627950000,1627970458,20458
28561,1628000000,1628020458,20458
28562,1628050000,1628070458,20458
28563,1628100000,1628120458,20458
28564,1628150000,1628170458,20458
28565,1628200000,1628220458,20458
28566,1628250000,1628270458,20458
28567,1628300000,1628320458,20458
28568,1628350000,1628370458,20458
28569,1628400000,1628420458,20458
28570,1628450000,1628470458,20458
28571,1628500000,1628520458,20458
28572,1628550000,1628570458,20458
28573,1628600000,1628620458,20458
28574,1628650000,1628670458,20458
28575,1628700000,1628720458,20458
28576,1628750000,1628770458,20458
28577,1628800000,1628820458,20458
28578,1628850000,1628870458,20458
28579,1628900000,1628920458,20458
28580,1628950000,1628970458,20458
28581,1629000000,1629020458,20458
28582,1629050000,1629070458,20458
28583,1629100000,1629120458,20458
28584,1629150000,1629170458,20458
28585,1629200000,1629220458,20458
28586,1629250000,1629270458,20458
28587,1629300000,1629320458,20458
28588,1629350000,1629370458,20458
28589,1629400000,1629420458,20458
28590,1629450000,1629470458,20458
28591,1629500000,1629520458,20458
28592,1629550000,1629570458,20458
28593,1629600000,1629620458,20458
28594,1629650000,1629670458,20458
28595,1629700000,1629720458,20458
28596,1629750000,1629770458,20458
28597,1629800000,1629820458,20458
28598,1629850000,1629870458,20458
28599,1629900000,1629920458,20458
28600,1629950000,1629970458,20458
28601,1630000000,1630020458,20458
28602,1630050000,1630070458,20458
28603,1630100000,1630120458,20458
28604,1630150000,1630170458,20458
28605,1630200000,1630220458,20458
28606,1630250000,1630270458,20458
28607,1630300000,1630320458,20458
28608,1630350000,1630370458,20458
28609,1630400000,1630420458,20458
28610,1630450000,1630470458,20458
28611,1630500000,1630520458,20458
28612,1630550000,1630570458,20458
28613,1630600000,1630620458,20458
28614,1630650000,1630670458,20458
28615,1630700000,1630720458,20458
28616,1630750000,1630770458,20458
28617,1630800000,1630820458,20458
28618,1630850000,1630870458,20458
28619,1630900000,1630920458,20458
28620,1630950000,1630970458,20458
28621,1631000000,1631020458,20458
28622,1631050000,1631070458,20458
28623,1631100000,1631120458,20458
28624,1631150000,1631170458,20458
28625,1631200000,1631220458,20458
28626,1631250000,1631270458,20458
28627,1631300000,1631320458,20458
28628,1631350000,1631370458,20458
28629,1631400000,1631420458,20458
28630,1631450000,1631470458,20458
28631,1631500000,1631520458,20458
28632,1631550000,1631570458,20458
28633,1631600000,1631620458,20458
28634,1631650000,1631670458,20458
28635,1631700000,1631720458,20458
28636,1631750000,1631770458,20458
28637,1631800000,1631820458,20458
28638,1631850000,1631870458,20458
28639,1631900000,1631920458,20458
28640,1631950000,1631970458,20458
28641,1632000000,1632020458,20458
28642,1632050000,1632070458,20458
28643,1632100000,1632120458,20458
28644,1632150000,1632170458,20458
28645,1632200000,1632220458,20458
28646,1632250000,1632270458,20458
28647,1632300000,1632320458,20458
28648,1632350000,1632370458,20458
28649,1632400000,1632420458,20458
28650,1632450000,1632470458,20458
28651,1632500000,1632520458,20458
28652,1632550000,1632570458,20458
28653,1632600000,1632620458,20458
28654,1632650000,1632670458,20458
28655,1632700000,1632720458,20458
28656,1632750000,1632770458,20458
28657,1632800000,1632820458,20458
28658,1632850000,1632870458,20458
28659,1632900000,1632920458,20458
28660,1632950000,1632970458,20458
28661,1633000000,1633020458,20458
28662,1633050000,1633070458,20458
28663,1633100000,1633120458,20458
28664,1633150000,1633170458,20458
28665,1633200000,1633220458,20458
28666,1633250000,1633270458,20458
28667,1633300000,1633320458,20458
28668,1633350000,1633370458,20458
28669,1633400000,1633420458,20458
28670,1633450000,1633470458,20458
28671,1633500000,1633520458,20458
28672,1633550000,1633570458,20458
28673,1633600000,1633620458,20458
28674,1633650000,1633670458,20458
28675,1633700000,1633720458,20458
28676,1633750000,1633770458,20458
28677,1633800000,1633820458,20458
28678,1633850000,1633870458,20458
28679,1633900000,1633920458,20458
28680,1633950000,1633970458,20458
28681,1634000000,1634020458,20458
28682,1634050000,1634070458,20458
28683,1634100000,1634120458,20458
28684,1634150000,1634170458,20458
28685,1634200000,1634220458,20458
28686,1634250000,1634270458,20458
28687,1634300000,1634320458,20458
28688,1634350000,1634370458,20458
28689,1634400000,1634420458,20458
28690,1634450000,1634470458,20458
28691,1634500000,1634520458,20458
28692,1634550000,1634570458,20458
28693,1634600000,1634620458,20458
28694,1634650000,1634670458,20458
28695,1634700000,1634720458,20458
28696,1634750000,1634770458,20458
28697,1634800000,1634820458,20458
28698,1634850000,1634870458,20458
28699,1634900000,1634920458,20458
28700,1634950000,1634970458,20458
28701,1635000000,1635020458,20458
28702,1635050000,1635070458,20458
28703,1635100000,1635120458,20458
28704,1635150000,1635170458,20458
28705,1635200000,1635220458,20458
28706,1635250000,1635270458,20458
28707,1635300000,1635320458,20458
28708,1635350000,1635370458,20458
28709,1635400000,1635420458,20458
28710,1635450000,1635470458,20458
28711,1635500000,1635520458,20458
28712,1635550000,1635570458,20458
28713,1635600000,1635620458,20458
28714,1635650000,1635670458,20458
28715,1635700000,1635720458,20458
28716,1635750000,1635770458,20458
28717,1635800000,1635820458,20458
28718,1635850000,1635870458,20458
28719,1635900000,1635920458,20458
28720,1635950000,1635970458,20458
28721,1636000000,1636020458,20458
28722,1636050000,1636070458,20458
28723,1636100000,1636120458,20458
28724,1636150000,1636170458,20458
28725,1636200000,1636220458,20458
28726,1636250000,1636270458,20458
28727,1636300000,1636320458,20458
28728,1636350000,1636370458,20458
28729,1636400000,1636420458,20458
28730,1636450000,1636470458,20458
28731,1636500000,1636520458,20458
28732,1636550000,1636570458,20458
28733,1636600000,1636620458,20458
28734,1636650000,1636670458,20458
28735,1636700000,1636720458,20458
28736,1636750000,1636770458,20458
28737,1636800000,1636820458,20458
28738,1636850000,1636870458,20458
28739,1636900000,1636920458,20458
28740,1636950000,1636970458,20458
28741,1637000000,1637020458,20458
28742,1637050000,1637070458,20458
28743,1637100000,1637120458,20458
28744,1637150000,1637170458,20458
28745,1637200000,1637220458,20458
28746,1637250000,1637270458,20458
28747,1637300000,1637320458,20458
28748,1637350000,1637370458,20458
28749,1637400000,1637420458,20458
28750,1637450000,1637470458,20458
28751,1637500000,1637520458,20458
28752,1637550000,1637570458,20458
28753,1637600000,1637620458,20458
28754,1637650000,1637670458,20458
28755,1637700000,1637720458,20458
28756,1637750000,1637770458,20458
28757,1637800000,1637820458,20458
28758,1637850000,1637870458,20458
28759,1637900000,1637920458,20458
28760,1637950000,1637970458,20458
28761,1638000000,1638020458,20458
28762,1638050000,1638070458,20458
28763,1638100000,1638120458,20458
28764,1638150000,1638170458,20458
28765,1638200000,1638220458,20458
28766,1638250000,1638270458,20458
28767,1638300000,1638320458,20458
28768,1638350000,1638370458,20458
28769,1638400000,1638420458,20458
28770,1638450000,1638470458,20458
28771,1638500000,1638520458,20458
28772,1638550000,1638570458,20458
28773,1638600000,1638620458,20458
28774,1638650000,1638670458,20458
28775,1638700000,1638720458,20458
28776,1638750000,1638770458,20458
28777,1638800000,1638820458,20458
28778,1638850000,1638870458,20458
28779,1638900000,1638920458,20458
28780,1638950000,1638970458,20458
28781,1639000000,1639020458,20458
28782,1639050000,1639070458,20458
28783,1639100000,1639120458,20458
28784,1639150000,1639170458,20458
28785,1639200000,1639220458,20458
28786,1639250000,1639270458,20458
28787,1639300000,1639320458,20458
28788,1639350000,1639370458,20458
28789,1639400000,1639420458,20458
28790,1639450000,1639470458,20458
28791,1639500000,1639520458,20458
28792,1639550000,1639570458,20458
28793,1639600000,1639620458,20458
28794,1639650000,1639670458,20458
28795,1639700000,1639720458,20458
28796,1639750000,1639770458,20458
28797,1639800000,1639820458,20458
28798,1639850000,1639870458,20458
28799,1639900000,1639920458,20458
28800,1639950000,1639970458,20458
28801,1640000000,1640020458,20458
28802,1640050000,1640070458,20458
28803,1640100000,1640120458,20458
28804,1640150000,1640170458,20458
28805,1640200000,1640220458,20458
28806,1640250000,1640270458,20458
28807,1640300000,1640320458,20458
28808,1640350000,1640370458,20458
28809,1640400000,1640420458,20458
28810,1640450000,1640470458,20458
28811,1640500000,1640520458,20458
28812,1640550000,1640570458,20458
28813,1640600000,1640620458,20458
28814,1640650000,1640670458,20458
28815,1640700000,1640720458,20458
28816,1640750000,1640770458,20458
28817,1640800000,1640820458,20458
28818,1640850000,1640870458,20458
28819,1640900000,1640920458,20458
28820,1640950000,1640970458,20458
28821,1641000000,1641020458,20458
28822,1641050000,1641070458,20458
28823,1641100000,1641120458,20458
28824,1641150000,1641170458,20458
28825,1641200000,1641220458,20458
28826,1641250000,1641270458,20458
28827,1641300000,1641320458,20458
28828,1641350000,1641370458,20458
28829,1641400000,1641420458,20458
28830,1641450000,1641470458,20458
28831,1641500000,1641520458,20458
28832,1641550000,1641570458,20458
28833,1641600000,1641620458,20458
28834,1641650000,1641670458,20458
28835,1641700000,1641720458,20458
28836,1641750000,1641770458,20458
28837,1641800000,1641820458,20458
28838,1641850000,1641870458,20458
28839,1641900000,1641920458,20458
28840,1641950000,1641970458,20458
28841,1642000000,1642020458,20458
28842,1642050000,1642070458,20458
28843,1642100000,1642120458,20458
28844,1642150000,1642170458,20458
28845,1642200000,1642220458,20458
28846,1642250000,1642270458,20458
28847,1642300000,1642320458,20458
28848,1642350000,1642370458,20458
28849,1642400000,1642420458,20458
28850,1642450000,1642470458,20458
28851,1642500000,1642520458,20458
28852,1642550000,1642570458,20458
28853,1642600000,1642620458,20458
28854,1642650000,1642670458,20458
28855,1642700000,1642720458,20458
28856,1642750000,1642770458,20458
28857,1642800000,1642820458,20458
28858,1642850000,1642870458,20458
28859,1642900000,1642920458,20458
28860,1642950000,1642970458,20458
28861,1643000000,1643020458,20458
28862,1643050000,1643070458,20458
28863,1643100000,1643120458,20458
28864,1643150000,1643170458,20458
28865,1643200000,1643220458,20458
28866,1643250000,1643270458,20458
28867,1643300000,1643320458,20458
28868,1643350000,1643370458,20458
28869,1643400000,1643420458,20458
28870,1643450000,1643470458,20458
28871,1643500000,1643520458,20458
28872,1643550000,1643570458,20458
28873,1643600000,1643620458,20458
28874,1643650000,1643670458,20458
28875,1643700000,1643720458,20458
28876,1643750000,1643770458,20458
28877,1643800000,1643820458,20458
28878,1643850000,1643870458,20458
28879,1643900000,1643920458,20458
28880,1643950000,1643970458,20458
28881,1644000000,1644020458,20458
28882,1644050000,1644070458,20458
28883,1644100000,1644120458,20458
28884,1644150000,1644170458,20458
28885,1644200000,1644220458,20458
28886,1644250000,1644270458,20458
28887,1644300000,1644320458,20458
28888,1644350000,1644370458,20458
28889,1644400000,1644420458,20458
28890,1644450000,1644470458,20458
28891,1644500000,1644520458,20458
28892,1644550000,1644570458,20458
28893,1644600000,1644620458,20458
28894,1644650000,1644670458,20458
28895,1644700000,1644720458,20458
28896,1644750000,1644770458,20458
28897,1644800000,1644820458,20458
28898,1644850000,1644870458,20458
28899,1644900000,1644920458,20458
28900,1644950000,1644970458,20458
28901,1645000000,1645020458,20458
28902,1645050000,1645070458,20458
28903,1645100000,1645120458,20458
28904,1645150000,1645170458,20458
28905,1645200000,1645220458,20458
28906,1645250000,1645270458,20458
28907,1645300000,1645320458,20458
28908,1645350000,1645370458,20458
28909,1645400000,1645420458,20458
28910,1645450000,1645470458,20458
28911,1645500000,1645520458,20458
28912,1645550000,1645570458,20458
28913,1645600000,1645620458,20458
28914,1645650000,1645670458,20458
28915,1645700000,1645720458,20458
28916,1645750000,1645770458,20458
28917,1645800000,1645820458,20458
28918,1645850000,1645870458,20458
28919,1645900000,1645920458,20458
28920,1645950000,1645970458,20458
28921,1646000000,1646020458,20458
28922,1646050000,1646070458,20458
28923,1646100000,1646120458,20458
28924,1646150000,1646170458,20458
28925,1646200000,1646220458,20458
28926,1646250000,1646270458,20458
28927,1646300000,1646320458,20458
28928,1646350000,1646370458,20458
28929,1646400000,1646420458,20458
28930,1646450000,1646470458,20458
28931,1646500000,1646520458,20458
28932,1646550000,1646570458,20458
28933,1646600000,1646620458,20458
28934,1646650000,1646670458,20458
28935,1646700000,1646720458,20458
28936,1646750000,1646770458,20458
28937,1646800000,1646820458,20458
28938,1646850000,1646870458,20458
28939,1646900000,1646920458,20458
28940,1646950000,1646970458,20458
28941,1647000000,1647020458,20458
28942,1647050000,1647070458,20458
28943,1647100000,1647120458,20458
28944,1647150000,1647170458,20458
28945,1647200000,1647220458,20458
28946,1647250000,1647270458,20458
28947,1647300000,1647320458,20458
28948,1647350000,1647370458,20458
28949,1647400000,1647420458,20458
28950,1647450000,1647470458,20458
28951,1647500000,1647520458,20458
28952,1647550000,1647570458,20458
28953,1647600000,1647620458,20458
28954,1647650000,1647670458,20458
28955,1647700000,1647720458,20458
28956,1647750000,1647770458,20458
28957,1647800000,1647820458,20458
28958,1647850000,1647870458,20458
28959,1647900000,1647920458,20458
28960,1647950000,1647970458,20458
28961,1648000000,1648020458,20458
28962,1648050000,1648070458,20458
28963,1648100000,1648120458,20458
28964,1648150000,1648170458,20458
28965,1648200000,1648220458,20458
28966,1648250000,1648270458,20458
28967,1648300000,1648320458,20458
28968,1648350000,1648370458,20458
28969,1648400000,1648420458,20458
28970,1648450000,1648470458,20458
28971,1648500000,1648520458,20458
28972,1648550000,1648570458,20458
28973,1648600000,1648620458,20458
28974,1648650000,1648670458,20458
28975,1648700000,1648720458,20458
28976,1648750000,1648770458,20458
28977,1648800000,1648820458,20458
28978,1648850000,1648870458,20458
28979,1648900000,1648920458,20458
28980,1648950000,1648970458,20458
28981,1649000000,1649020458,20458
28982,1649050000,1649070458,20458
28983,1649100000,1649120458,20458
28984,1649150000,1649170458,20458
28985,1649200000,1649220458,20458
28986,1649250000,1649270458,20458
28987,1649300000,1649320458,20458
28988,1649350000,1649370458,20458
28989,1649400000,1649420458,20458
28990,1649450000,1649470458,20458
28991,1649500000,1649520458,20458
28992,1649550000,1649570458,20458
28993,1649600000,1649620458,20458
28994,1649650000,1649670458,20458
28995,1649700000,1649720458,20458
28996,1649750000,1649770458,20458
28997,1649800000,1649820458,20458
28998,1649850000,1649870458,20458
28999,1649900000,1649920458,20458
29000,1649950000,1649970458,20458
29001,1650000000,1650020458,20458
29002,1650050000,1650070458,20458
29003,1650100000,1650120458,20458
29004,1650150000,1650170458,20458
29005,1650200000,1650220458,20458
29006,1650250000,1650270458,20458
29007,1650300000,1650320458,20458
29008,1650350000,1650370458,20458
29009,1650400000,1650420458,20458
29010,1650450000,1650470458,20458
29011,1650500000,1650520458,20458
29012,1650550000,1650570458,20458
29013,1650600000,1650620458,20458
29014,1650650000,1650670458,20458
29015,1650700000,1650720458,20458
29016,1650750000,1650770458,20458
29017,1650800000,1650820458,20458
29018,1650850000,1650870458,20458
29019,1650900000,1650920458,20458
29020,1650950000,1650970458,20458
29021,1651000000,1651020458,20458
29022,1651050000,1651070458,20458
29023,1651100000,1651120458,20458
29024,1651150000,1651170458,20458
29025,1651200000,1651220458,20458
29026,1651250000,1651270458,20458
29027,1651300000,1651320458,20458
29028,1651350000,1651370458,20458
29029,1651400000,1651420458,20458
29030,1651450000,1651470458,20458
29031,1651500000,1651520458,20458
29032,1651550000,1651570458,20458
29033,1651600000,1651620458,20458
29034,1651650000,1651670458,20458
29035,1651700000,1651720458,20458
29036,1651750000,1651770458,20458
29037,1651800000,1651820458,20458
29038,1651850000,1651870458,20458
29039,1651900000,1651920458,20458
29040,1651950000,1651970458,20458
29041,1652000000,1652020458,20458
29042,1652050000,1652070458,20458
29043,1652100000,1652120458,20458
29044,1652150000,1652170458,20458
29045,1652200000,1652220458,20458
29046,1652250000,1652270458,20458
29047,1652300000,1652320458,20458
29048,1652350000,1652370458,20458
29049,1652400000,1652420458,20458
29050,1652450000,1652470458,20458
29051,1652500000,1652520458,20458
29052,1652550000,1652570458,20458
29053,1652600000,1652620458,20458
29054,1652650000,1652670458,20458
29055,1652700000,1652720458,20458
29056,1652750000,1652770458,20458
29057,1652800000,1652820458,20458
29058,1652850000,1652870458,20458
29059,1652900000,1652920458,20458
29060,1652950000,1652970458,20458
29061,1653000000,1653020458,20458
29062,1653050000,1653070458,20458
29063,1653100000,1653120458,20458
29064,1653150000,1653170458,20458
29065,1653200000,1653220458,20458
29066,1653250000,1653270458,20458
29067,1653300000,1653320458,20458
29068,1653350000,1653370458,20458
29069,1653400000,1653420458,20458
29070,1653450000,1653470458,20458
29071,1653500000,1653520458,20458
29072,1653550000,1653570458,20458
29073,1653600000,1653620458,20458
29074,1653650000,1653670458,20458
29075,1653700000,1653720458,20458
29076,1653750000,1653770458,20458
29077,1653800000,1653820458,20458
29078,1653850000,1653870458,20458
29079,1653900000,1653920458,20458
29080,1653950000,1653970458,20458
29081,1654000000,1654020458,20458
29082,1654050000,1654070458,20458
29083,1654100000,1654120458,20458
29084,1654150000,1654170458,20458
29085,1654200000,1654220458,20458
29086,1654250000,1654270458,20458
29087,1654300000,1654320458,20458
29088,1654350000,1654370458,20458
29089,1654400000,1654420458,20458
29090,1654450000,1654470458,20458
29091,1654500000,1654520458,20458
29092,1654550000,1654570458,20458
29093,1654600000,1654620458,20458
29094,1654650000,1654670458,20458
29095,1654700000,1654720458,20458
29096,1654750000,1654770458,20458
29097,1654800000,1654820458,20458
29098,1654850000,1654870458,20458
29099,1654900000,1654920458,20458
29100,1654950000,1654970458,20458
29101,1655000000,1655020458,20458
29102,1655050000,1655070458,20458
29103,1655100000,1655120458,20458
29104,1655150000,1655170458,20458
29105,1655200000,1655220458,20458
29106,1655250000,1655270458,20458
29107,1655300000,1655320458,20458
29108,1655350000,1655370458,20458
29109,1655400000,1655420458,20458
29110,1655450000,1655470458,20458
29111,1655500000,1655520458,20458
29112,1655550000,1655570458,20458
29113,1655600000,1655620458,20458
29114,1655650000,1655670458,20458
29115,1655700000,1655720458,20458
29116,1655750000,1655770458,20458
29117,1655800000,1655820458,20458
29118,1655850000,1655870458,20458
29119,1655900000,1655920458,20458
29120,1655950000,1655970458,20458
29121,1656000000,1656020458,20458
29122,1656050000,1656070458,20458
29123,1656100000,1656120458,20458
29124,1656150000,1656170458,20458
29125,1656200000,1656220458,20458
29126,1656250000,1656270458,20458
29127,1656300000,1656320458,20458
29128,1656350000,1656370458,20458
29129,1656400000,1656420458,20458
29130,1656450000,1656470458,20458
29131,1656500000,1656520458,20458
29132,1656550000,1656570458,20458
29133,1656600000,1656620458,20458
29134,1656650000,1656670458,20458
29135,1656700000,1656720458,20458
29136,1656750000,1656770458,20458
29137,1656800000,1656820458,20458
29138,1656850000,1656870458,20458
29139,1656900000,1656920458,20458
29140,1656950000,1656970458,20458
29141,1657000000,1657020458,20458
29142,1657050000,1657070458,20458
29143,1657100000,1657120458,20458
29144,1657150000,1657170458,20458
29145,1657200000,1657220458,20458
29146,1657250000,1657270458,20458
29147,1657300000,1657320458,20458
29148,1657350000,1657370458,20458
29149,1657400000,1657420458,20458
29150,1657450000,1657470458,20458
29151,1657500000,1657520458,20458
29152,1657550000,1657570458,20458
29153,1657600000,1657620458,20458
29154,1657650000,1657670458,20458
29155,1657700000,1657720458,20458
29156,1657750000,1657770458,20458
29157,1657800000,1657820458,20458
29158,1657850000,1657870458,20458
29159,1657900000,1657920458,20458
29160,1657950000,1657970458,20458
29161,1658000000,1658020458,20458
29162,1658050000,1658070458,20458
29163,1658100000,1658120458,20458
29164,1658150000,1658170458,20458
29165,1658200000,1658220458,20458
29166,1658250000,1658270458,20458
29167,1658300000,1658320458,20458
29168,1658350000,1658370458,20458
29169,1658400000,1658420458,20458
29170,1658450000,1658470458,20458
29171,1658500000,1658520458,20458
29172,1658550000,1658570458,20458
29173,1658600000,1658620458,20458
29174,1658650000,1658670458,20458
29175,1658700000,1658720458,20458
29176,1658750000,1658770458,20458
29177,1658800000,1658820458,20458
29178,1658850000,1658870458,20458
29179,1658900000,1658920458,20458
29180,1658950000,1658970458,20458
29181,1659000000,1659020458,20458
29182,1659050000,1659070458,20458
29183,1659100000,1659120458,20458
29184,1659150000,1659170458,20458
29185,1659200000,1659220458,20458
29186,1659250000,1659270458,20458
29187,1659300000,1659320458,20458
29188,1659350000,1659370458,20458
29189,1659400000,1659420458,20458
29190,1659450000,1659470458,20458
29191,1659500000,1659520458,20458
29192,1659550000,1659570458,20458
29193,1659600000,1659620458,20458
29194,1659650000,1659670458,20458
29195,1659700000,1659720458,20458
29196,1659750000,1659770458,20458
29197,1659800000,1659820458,20458
29198,1659850000,1659870458,20458
29199,1659900000,1659920458,20458
29200,1659950000,1659970458,20458
29201,1660000000,1660020458,20458
29202,1660050000,1660070458,20458
29203,1660100000,1660120458,20458
29204,1660150000,1660170458,20458
29205,1660200000,1660220458,20458
29206,1660250000,1660270458,20458
29207,1660300000,1660320458,20458
29208,1660350000,1660370458,20458
29209,1660400000,1660420458,20458
29210,1660450000,1660470458,20458
29211,1660500000,1660520458,20458
29212,1660550000,1660570458,20458
29213,1660600000,1660620458,20458
29214,1660650000,1660670458,20458
29215,1660700000,1660720458,20458
29216,1660750000,1660770458,20458
29217,1660800000,1660820458,20458
29218,1660850000,1660870458,20458
29219,1660900000,1660920458,20458
29220,1660950000,1660970458,20458
29221,1661000000,1661020458,20458
29222,1661050000,1661070458,20458
29223,1661100000,1661120458,20458
29224,1661150000,1661170458,20458
29225,1661200000,1661220458,20458
29226,1661250000,1661270458,20458
29227,1661300000,1661320458,20458
29228,1661350000,1661370458,20458
29229,1661400000,1661420458,20458
29230,1661450000,1661470458,20458
29231,1661500000,1661520458,20458
29232,1661550000,1661570458,20458
29233,1661600000,1661620458,20458
29234,1661650000,1661670458,20458
29235,1661700000,1661720458,20458
29236,1661750000,1661770458,20458
29237,1661800000,1661820458,20458
29238,1661850000,1661870458,20458
29239,1661900000,1661920458,20458
29240,1661950000,1661970458,20458
29241,1662000000,1662020458,20458
29242,1662050000,1662070458,20458
29243,1662100000,1662120458,20458
29244,1662150000,1662170458,20458
29245,1662200000,1662220458,20458
29246,1662250000,1662270458,20458
29247,1662300000,1662320458,20458
29248,1662350000,1662370458,20458
29249,1662400000,1662420458,20458
29250,1662450000,1662470458,20458
29251,1662500000,1662520458,20458
29252,1662550000,1662570458,20458
29253,1662600000,1662620458,20458
29254,1662650000,1662670458,20458
29255,1662700000,1662720458,20458
29256,1662750000,1662770458,20458
29257,1662800000,1662820458,20458
29258,1662850000,1662870458,20458
29259,1662900000,1662920458,20458
29260,1662950000,1662970458,20458
29261,1663000000,1663020458,20458
29262,1663050000,1663070458,20458
29263,1663100000,1663120458,20458
29264,1663150000,1663170458,20458
29265,1663200000,1663220458,20458
29266,1663250000,1663270458,20458
29267,1663300000,1663320458,20458
29268,1663350000,1663370458,20458
29269,1663400000,1663420458,20458
29270,1663450000,1663470458,20458
29271,1663500000,1663520458,20458
29272,1663550000,1663570458,20458
29273,1663600000,1663620458,20458
29274,1663650000,1663670458,20458
29275,1663700000,1663720458,20458
29276,1663750000,1663770458,20458
29277,1663800000,1663820458,20458
29278,1663850000,1663870458,20458
29279,1663900000,1663920458,20458
29280,1663950000,1663970458,20458
29281,1664000000,1664020458,20458
29282,1664050000,1664070458,20458
29283,1664100000,1664120458,20458
29284,1664150000,1664170458,20458
29285,1664200000,1664220458,20458
29286,1664250000,1664270458,20458
29287,1664300000,1664320458,20458
29288,1664350000,1664370458,20458
29289,1664400000,1664420458,20458
29290,1664450000,1664470458,20458
29291,1664500000,1664520458,20458
29292,1664550000,1664570458,20458
29293,1664600000,1664620458,20458
29294,1664650000,1664670458,20458
29295,1664700000,1664720458,20458
29296,1664750000,1664770458,20458
29297,1664800000,1664820458,20458
29298,1664850000,1664870458,20458
29299,1664900000,1664920458,20458
29300,1664950000,1664970458,20458
29301,1665000000,1665020458,20458
29302,1665050000,1665070458,20458
29303,1665100000,1665120458,20458
29304,1665150000,1665170458,20458
29305,1665200000,1665220458,20458
29306,1665250000,1665270458,20458
29307,1665300000,1665320458,20458
29308,1665350000,1665370458,20458
29309,1665400000,1665420458,20458
29310,1665450000,1665470458,20458
29311,1665500000,1665520458,20458
29312,1665550000,1665570458,20458
29313,1665600000,1665620458,20458
29314,1665650000,1665670458,20458
29315,1665700000,1665720458,20458
29316,1665750000,1665770458,20458
29317,1665800000,1665820458,20458
29318,1665850000,1665870458,20458
29319,1665900000,1665920458,20458
29320,1665950000,1665970458,20458
29321,1666000000,1666020458,20458
29322,1666050000,1666070458,20458
29323,1666100000,1666120458,20458
29324,1666150000,1666170458,20458
29325,1666200000,1666220458,20458
29326,1666250000,1666270458,20458
29327,1666300000,1666320458,20458
29328,1666350000,1666370458,20458
29329,1666400000,1666420458,20458
29330,1666450000,1666470458,20458
29331,1666500000,1666520458,20458
29332,1666550000,1666570458,20458
29333,1666600000,1666620458,20458
29334,1666650000,1666670458,20458
29335,1666700000,1666720458,20458
29336,1666750000,1666770458,20458
29337,1666800000,1666820458,20458
29338,1666850000,1666870458,20458
29339,1666900000,1666920458,20458
29340,1666950000,1666970458,20458
29341,1667000000,1667020458,20458
29342,1667050000,1667070458,20458
29343,1667100000,1667120458,20458
29344,1667150000,1667170458,20458
29345,1667200000,1667220458,20458
29346,1667250000,1667270458,20458
29347,1667300000,1667320458,20458
29348,1667350000,1667370458,20458
29349,1667400000,1667420458,20458
29350,1667450000,1667470458,20458
29351,1667500000,1667520458,20458
29352,1667550000,1667570458,20458
29353,1667600000,1667620458,20458
29354,1667650000,1667670458,20458
29355,1667700000,1667720458,20458
29356,1667750000,1667770458,20458
29357,1667800000,1667820458,20458
29358,1667850000,1667870458,20458
29359,1667900000,1667920458,20458
29360,1667950000,1667970458,20458
29361,1668000000,1668020458,20458
29362,1668050000,1668070458,20458
29363,1668100000,1668120458,20458
29364,1668150000,1668170458,20458
29365,1668200000,1668220458,20458
29366,1668250000,1668270458,20458
29367,1668300000,1668320458,20458
29368,1668350000,1668370458,20458
29369,1668400000,1668420458,20458
29370,1668450000,1668470458,20458
29371,1668500000,1668520458,20458
29372,1668550000,1668570458,20458
29373,1668600000,1668620458,20458
29374,1668650000,1668670458,20458
29375,1668700000,1668720458,20458
29376,1668750000,1668770458,20458
29377,1668800000,1668820458,20458
29378,1668850000,1668870458,20458
29379,1668900000,1668920458,20458
29380,1668950000,1668970458,20458
29381,1669000000,1669020458,20458
29382,1669050000,1669070458,20458
29383,1669100000,1669120458,20458
29384,1669150000,1669170458,20458
29385,1669200000,1669220458,20458
29386,1669250000,1669270458,20458
29387,1669300000,1669320458,20458
29388,1669350000,1669370458,20458
29389,1669400000,1669420458,20458
29390,1669450000,1669470458,20458
29391,1669500000,1669520458,20458
29392,1669550000,1669570458,20458
29393,1669600000,1669620458,20458
29394,1669650000,1669670458,20458
29395,1669700000,1669720458,20458
29396,1669750000,1669770458,20458
29397,1669800000,1669820458,20458
29398,1669850000,1669870458,20458
29399,1669900000,1669920458,20458
29400,1669950000,1669970458,20458
29401,1670000000,1670020458,20458
29402,1670050000,1670070458,20458
29403,1670100000,1670120458,20458
29404,1670150000,1670170458,20458
29405,1670200000,1670220458,20458
29406,1670250000,1670270458,20458
29407,1670300000,1670320458,20458
29408,1670350000,1670370458,20458
29409,1670400000,1670420458,20458
29410,1670450000,1670470458,20458
29411,1670500000,1670520458,20458
29412,1670550000,1670570458,20458
29413,1670600000,1670620458,20458
29414,1670650000,1670670458,20458
29415,1670700000,1670720458,20458
29416,1670750000,1670770458,20458
29417,1670800000,1670820458,20458
29418,1670850000,1670870458,20458
29419,1670900000,1670920458,20458
29420,1670950000,1670970458,20458
29421,1671000000,1671020458,20458
29422,1671050000,1671070458,20458
29423,1671100000,1671120458,20458
29424,1671150000,1671170458,20458
29425,1671200000,1671220458,20458
29426,1671250000,1671270458,20458
29427,1671300000,1671320458,20458
29428,1671350000,1671370458,20458
29429,1671400000,1671420458,20458
29430,1671450000,1671470458,20458
29431,1671500000,1671520458,20458
29432,1671550000,1671570458,20458
29433,1671600000,1671620458,20458
29434,1671650000,1671670458,20458
29435,1671700000,1671720458,20458
29436,1671750000,1671770458,20458
29437,1671800000,1671820458,20458
29438,1671850000,1671870458,20458
29439,1671900000,1671920458,20458
29440,1671950000,1671970458,20458
29441,1672000000,1672020458,20458
29442,1672050000,1672070458,20458
29443,1672100000,1672120458,20458
29444,1672150000,1672170458,20458
29445,1672200000,1672220458,20458
29446,1672250000,1672270458,20458
29447,1672300000,1672320458,20458
29448,1672350000,1672370458,20458
29449,1672400000,1672420458,20458
29450,1672450000,1672470458,20458
29451,1672500000,1672520458,20458
29452,1672550000,1672570458,20458
29453,1672600000,1672620458,20458
29454,1672650000,1672670458,20458
29455,1672700000,1672720458,20458
29456,1672750000,1672770458,20458
29457,1672800000,1672820458,20458
29458,1672850000,1672870458,20458
29459,1672900000,1672920458,20458
29460,1672950000,1672970458,20458
29461,1673000000,1673020458,20458
29462,1673050000,1673070458,20458
29463,1673100000,1673120458,20458
29464,1673150000,1673170458,20458
29465,1673200000,1673220458,20458
29466,1673250000,1673270458,20458
29467,1673300000,1673320458,20458
29468,1673350000,1673370458,20458
29469,1673400000,1673420458,20458
29470,1673450000,1673470458,20458
29471,1673500000,1673520458,20458
29472,1673550000,1673570458,20458
29473,1673600000,1673620458,20458
29474,1673650000,1673670458,20458
29475,1673700000,1673720458,20458
29476,1673750000,1673770458,20458
29477,1673800000,1673820458,20458
29478,1673850000,1673870458,20458
29479,1673900000,1673920458,20458
29480,1673950000,1673970458,20458
29481,1674000000,1674020458,20458
29482,1674050000,1674070458,20458
29483,1674100000,1674120458,20458
29484,1674150000,1674170458,20458
29485,1674200000,1674220458,20458
29486,1674250000,1674270458,20458
29487,1674300000,1674320458,20458
29488,1674350000,1674370458,20458
29489,1674400000,1674420458,20458
29490,1674450000,1674470458,20458
29491,1674500000,1674520458,20458
29492,1674550000,1674570458,20458
29493,1674600000,1674620458,20458
29494,1674650000,1674670458,20458
29495,1674700000,1674720458,20458
29496,1674750000,1674770458,20458
29497,1674800000,1674820458,20458
29498,1674850000,1674870458,20458
29499,1674900000,1674920458,20458
29500,1674950000,1674970458,20458
29501,1675000000,1675020458,20458
29502,1675050000,1675070458,20458
29503,1675100000,1675120458,20458
29504,1675150000,1675170458,20458
29505,1675200000,1675220458,20458
29506,1675250000,1675270458,20458
29507,1675300000,1675320458,20458
29508,1675350000,1675370458,20458
29509,1675400000,1675420458,20458
29510,1675450000,1675470458,20458
29511,1675500000,1675520458,20458
29512,1675550000,1675570458,20458
29513,1675600000,1675620458,20458
29514,1675650000,1675670458,20458
29515,1675700000,1675720458,20458
29516,1675750000,1675770458,20458
29517,1675800000,1675820458,20458
29518,1675850000,1675870458,20458
29519,1675900000,1675920458,20458
29520,1675950000,1675970458,20458
29521,1676000000,1676020458,20458
29522,1676050000,1676070458,20458
29523,1676100000,1676120458,20458
29524,1676150000,1676170458,20458
29525,1676200000,1676220458,20458
29526,1676250000,1676270458,20458
29527,1676300000,1676320458,20458
29528,1676350000,1676370458,20458
29529,1676400000,1676420458,20458
29530,1676450000,1676470458,20458
29531,1676500000,1676520458,20458
29532,1676550000,1676570458,20458
29533,1676600000,1676620458,20458
29534,1676650000,1676670458,20458
29535,1676700000,1676720458,20458
29536,1676750000,1676770458,20458
29537,1676800000,1676820458,20458
29538,1676850000,1676870458,20458
29539,1676900000,1676920458,20458
29540,1676950000,1676970458,20458
29541,1677000000,1677020458,20458
29542,1677050000,1677070458,20458
29543,1677100000,1677120458,20458
29544,1677150000,1677170458,20458
29545,1677200000,1677220458,20458
29546,1677250000,1677270458,20458
29547,1677300000,1677320458,20458
29548,1677350000,1677370458,20458
29549,1677400000,1677420458,20458
29550,1677450000,1677470458,20458
29551,1677500000,1677520458,20458
29552,1677550000,1677570458,20458
29553,1677600000,1677620458,20458
29554,1677650000,1677670458,20458
29555,1677700000,1677720458,20458
29556,1677750000,1677770458,20458
29557,1677800000,1677820458,20458
29558,1677850000,1677870458,20458
29559,1677900000,1677920458,20458
29560,1677950000,1677970458,20458
29561,1678000000,1678020458,20458
29562,1678050000,1678070458,20458
29563,1678100000,1678120458,20458
29564,1678150000,1678170458,20458
29565,1678200000,1678220458,20458
29566,1678250000,1678270458,20458
29567,1678300000,1678320458,20458
29568,1678350000,1678370458,20458
29569,1678400000,1678420458,20458
29570,1678450000,1678470458,20458
29571,1678500000,1678520458,20458
29572,1678550000,1678570458,20458
29573,1678600000,1678620458,20458
29574,1678650000,1678670458,20458
29575,1678700000,1678720458,20458
29576,1678750000,1678770458,20458
29577,1678800000,1678820458,20458
29578,1678850000,1678870458,20458
29579,1678900000,1678920458,20458
29580,1678950000,1678970458,20458
29581,1679000000,1679020458,20458
29582,1679050000,1679070458,20458
29583,1679100000,1679120458,20458
29584,1679150000,1679170458,20458
29585,1679200000,1679220458,20458
29586,1679250000,1679270458,20458
29587,1679300000,1679320458,20458
29588,1679350000,1679370458,20458
29589,1679400000,1679420458,20458
29590,1679450000,1679470458,20458
29591,1679500000,1679520458,20458
29592,1679550000,1679570458,20458
29593,1679600000,1679620458,20458
29594,1679650000,1679670458,20458
29595,1679700000,1679720458,20458
29596,1679750000,1679770458,20458
29597,1679800000,1679820458,20458
29598,1679850000,1679870458,20458
29599,1679900000,1679920458,20458
29600,1679950000,1679970458,20458
29601,1680000000,1680020458,20458
29602,1680050000,1680070458,20458
29603,1680100000,1680120458,20458
29604,1680150000,1680170458,20458
29605,1680200000,1680220458,20458
29606,1680250000,1680270458,20458
29607,1680300000,1680320458,20458
29608,1680350000,1680370458,20458
29609,1680400000,1680420458,20458
29610,1680450000,1680470458,20458
29611,1680500000,1680520458,20458
29612,1680550000,1680570458,20458
29613,1680600000,1680620458,20458
29614,1680650000,1680670458,20458
29615,1680700000,1680720458,20458
29616,1680750000,1680770458,20458
29617,1680800000,1680820458,20458
29618,1680850000,1680870458,20458
29619,1680900000,1680920458,20458
29620,1680950000,1680970458,20458
29621,1681000000,1681020458,20458
29622,1681050000,1681070458,20458
29623,1681100000,1681120458,20458
29624,1681150000,1681170458,20458
29625,1681200000,1681220458,20458
29626,1681250000,1681270458,20458
29627,1681300000,1681320458,20458
29628,1681350000,1681370458,20458
29629,1681400000,1681420458,20458
29630,1681450000,1681470458,20458
29631,1681500000,1681520458,20458
29632,1681550000,1681570458,20458
29633,1681600000,1681620458,20458
29634,1681650000,1681670458,20458
29635,1681700000,1681720458,20458
29636,1681750000,1681770458,20458
29637,1681800000,1681820458,20458
29638,1681850000,1681870458,20458
29639,1681900000,1681920458,20458
29640,1681950000,1681970458,20458
29641,1682000000,1682020458,20458
29642,1682050000,1682070458,20458
29643,1682100000,1682120458,20458
29644,1682150000,1682170458,20458
29645,1682200000,1682220458,20458
29646,1682250000,1682270458,20458
29647,1682300000,1682320458,20458
29648,1682350000,1682370458,20458
29649,1682400000,1682420458,20458
29650,1682450000,1682470458,20458
29651,1682500000,1682520458,20458
29652,1682550000,1682570458,20458
29653,1682600000,1682620458,20458
29654,1682650000,1682670458,20458
29655,1682700000,1682720458,20458
29656,1682750000,1682770458,20458
29657,1682800000,1682820458,20458
29658,1682850000,1682870458,20458
29659,1682900000,1682920458,20458
29660,1682950000,1682970458,20458
29661,1683000000,1683020458,20458
29662,1683050000,1683070458,20458
29663,1683100000,1683120458,20458
29664,1683150000,1683170458,20458
29665,1683200000,1683220458,20458
29666,1683250000,1683270458,20458
29667,1683300000,1683320458,20458
29668,1683350000,1683370458,20458
29669,1683400000,1683420458,20458
29670,1683450000,1683470458,20458
29671,1683500000,1683520458,20458
29672,1683550000,1683570458,20458
29673,1683600000,1683620458,20458
29674,1683650000,1683670458,20458
29675,1683700000,1683720458,20458
29676,1683750000,1683770458,20458
29677,1683800000,1683820458,20458
29678,1683850000,1683870458,20458
29679,1683900000,1683920458,20458
29680,1683950000,1683970458,20458
29681,1684000000,1684020458,20458
29682,1684050000,1684070458,20458
29683,1684100000,1684120458,20458
29684,1684150000,1684170458,20458
29685,1684200000,1684220458,20458
29686,1684250000,1684270458,20458
29687,1684300000,1684320458,20458
29688,1684350000,1684370458,20458
29689,1684400000,1684420458,20458
29690,1684450000,1684470458,20458
29691,1684500000,1684520458,20458
29692,1684550000,1684570458,20458
29693,1684600000,1684620458,20458
29694,1684650000,1684670458,20458
29695,1684700000,1684720458,20458
29696,1684750000,1684770458,20458
29697,1684800000,1684820458,20458
29698,1684850000,1684870458,20458
29699,1684900000,1684920458,20458
29700,1684950000,1684970458,20458
29701,1685000000,1685020458,20458
29702,1685050000,1685070458,20458
29703,1685100000,1685120458,20458
29704,1685150000,1685170458,20458
29705,1685200000,1685220458,20458
29706,1685250000,1685270458,20458
29707,1685300000,1685320458,20458
29708,1685350000,1685370458,20458
29709,1685400000,1685420458,20458
29710,1685450000,1685470458,20458
29711,1685500000,1685520458,20458
29712,1685550000,1685570458,20458
29713,1685600000,1685620458,20458
29714,1685650000,1685670458,20458
29715,1685700000,1685720458,20458
29716,1685750000,1685770458,20458
29717,1685800000,1685820458,20458
29718,1685850000,1685870458,20458
29719,1685900000,1685920458,20458
29720,1685950000,1685970458,20458
29721,1686000000,1686020458,20458
29722,1686050000,1686070458,20458
29723,1686100000,1686120458,20458
29724,1686150000,1686170458,20458
29725,1686200000,1686220458,20458
29726,1686250000,1686270458,20458
29727,1686300000,1686320458,20458
29728,1686350000,1686370458,20458
29729,1686400000,1686420458,20458
29730,1686450000,1686470458,20458
29731,1686500000,1686520458,20458
29732,1686550000,1686570458,20458
29733,1686600000,1686620458,20458
29734,1686650000,1686670458,20458
29735,1686700000,1686720458,20458
29736,1686750000,1686770458,20458
29737,1686800000,1686820458,20458
29738,1686850000,1686870458,20458
29739,1686900000,1686920458,20458
29740,1686950000,1686970458,20458
29741,1687000000,1687020458,20458
29742,1687050000,1687070458,20458
29743,1687100000,1687120458,20458
29744,1687150000,1687170458,20458
29745,1687200000,1687220458,20458
29746,1687250000,1687270458,20458
29747,1687300000,1687320458,20458
29748,1687350000,1687370458,20458
29749,1687400000,1687420458,20458
29750,1687450000,1687470458,20458
29751,1687500000,1687520458,20458
29752,1687550000,1687570458,20458
29753,1687600000,1687620458,20458
29754,1687650000,1687670458,20458
29755,1687700000,1687720458,20458
29756,1687750000,1687770458,20458
29757,1687800000,1687820458,20458
29758,1687850000,1687870458,20458
29759,1687900000,1687920458,20458
29760,1687950000,1687970458,20458
29761,1688000000,1688020458,20458
29762,1688050000,1688070458,20458
29763,1688100000,1688120458,20458
29764,1688150000,1688170458,20458
29765,1688200000,1688220458,20458
29766,1688250000,1688270458,20458
29767,1688300000,1688320458,20458
29768,1688350000,1688370458,20458
29769,1688400000,1688420458,20458
29770,1688450000,1688470458,20458
29771,1688500000,1688520458,20458
29772,1688550000,1688570458,20458
29773,1688600000,1688620458,20458
29774,1688650000,1688670458,20458
29775,1688700000,1688720458,20458
29776,1688750000,1688770458,20458
29777,1688800000,1688820458,20458
29778,1688850000,1688870458,20458
29779,1688900000,1688920458,20458
29780,1688950000,1688970458,20458
29781,1689000000,1689020458,20458
29782,1689050000,1689070458,20458
29783,1689100000,1689120458,20458
29784,1689150000,1689170458,20458
29785,1689200000,1689220458,20458
29786,1689250000,1689270458,20458
29787,1689300000,1689320458,20458
29788,1689350000,1689370458,20458
29789,1689400000,1689420458,20458
29790,1689450000,1689470458,20458
29791,1689500000,1689520458,20458
29792,1689550000,1689570458,20458
29793,1689600000,1689620458,20458
29794,1689650000,1689670458,20458
29795,1689700000,1689720458,20458
29796,1689750000,1689770458,20458
29797,1689800000,1689820458,20458
29798,1689850000,1689870458,20458
29799,1689900000,1689920458,20458
29800,1689950000,1689970458,20458
29801,1690000000,1690020458,20458
29802,1690050000,1690070458,20458
29803,1690100000,1690120458,20458
29804,1690150000,1690170458,20458
29805,1690200000,1690220458,20458
29806,1690250000,1690270458,20458
29807,1690300000,1690320458,20458
29808,1690350000,1690370458,20458
29809,1690400000,1690420458,20458
29810,1690450000,1690470458,20458
29811,1690500000,1690520458,20458
29812,1690550000,1690570458,20458
29813,1690600000,1690620458,20458
29814,1690650000,1690670458,20458
29815,1690700000,1690720458,20458
29816,1690750000,1690770458,20458
29817,1690800000,1690820458,20458
29818,1690850000,1690870458,20458
29819,1690900000,1690920458,20458
29820,1690950000,1690970458,20458
29821,1691000000,1691020458,20458
29822,1691050000,1691070458,20458
29823,1691100000,1691120458,20458
29824,1691150000,1691170458,20458
29825,1691200000,1691220458,20458
29826,1691250000,1691270458,20458
29827,1691300000,1691320458,20458
29828,1691350000,1691370458,20458
29829,1691400000,1691420458,20458
29830,1691450000,1691470458,20458
29831,1691500000,1691520458,20458
29832,1691550000,1691570458,20458
29833,1691600000,1691620458,20458
29834,1691650000,1691670458,20458
29835,1691700000,1691720458,20458
29836,1691750000,1691770458,20458
29837,1691800000,1691820458,20458
29838,1691850000,1691870458,20458
29839,1691900000,1691920458,20458
29840,1691950000,1691970458,20458
29841,1692000000,1692020458,20458
29842,1692050000,1692070458,20458
29843,1692100000,1692120458,20458
29844,1692150000,1692170458,20458
29845,1692200000,1692220458,20458
29846,1692250000,1692270458,20458
29847,1692300000,1692320458,20458
29848,1692350000,1692370458,20458
29849,1692400000,1692420458,20458
29850,1692450000,1692470458,20458
29851,1692500000,1692520458,20458
29852,1692550000,1692570458,20458
29853,1692600000,1692620458,20458
29854,1692650000,1692670458,20458
29855,1692700000,1692720458,20458
29856,1692750000,1692770458,20458
29857,1692800000,1692820458,20458
29858,1692850000,1692870458,20458
29859,1692900000,1692920458,20458
29860,1692950000,1692970458,20458
29861,1693000000,1693020458,20458
29862,1693050000,1693070458,20458
29863,1693100000,1693120458,20458
29864,1693150000,1693170458,20458
29865,1693200000,1693220458,20458
29866,1693250000,1693270458,20458
29867,1693300000,1693320458,20458
29868,1693350000,1693370458,20458
29869,1693400000,1693420458,20458
29870,1693450000,1693470458,20458
29871,1693500000,1693520458,20458
29872,1693550000,1693570458,20458
29873,1693600000,1693620458,20458
29874,1693650000,1693670458,20458
29875,1693700000,1693720458,20458
29876,1693750000,1693770458,20458
29877,1693800000,1693820458,20458
29878,1693850000,1693870458,20458
29879,1693900000,1693920458,20458
29880,1693950000,1693970458,20458
29881,1694000000,1694020458,20458
29882,1694050000,1694070458,20458
29883,1694100000,1694120458,20458
29884,1694150000,1694170458,20458
29885,1694200000,1694220458,20458
29886,1694250000,1694270458,20458
29887,1694300000,1694320458,20458
29888,1694350000,1694370458,20458
29889,1694400000,1694420458,20458
29890,1694450000,1694470458,20458
29891,1694500000,1694520458,20458
29892,1694550000,1694570458,20458
29893,1694600000,1694620458,20458
29894,1694650000,1694670458,20458
29895,1694700000,1694720458,20458
29896,1694750000,1694770458,20458
29897,1694800000,1694820458,20458
29898,1694850000,1694870458,20458
29899,1694900000,1694920458,20458
29900,1694950000,1694970458,20458
29901,1695000000,1695020458,20458
29902,1695050000,1695070458,20458
29903,1695100000,1695120458,20458
29904,1695150000,1695170458,20458
29905,1695200000,1695220458,20458
29906,1695250000,1695270458,20458
29907,1695300000,1695320458,20458
29908,1695350000,1695370458,20458
29909,1695400000,1695420458,20458
29910,1695450000,1695470458,20458
29911,1695500000,1695520458,20458
29912,1695550000,1695570458,20458
29913,1695600000,1695620458,20458
29914,1695650000,1695670458,20458
29915,1695700000,1695720458,20458
29916,1695750000,1695770458,20458
29917,1695800000,1695820458,20458
29918,1695850000,1695870458,20458
29919,1695900000,1695920458,20458
29920,1695950000,1695970458,20458
29921,1696000000,1696020458,20458
29922,1696050000,1696070458,20458
29923,1696100000,1696120458,20458
29924,1696150000,1696170458,20458
29925,1696200000,1696220458,20458
29926,1696250000,1696270458,20458
29927,1696300000,1696320458,20458
29928,1696350000,1696370458,20458
29929,1696400000,1696420458,20458
29930,1696450000,1696470458,20458
29931,1696500000,1696520458,20458
29932,1696550000,1696570458,20458
29933,1696600000,1696620458,20458
29934,1696650000,1696670458,20458
29935,1696700000,1696720458,20458
29936,1696750000,1696770458,20458
29937,1696800000,1696820458,20458
29938,1696850000,1696870458,20458
29939,1696900000,1696920458,20458
29940,1696950000,1696970458,20458
29941,1697000000,1697020458,20458
29942,1697050000,1697070458,20458
29943,1697100000,1697120458,20458
29944,1697150000,1697170458,20458
29945,1697200000,1697220458,20458
29946,1697250000,1697270458,20458
29947,1697300000,1697320458,20458
29948,1697350000,1697370458,20458
29949,1697400000,1697420458,20458
29950,1697450000,1697470458,20458
29951,1697500000,1697520458,20458
29952,1697550000,1697570458,20458
29953,1697600000,1697620458,20458
29954,1697650000,1697670458,20458
29955,1697700000,1697720458,20458
29956,1697750000,1697770458,20458
29957,1697800000,1697820458,20458
29958,1697850000,1697870458,20458
29959,1697900000,1697920458,20458
29960,1697950000,1697970458,20458
29961,1698000000,1698020458,20458
29962,1698050000,1698070458,20458
29963,1698100000,1698120458,20458
29964,1698150000,1698170458,20458
29965,1698200000,1698220458,20458
29966,1698250000,1698270458,20458
29967,1698300000,1698320458,20458
29968,1698350000,1698370458,20458
29969,1698400000,1698420458,20458
29970,1698450000,1698470458,20458
29971,1698500000,1698520458,20458
29972,1698550000,1698570458,20458
29973,1698600000,1698620458,20458
29974,1698650000,1698670458,20458
29975,1698700000,1698720458,20458
29976,1698750000,1698770458,20458
29977,1698800000,1698820458,20458
29978,1698850000,1698870458,20458
29979,1698900000,1698920458,20458
29980,1698950000,1698970458,20458
29981,1699000000,1699020458,20458
29982,1699050000,1699070458,20458
29983,1699100000,1699120458,20458
29984,1699150000,1699170458,20458
29985,1699200000,1699220458,20458
29986,1699250000,1699270458,20458
29987,1699300000,1699320458,20458
29988,1699350000,1699370458,20458
29989,1699400000,1699420458,20458
29990,1699450000,1699470458,20458
29991,1699500000,1699520458,20458
29992,1699550000,1699570458,20458
29993,1699600000,1699620458,20458
29994,1699650000,1699670458,20458
29995,1699700000,1699720458,20458
29996,1699750000,1699770458,20458
29997,1699800000,1699820458,20458
29998,1699850000,1699870458,20458
29999,1699900000,1699920458,20458
30000,1699950000,1699970458,20458
